customer_id,total_spent,previous_purchases,avg_order_value,product_views,add_to_cart,session_duration,days_since_last_purchase_capped,customer_lifetime_value,sessions,purchase_rate,cluster,segment
CUST100000,0.0,0,0.0,3.0,0.0,2.54,400,93.49,1,0.0,2,At-Risk Customers
CUST100001,4287.69,4,1071.9225,2.0,0.0,6.9,357,6608.61,1,0.0,3,High Value Customers
CUST100002,2843.0,1,2843.0,2.0,0.0,7.36,362,3612.43,1,0.0,0,Potential Customers
CUST100003,2712.47,1,2712.47,2.0,0.0,3.83,166,3178.14,1,0.0,0,Potential Customers
CUST100004,4980.2,3,1660.0666666666666,1.0,0.0,4.49,64,6056.93,1,0.0,3,High Value Customers
CUST100005,0.0,0,0.0,2.0,0.0,1.34,400,0.0,1,0.0,2,At-Risk Customers
CUST100006,3882.03,2,1941.015,3.0,0.0,3.09,130,4807.84,1,0.0,0,Potential Customers
CUST100007,7893.74,3,2631.2466666666664,3.0,0.0,0.76,59,11220.39,1,0.0,3,High Value Customers
CUST100008,0.0,0,0.0,5.0,0.0,7.14,400,0.0,1,1.0,2,At-Risk Customers
CUST100009,872.34,1,872.34,8.0,2.0,19.3,346,1483.43,1,0.0,1,Loyal Customers
CUST100010,0.0,0,0.0,1.0,0.0,2.79,400,124.68,1,0.0,2,At-Risk Customers
CUST100011,2514.85,1,2514.85,2.0,1.0,4.76,97,3259.27,1,0.0,0,Potential Customers
CUST100012,1752.66,1,1752.66,3.0,0.0,5.43,316,2127.35,1,0.0,0,Potential Customers
CUST100013,1929.41,1,1929.41,1.0,0.0,1.83,232,2778.74,1,0.0,0,Potential Customers
CUST100014,0.0,0,0.0,0.0,0.0,3.7,400,0.0,1,0.0,2,At-Risk Customers
CUST100015,6841.28,2,3420.64,2.0,0.0,5.63,248,9626.3,1,0.0,3,High Value Customers
CUST100016,4327.01,2,2163.505,3.0,0.0,4.56,259,5700.61,1,0.0,0,Potential Customers
CUST100017,1535.0,1,1535.0,4.0,0.0,4.23,364,2110.41,1,0.0,0,Potential Customers
CUST100018,2081.25,1,2081.25,2.0,0.0,3.3,103,2577.92,1,0.0,0,Potential Customers
CUST100019,1807.8,2,903.9,1.0,0.0,2.29,186,2997.56,1,0.0,0,Potential Customers
CUST100020,4043.89,3,1347.9633333333334,2.0,0.0,6.51,104,5680.96,1,0.0,0,Potential Customers
CUST100021,0.0,0,0.0,5.0,0.0,13.91,400,0.0,1,0.0,2,At-Risk Customers
CUST100022,9908.39,4,2477.0975,4.0,0.0,1.0,136,12052.13,1,0.0,3,High Value Customers
CUST100023,0.0,0,0.0,1.0,0.0,0.9,400,47.68,1,0.0,2,At-Risk Customers
CUST100024,0.0,0,0.0,1.0,0.0,1.73,400,0.0,1,0.0,2,At-Risk Customers
CUST100025,5551.11,2,2775.555,3.0,0.0,2.98,289,6900.91,1,0.0,3,High Value Customers
CUST100026,1186.39,1,1186.39,1.0,1.0,3.38,242,1590.64,1,0.0,0,Potential Customers
CUST100027,575.98,2,287.99,2.0,3.0,4.43,6,1266.45,1,1.0,1,Loyal Customers
CUST100028,1031.31,1,1031.31,5.0,0.0,4.27,216,1492.71,1,0.0,0,Potential Customers
CUST100029,0.0,0,0.0,5.0,0.0,3.68,400,0.0,1,1.0,2,At-Risk Customers
CUST100030,6266.99,2,3133.495,1.0,0.0,9.88,70,8030.06,1,0.0,3,High Value Customers
CUST100031,3514.96,4,878.74,1.0,0.0,2.12,68,5200.9,1,0.0,3,High Value Customers
CUST100032,2592.84,1,2592.84,1.0,0.0,7.65,102,3415.27,1,0.0,0,Potential Customers
CUST100033,4368.82,2,2184.41,8.0,3.0,16.27,143,5230.47,1,1.0,1,Loyal Customers
CUST100034,0.0,0,0.0,3.0,0.0,1.45,400,10.69,1,0.0,2,At-Risk Customers
CUST100035,10578.72,4,2644.68,0.0,0.0,1.04,242,12402.12,1,0.0,3,High Value Customers
CUST100036,1569.77,1,1569.77,3.0,0.0,4.62,203,1900.1,1,0.0,0,Potential Customers
CUST100037,2256.84,1,2256.84,2.0,0.0,6.38,249,3094.33,1,0.0,0,Potential Customers
CUST100038,0.0,0,0.0,2.0,0.0,4.16,400,0.0,1,0.0,2,At-Risk Customers
CUST100039,0.0,0,0.0,1.0,0.0,0.92,400,0.0,1,0.0,2,At-Risk Customers
CUST100040,4348.91,2,2174.455,2.0,0.0,1.25,42,5223.61,1,0.0,0,Potential Customers
CUST100041,0.0,0,0.0,4.0,0.0,2.84,400,67.0,1,0.0,2,At-Risk Customers
CUST100042,3068.03,2,1534.015,1.0,3.0,5.43,297,3870.48,1,1.0,1,Loyal Customers
CUST100043,299.26,1,299.26,0.0,0.0,3.16,256,733.06,1,0.0,2,At-Risk Customers
CUST100044,0.0,0,0.0,2.0,0.0,4.71,400,0.0,1,0.0,2,At-Risk Customers
CUST100045,1147.47,1,1147.47,1.0,0.0,4.62,258,1562.26,1,0.0,0,Potential Customers
CUST100046,5491.42,2,2745.71,2.0,0.0,7.78,342,6983.0,1,0.0,3,High Value Customers
CUST100047,3770.37,2,1885.185,3.0,0.0,23.312000000000044,337,5312.64,1,1.0,0,Potential Customers
CUST100048,0.0,0,0.0,1.0,0.0,4.31,400,0.0,1,0.0,2,At-Risk Customers
CUST100049,4055.03,2,2027.515,2.0,0.0,11.1,145,5760.01,1,0.0,0,Potential Customers
CUST100050,0.0,0,0.0,1.0,0.0,2.33,400,64.16,1,0.0,2,At-Risk Customers
CUST100051,0.0,0,0.0,1.0,0.0,2.61,400,0.0,1,0.0,2,At-Risk Customers
CUST100052,4691.53,2,2345.765,1.0,0.0,4.31,233,6646.34,1,0.0,3,High Value Customers
CUST100053,0.0,0,0.0,1.0,0.0,1.93,400,47.97,1,1.0,2,At-Risk Customers
CUST100054,0.0,0,0.0,2.0,0.0,1.79,400,0.0,1,0.0,2,At-Risk Customers
CUST100055,3786.76,2,1893.38,3.0,0.0,3.18,261,4305.22,1,0.0,0,Potential Customers
CUST100056,0.0,0,0.0,2.0,0.0,3.42,400,0.0,1,0.0,2,At-Risk Customers
CUST100057,1395.99,2,697.995,2.0,0.0,6.86,29,2414.29,1,0.0,0,Potential Customers
CUST100058,8438.45,3,2812.816666666667,1.0,0.0,2.16,23,10954.73,1,0.0,3,High Value Customers
CUST100059,8584.94,4,2146.235,3.0,0.0,4.14,341,11630.71,1,1.0,3,High Value Customers
CUST100060,0.0,0,0.0,1.0,0.0,9.62,400,4.85,1,1.0,2,At-Risk Customers
CUST100061,3776.22,2,1888.11,3.0,0.0,9.23,228,4573.76,1,0.0,0,Potential Customers
CUST100062,4685.28,2,2342.64,1.0,0.0,3.75,22,6800.9,1,0.0,3,High Value Customers
CUST100063,0.0,0,0.0,3.0,1.0,4.63,400,0.0,1,0.0,2,At-Risk Customers
CUST100064,0.0,0,0.0,1.0,0.0,2.15,400,116.78,1,0.0,2,At-Risk Customers
CUST100065,5419.29,2,2709.645,4.0,0.0,4.96,3,7044.53,1,0.0,3,High Value Customers
CUST100066,0.0,0,0.0,2.0,0.0,11.84,400,39.27,1,0.0,2,At-Risk Customers
CUST100067,7196.99,3,2398.9966666666664,2.0,0.0,10.07,25,10385.93,1,0.0,3,High Value Customers
CUST100068,6369.09,2,3184.545,1.0,0.0,4.02,196,8998.45,1,0.0,3,High Value Customers
CUST100069,1593.7,1,1593.7,2.0,0.0,5.17,95,2074.8,1,0.0,0,Potential Customers
CUST100070,0.0,0,0.0,0.0,0.0,2.42,400,0.0,1,0.0,2,At-Risk Customers
CUST100071,1906.44,1,1906.44,1.0,0.0,2.12,220,2458.62,1,1.0,0,Potential Customers
CUST100072,2582.17,1,2582.17,3.0,0.0,3.14,185,3730.02,1,0.0,0,Potential Customers
CUST100073,1158.84,1,1158.84,3.0,0.0,4.9,156,1708.17,1,0.0,0,Potential Customers
CUST100074,1682.8,1,1682.8,2.0,0.0,6.72,347,2071.14,1,0.0,0,Potential Customers
CUST100075,1638.64,1,1638.64,1.0,0.0,3.84,95,2003.83,1,0.0,0,Potential Customers
CUST100076,1888.06,2,944.03,6.0,1.0,5.52,125,2639.03,1,0.0,0,Potential Customers
CUST100077,1547.73,1,1547.73,1.0,0.0,0.76,248,2013.54,1,0.0,0,Potential Customers
CUST100078,0.0,0,0.0,0.0,0.0,4.57,400,38.65,1,0.0,2,At-Risk Customers
CUST100079,329.41,1,329.41,0.0,0.0,2.63,56,503.25,1,0.0,0,Potential Customers
CUST100080,570.64,2,285.32,4.0,0.0,1.69,335,1307.4,1,0.0,2,At-Risk Customers
CUST100081,6600.46,3,2200.153333333333,2.0,0.0,5.57,14,8274.16,1,0.0,3,High Value Customers
CUST100082,0.0,0,0.0,3.0,0.0,11.17,400,115.36,1,0.0,2,At-Risk Customers
CUST100083,0.0,0,0.0,2.0,0.0,4.02,400,302.49,1,0.0,2,At-Risk Customers
CUST100084,321.24,1,321.24,3.0,0.0,7.51,354,608.68,1,0.0,2,At-Risk Customers
CUST100085,2113.48,1,2113.48,2.0,0.0,3.03,184,2871.32,1,0.0,0,Potential Customers
CUST100086,489.26,1,489.26,4.0,1.0,17.06,143,667.86,1,1.0,0,Potential Customers
CUST100087,4019.91,2,2009.955,2.0,0.0,1.35,327,5011.52,1,0.0,0,Potential Customers
CUST100088,6593.2,3,2197.733333333333,0.0,0.0,3.78,176,9428.17,1,1.0,3,High Value Customers
CUST100089,0.0,0,0.0,4.0,1.0,6.86,400,8.13,1,1.0,2,At-Risk Customers
CUST100090,0.0,0,0.0,1.0,0.0,3.97,400,0.0,1,0.0,2,At-Risk Customers
CUST100091,2231.23,1,2231.23,2.0,0.0,10.63,190,2856.94,1,0.0,0,Potential Customers
CUST100092,1348.64,1,1348.64,0.0,0.0,0.95,110,1525.72,1,0.0,0,Potential Customers
CUST100093,328.29,1,328.29,1.0,0.0,3.75,297,717.0,1,0.0,2,At-Risk Customers
CUST100094,1757.41,2,878.705,4.0,0.0,3.41,19,2868.52,1,1.0,0,Potential Customers
CUST100095,432.85,1,432.85,1.0,0.0,3.75,158,855.68,1,1.0,0,Potential Customers
CUST100096,1032.68,1,1032.68,5.0,0.0,1.34,50,1311.86,1,0.0,0,Potential Customers
CUST100097,0.0,0,0.0,1.0,0.0,3.31,400,28.8,1,0.0,2,At-Risk Customers
CUST100098,0.0,0,0.0,2.0,0.0,3.2,400,0.0,1,0.0,2,At-Risk Customers
CUST100099,6615.74,2,3307.87,3.0,1.0,4.81,323,9147.29,1,1.0,3,High Value Customers
CUST100100,0.0,0,0.0,2.0,0.0,8.75,400,121.54,1,0.0,2,At-Risk Customers
CUST100101,0.0,0,0.0,5.0,0.0,4.38,400,154.16,1,0.0,2,At-Risk Customers
CUST100102,0.0,0,0.0,1.0,3.0,5.43,400,117.53,1,0.0,1,Loyal Customers
CUST100103,2926.83,1,2926.83,1.0,3.0,9.78,262,3639.09,1,0.0,1,Loyal Customers
CUST100104,6267.64,3,2089.2133333333336,6.0,0.0,9.32,52,8398.84,1,0.0,3,High Value Customers
CUST100105,1462.08,1,1462.08,1.0,0.0,0.76,235,2406.65,1,0.0,0,Potential Customers
CUST100106,5600.91,3,1866.97,1.0,0.0,7.09,50,7590.97,1,1.0,3,High Value Customers
CUST100107,2706.69,1,2706.69,3.0,0.0,7.06,129,3511.12,1,1.0,0,Potential Customers
CUST100108,0.0,0,0.0,2.0,0.0,3.38,400,188.11,1,0.0,2,At-Risk Customers
CUST100109,0.0,0,0.0,1.0,0.0,2.94,400,279.56,1,0.0,2,At-Risk Customers
CUST100110,2900.72,2,1450.36,0.0,0.0,1.84,284,4143.78,1,0.0,0,Potential Customers
CUST100111,7582.63,3,2527.5433333333335,2.0,0.0,1.04,354,9174.52,1,0.0,3,High Value Customers
CUST100112,5420.51,2,2710.255,1.0,0.0,7.35,186,7069.87,1,0.0,3,High Value Customers
CUST100113,315.06,1,315.06,3.0,0.0,6.93,54,864.0,1,0.0,0,Potential Customers
CUST100114,3983.04,2,1991.52,2.0,0.0,3.78,133,4970.78,1,0.0,0,Potential Customers
CUST100115,0.0,0,0.0,3.0,0.0,6.67,400,70.47,1,0.0,2,At-Risk Customers
CUST100116,2599.14,1,2599.14,4.0,0.0,8.3,213,3087.92,1,0.0,0,Potential Customers
CUST100117,0.0,0,0.0,3.0,0.0,1.15,400,0.0,1,0.0,2,At-Risk Customers
CUST100118,0.0,0,0.0,2.0,0.0,4.02,400,0.0,1,0.0,2,At-Risk Customers
CUST100119,4532.2,1,4532.2,6.0,0.0,3.42,58,5488.0,1,0.0,0,Potential Customers
CUST100120,0.0,0,0.0,3.0,0.0,5.49,400,144.89,1,0.0,2,At-Risk Customers
CUST100121,2048.6,1,2048.6,3.0,0.0,4.62,38,2903.11,1,0.0,0,Potential Customers
CUST100122,1357.75,1,1357.75,1.0,3.0,6.95,194,1772.43,1,0.0,1,Loyal Customers
CUST100123,4768.3,2,2384.15,1.0,0.0,1.34,214,6308.47,1,0.0,3,High Value Customers
CUST100124,964.04,2,482.02,5.0,0.0,10.17,185,2196.17,1,0.0,0,Potential Customers
CUST100125,662.17,1,662.17,2.0,0.0,2.81,243,1103.05,1,0.0,0,Potential Customers
CUST100126,1878.77,1,1878.77,3.0,0.0,3.69,270,2359.45,1,0.0,0,Potential Customers
CUST100127,3072.74,1,3072.74,5.0,0.0,1.18,240,4181.39,1,1.0,0,Potential Customers
CUST100128,11589.14840000001,4,2897.2871000000023,1.0,0.0,3.77,269,13607.62,1,0.0,3,High Value Customers
CUST100129,7581.6,5,1516.3200000000002,1.0,0.0,4.0,189,11975.14,1,1.0,3,High Value Customers
CUST100130,0.0,0,0.0,4.0,0.0,3.83,400,0.0,1,0.0,2,At-Risk Customers
CUST100131,3570.08,1,3570.08,1.0,0.0,2.42,60,4808.91,1,0.0,0,Potential Customers
CUST100132,2400.43,1,2400.43,6.0,0.0,1.73,202,3437.17,1,0.0,0,Potential Customers
CUST100133,2679.66,1,2679.66,1.0,0.0,6.35,138,3465.82,1,1.0,0,Potential Customers
CUST100134,4767.01,2,2383.505,2.0,0.0,1.2,78,6107.33,1,1.0,3,High Value Customers
CUST100135,4824.28,2,2412.14,3.0,0.0,7.12,259,6354.59,1,1.0,3,High Value Customers
CUST100136,0.0,0,0.0,7.0,0.0,13.28,400,58.58,1,0.0,2,At-Risk Customers
CUST100137,1097.51,1,1097.51,3.0,0.0,19.14,109,1430.35,1,0.0,0,Potential Customers
CUST100138,3182.32,2,1591.16,4.0,0.0,1.9,267,4456.16,1,0.0,0,Potential Customers
CUST100139,0.0,0,0.0,3.0,0.0,6.13,400,0.0,1,0.0,2,At-Risk Customers
CUST100140,1553.04,2,776.52,2.0,0.0,2.74,17,2368.19,1,1.0,0,Potential Customers
CUST100141,1310.1,2,655.05,5.0,0.0,9.56,114,2379.71,1,0.0,0,Potential Customers
CUST100142,1443.13,2,721.565,6.0,0.0,5.34,235,2373.11,1,0.0,0,Potential Customers
CUST100143,4157.62,2,2078.81,4.0,0.0,3.3,42,4734.31,1,0.0,0,Potential Customers
CUST100144,2654.31,1,2654.31,3.0,0.0,2.14,126,3380.04,1,0.0,0,Potential Customers
CUST100145,5860.96,2,2930.48,3.0,0.0,3.13,93,6878.11,1,0.0,3,High Value Customers
CUST100146,5371.66,2,2685.83,1.0,0.0,2.53,242,7614.67,1,0.0,3,High Value Customers
CUST100147,5002.48,2,2501.24,3.0,2.0,3.99,158,6027.88,1,0.0,1,Loyal Customers
CUST100148,1289.69,1,1289.69,0.0,0.0,4.13,300,1933.97,1,0.0,0,Potential Customers
CUST100149,0.0,0,0.0,2.0,0.0,2.75,400,54.66,1,0.0,2,At-Risk Customers
CUST100150,8168.64,5,1633.728,1.0,0.0,2.58,168,10802.06,1,1.0,3,High Value Customers
CUST100151,6519.46,2,3259.73,1.0,0.0,6.29,259,8579.72,1,0.0,3,High Value Customers
CUST100152,10080.54,3,3360.1800000000003,4.0,0.0,6.62,349,12701.97,1,0.0,3,High Value Customers
CUST100153,1543.24,1,1543.24,2.0,0.0,2.3,244,2355.37,1,0.0,0,Potential Customers
CUST100154,1215.36,1,1215.36,5.0,0.0,3.9,40,1681.21,1,1.0,0,Potential Customers
CUST100155,0.0,0,0.0,1.0,0.0,2.21,400,0.0,1,0.0,2,At-Risk Customers
CUST100156,0.0,0,0.0,6.0,0.0,23.312000000000044,400,100.11,1,0.0,2,At-Risk Customers
CUST100157,2223.54,4,555.885,0.0,0.0,2.1,180,3881.93,1,0.0,0,Potential Customers
CUST100158,3945.78,2,1972.89,1.0,0.0,4.84,223,5441.76,1,0.0,0,Potential Customers
CUST100159,9362.87,4,2340.7175,5.0,0.0,5.54,50,13127.9,1,1.0,3,High Value Customers
CUST100160,0.0,0,0.0,0.0,0.0,2.55,400,0.0,1,0.0,2,At-Risk Customers
CUST100161,2776.41,1,2776.41,6.0,0.0,2.22,108,3683.72,1,0.0,0,Potential Customers
CUST100162,1729.2,1,1729.2,3.0,0.0,3.33,221,2125.76,1,0.0,0,Potential Customers
CUST100163,0.0,0,0.0,4.0,0.0,2.21,400,3.94,1,0.0,2,At-Risk Customers
CUST100164,0.0,0,0.0,1.0,0.0,4.63,400,0.0,1,0.0,2,At-Risk Customers
CUST100165,0.0,0,0.0,3.0,0.0,2.24,400,2.66,1,0.0,2,At-Risk Customers
CUST100166,0.0,0,0.0,2.0,0.0,4.49,400,38.48,1,0.0,2,At-Risk Customers
CUST100167,996.39,2,498.195,1.0,0.0,0.96,363,1667.21,1,0.0,2,At-Risk Customers
CUST100168,3012.27,1,3012.27,4.0,0.0,2.31,98,4044.91,1,0.0,0,Potential Customers
CUST100169,0.0,0,0.0,4.0,0.0,3.02,400,140.13,1,0.0,2,At-Risk Customers
CUST100170,3797.13,2,1898.565,2.0,0.0,8.17,14,5154.46,1,0.0,0,Potential Customers
CUST100171,0.0,0,0.0,1.0,0.0,1.11,400,0.0,1,0.0,2,At-Risk Customers
CUST100172,0.0,0,0.0,2.0,0.0,8.25,400,109.47,1,0.0,2,At-Risk Customers
CUST100173,681.26,1,681.26,3.0,0.0,6.44,241,1290.55,1,0.0,0,Potential Customers
CUST100174,4509.97,2,2254.985,1.0,0.0,1.16,258,5592.92,1,0.0,0,Potential Customers
CUST100175,0.0,0,0.0,3.0,0.0,5.91,400,0.0,1,0.0,2,At-Risk Customers
CUST100176,0.0,0,0.0,6.0,0.0,2.11,400,0.0,1,0.0,2,At-Risk Customers
CUST100177,0.0,0,0.0,3.0,0.0,6.05,400,134.32,1,0.0,2,At-Risk Customers
CUST100178,4506.24,2,2253.12,0.0,0.0,6.31,99,5314.22,1,0.0,0,Potential Customers
CUST100179,2185.44,3,728.48,3.0,0.0,7.07,61,3470.34,1,0.0,0,Potential Customers
CUST100180,2859.37,2,1429.685,2.0,0.0,2.72,218,3652.61,1,0.0,0,Potential Customers
CUST100181,516.44,2,258.22,1.0,0.0,6.54,1,1242.52,1,0.0,0,Potential Customers
CUST100182,0.0,0,0.0,3.0,0.0,11.92,400,0.0,1,0.0,2,At-Risk Customers
CUST100183,909.24,1,909.24,1.0,0.0,3.31,247,1184.27,1,0.0,0,Potential Customers
CUST100184,3019.85,2,1509.925,6.0,0.0,3.61,52,3520.22,1,0.0,0,Potential Customers
CUST100185,1452.49,1,1452.49,3.0,0.0,6.67,95,1889.22,1,0.0,0,Potential Customers
CUST100186,1617.48,1,1617.48,1.0,0.0,0.76,144,1981.84,1,0.0,0,Potential Customers
CUST100187,0.0,0,0.0,1.0,0.0,2.04,400,0.0,1,0.0,2,At-Risk Customers
CUST100188,0.0,0,0.0,2.0,0.0,8.21,400,0.0,1,0.0,2,At-Risk Customers
CUST100189,0.0,0,0.0,3.0,2.0,4.52,400,0.0,1,0.0,1,Loyal Customers
CUST100190,1222.05,1,1222.05,2.0,0.0,3.49,30,1545.51,1,1.0,0,Potential Customers
CUST100191,0.0,0,0.0,0.0,0.0,2.1,400,129.27,1,0.0,2,At-Risk Customers
CUST100192,3304.29,1,3304.29,0.0,0.0,4.13,114,4296.97,1,0.0,0,Potential Customers
CUST100193,3703.05,2,1851.525,1.0,0.0,2.8,58,4953.65,1,0.0,0,Potential Customers
CUST100194,0.0,0,0.0,1.0,0.0,1.19,400,0.0,1,0.0,2,At-Risk Customers
CUST100195,5889.85,2,2944.925,3.0,0.0,10.09,104,7042.25,1,0.0,3,High Value Customers
CUST100196,0.0,0,0.0,6.0,0.0,2.49,400,0.0,1,0.0,2,At-Risk Customers
CUST100197,0.0,0,0.0,3.0,0.0,3.35,400,0.0,1,0.0,2,At-Risk Customers
CUST100198,4630.0,2,2315.0,1.0,0.0,1.16,76,6237.9,1,0.0,3,High Value Customers
CUST100199,2130.65,2,1065.325,1.0,0.0,2.79,20,2943.07,1,0.0,0,Potential Customers
CUST100200,0.0,0,0.0,7.0,1.0,8.2,400,0.0,1,0.0,2,At-Risk Customers
CUST100201,2778.66,1,2778.66,1.0,0.0,7.78,140,3732.32,1,0.0,0,Potential Customers
CUST100202,2596.72,1,2596.72,6.0,0.0,4.13,317,3481.87,1,0.0,0,Potential Customers
CUST100203,0.0,0,0.0,3.0,0.0,2.62,400,39.79,1,1.0,2,At-Risk Customers
CUST100204,409.28,1,409.28,3.0,0.0,4.13,221,891.5,1,0.0,2,At-Risk Customers
CUST100205,1808.14,1,1808.14,2.0,0.0,5.78,105,2176.86,1,0.0,0,Potential Customers
CUST100206,0.0,0,0.0,0.0,0.0,1.42,400,0.0,1,0.0,2,At-Risk Customers
CUST100207,566.46,1,566.46,1.0,0.0,4.83,288,981.84,1,0.0,2,At-Risk Customers
CUST100208,0.0,0,0.0,3.0,0.0,6.93,400,0.0,1,0.0,2,At-Risk Customers
CUST100209,1951.9,1,1951.9,0.0,0.0,3.89,105,2738.96,1,0.0,0,Potential Customers
CUST100210,2651.99,1,2651.99,1.0,0.0,4.0,184,3084.44,1,0.0,0,Potential Customers
CUST100211,4567.03,1,4567.03,2.0,0.0,2.44,160,5933.15,1,0.0,3,High Value Customers
CUST100212,5332.93,4,1333.2325,2.0,3.0,4.99,229,8416.94,1,1.0,1,Loyal Customers
CUST100213,5786.78,3,1928.9266666666665,2.0,0.0,12.5,69,7953.2,1,0.0,3,High Value Customers
CUST100214,1059.62,2,529.81,3.0,0.0,10.85,328,1947.35,1,0.0,0,Potential Customers
CUST100215,2830.22,1,2830.22,2.0,0.0,2.71,169,3918.9,1,0.0,0,Potential Customers
CUST100216,2658.2,2,1329.1,1.0,0.0,3.12,233,3964.8,1,0.0,0,Potential Customers
CUST100217,2683.27,2,1341.635,4.0,0.0,10.55,25,3542.6,1,0.0,0,Potential Customers
CUST100218,930.53,1,930.53,2.0,0.0,4.02,178,1604.93,1,0.0,0,Potential Customers
CUST100219,3746.34,2,1873.17,4.0,0.0,6.06,276,5637.29,1,0.0,0,Potential Customers
CUST100220,2027.53,1,2027.53,1.0,0.0,1.14,213,2396.21,1,0.0,0,Potential Customers
CUST100221,0.0,0,0.0,2.0,0.0,7.69,400,0.0,1,1.0,2,At-Risk Customers
CUST100222,0.0,0,0.0,1.0,0.0,3.33,400,0.0,1,0.0,2,At-Risk Customers
CUST100223,594.1,2,297.05,3.0,0.0,4.78,19,1383.31,1,0.0,0,Potential Customers
CUST100224,1168.52,1,1168.52,0.0,0.0,4.02,138,1859.33,1,0.0,0,Potential Customers
CUST100225,3055.39,1,3055.39,2.0,0.0,12.87,222,4162.57,1,0.0,0,Potential Customers
CUST100226,1993.37,1,1993.37,3.0,0.0,2.05,52,3019.59,1,0.0,0,Potential Customers
CUST100227,2410.67,3,803.5566666666667,8.0,0.0,15.91,112,3809.73,1,0.0,0,Potential Customers
CUST100228,1975.07,2,987.535,2.0,0.0,4.14,138,2781.47,1,0.0,0,Potential Customers
CUST100229,6959.05,3,2319.6833333333334,2.0,0.0,3.61,130,10159.21,1,0.0,3,High Value Customers
CUST100230,3200.76,2,1600.38,2.0,0.0,2.19,309,4612.94,1,0.0,0,Potential Customers
CUST100231,0.0,0,0.0,1.0,0.0,2.81,400,0.0,1,1.0,2,At-Risk Customers
CUST100232,0.0,0,0.0,2.0,0.0,3.52,400,0.0,1,0.0,2,At-Risk Customers
CUST100233,2848.96,1,2848.96,4.0,0.0,4.46,132,3449.4,1,0.0,0,Potential Customers
CUST100234,0.0,0,0.0,1.0,0.0,5.92,400,37.35,1,0.0,2,At-Risk Customers
CUST100235,1877.16,1,1877.16,3.0,0.0,3.5,218,2424.97,1,0.0,0,Potential Customers
CUST100236,1655.6,1,1655.6,7.0,0.0,5.91,50,1933.3,1,0.0,0,Potential Customers
CUST100237,3942.79,2,1971.395,4.0,0.0,9.28,303,5757.66,1,0.0,0,Potential Customers
CUST100238,1987.76,1,1987.76,1.0,0.0,8.51,185,2689.83,1,0.0,0,Potential Customers
CUST100239,8195.9,2,4097.95,1.0,0.0,6.29,194,10235.41,1,0.0,3,High Value Customers
CUST100240,0.0,0,0.0,2.0,0.0,5.76,400,0.0,1,0.0,2,At-Risk Customers
CUST100241,2109.1,1,2109.1,2.0,0.0,1.93,314,3067.74,1,0.0,0,Potential Customers
CUST100242,5620.23,4,1405.0575,3.0,0.0,4.69,50,8708.94,1,0.0,3,High Value Customers
CUST100243,3038.72,2,1519.36,4.0,0.0,1.9,156,4683.43,1,0.0,0,Potential Customers
CUST100244,0.0,0,0.0,5.0,0.0,8.26,400,77.12,1,0.0,2,At-Risk Customers
CUST100245,0.0,0,0.0,0.0,0.0,4.02,400,0.0,1,0.0,2,At-Risk Customers
CUST100246,0.0,0,0.0,2.0,0.0,8.94,400,0.0,1,0.0,2,At-Risk Customers
CUST100247,1405.41,1,1405.41,5.0,3.0,9.23,302,2124.95,1,1.0,1,Loyal Customers
CUST100248,4458.61,4,1114.6525,4.0,0.0,5.52,75,6576.94,1,1.0,3,High Value Customers
CUST100249,1941.74,1,1941.74,2.0,0.0,2.53,355,2792.48,1,0.0,0,Potential Customers
CUST100250,0.0,0,0.0,1.0,0.0,0.84,400,127.4,1,0.0,2,At-Risk Customers
CUST100251,0.0,0,0.0,2.0,0.0,5.93,400,29.11,1,0.0,2,At-Risk Customers
CUST100252,321.26,1,321.26,3.0,0.0,3.61,264,416.1,1,0.0,2,At-Risk Customers
CUST100253,2243.18,2,1121.59,3.0,0.0,7.1,137,3373.05,1,0.0,0,Potential Customers
CUST100254,3640.4,2,1820.2,2.0,0.0,6.61,182,4787.2,1,0.0,0,Potential Customers
CUST100255,1331.7,2,665.85,5.0,1.0,6.16,302,2467.91,1,1.0,0,Potential Customers
CUST100256,0.0,0,0.0,2.0,0.0,4.82,400,0.0,1,0.0,2,At-Risk Customers
CUST100257,993.2,1,993.2,0.0,0.0,1.27,125,1480.29,1,0.0,0,Potential Customers
CUST100258,0.0,0,0.0,2.0,0.0,9.82,400,0.0,1,0.0,2,At-Risk Customers
CUST100259,0.0,0,0.0,5.0,0.0,1.68,400,96.04,1,0.0,2,At-Risk Customers
CUST100260,3057.5,1,3057.5,1.0,0.0,2.58,91,4336.81,1,0.0,0,Potential Customers
CUST100261,1337.31,1,1337.31,4.0,0.0,3.22,260,1567.31,1,1.0,0,Potential Customers
CUST100262,0.0,0,0.0,2.0,0.0,4.11,400,93.85,1,0.0,2,At-Risk Customers
CUST100263,8274.54,3,2758.1800000000003,2.0,0.0,3.24,64,11281.16,1,1.0,3,High Value Customers
CUST100264,0.0,0,0.0,1.0,2.0,2.75,400,25.42,1,0.0,1,Loyal Customers
CUST100265,1805.02,1,1805.02,2.0,0.0,7.11,302,2555.95,1,1.0,0,Potential Customers
CUST100266,1177.22,1,1177.22,1.0,0.0,1.6,313,1846.7,1,0.0,0,Potential Customers
CUST100267,0.0,0,0.0,3.0,0.0,3.03,400,0.0,1,0.0,2,At-Risk Customers
CUST100268,4519.9,3,1506.6333333333332,0.0,2.0,0.93,315,6963.77,1,0.0,1,Loyal Customers
CUST100269,2377.62,1,2377.62,1.0,0.0,1.97,143,3035.9,1,0.0,0,Potential Customers
CUST100270,921.21,1,921.21,2.0,0.0,1.36,72,1486.6,1,1.0,0,Potential Customers
CUST100271,2344.22,1,2344.22,2.0,0.0,6.78,260,3459.86,1,0.0,0,Potential Customers
CUST100272,0.0,0,0.0,2.0,0.0,4.62,400,0.0,1,0.0,2,At-Risk Customers
CUST100273,0.0,0,0.0,1.0,0.0,2.3,400,0.0,1,0.0,2,At-Risk Customers
CUST100274,9529.31,4,2382.3275,3.0,0.0,0.76,80,11085.87,1,0.0,3,High Value Customers
CUST100275,0.0,0,0.0,1.0,0.0,1.39,400,185.38,1,0.0,2,At-Risk Customers
CUST100276,0.0,0,0.0,3.0,0.0,1.88,400,0.0,1,0.0,2,At-Risk Customers
CUST100277,8152.32,5,1630.464,1.0,0.0,3.15,195,12746.02,1,0.0,3,High Value Customers
CUST100278,0.0,0,0.0,3.0,0.0,6.89,400,281.61,1,0.0,2,At-Risk Customers
CUST100279,2044.72,1,2044.72,4.0,0.0,1.48,137,2447.65,1,1.0,0,Potential Customers
CUST100280,0.0,0,0.0,3.0,0.0,1.58,400,0.0,1,0.0,2,At-Risk Customers
CUST100281,0.0,0,0.0,2.0,0.0,1.25,400,16.83,1,0.0,2,At-Risk Customers
CUST100282,0.0,0,0.0,2.0,0.0,4.06,400,98.24,1,0.0,2,At-Risk Customers
CUST100283,4124.36,2,2062.18,2.0,0.0,0.89,32,6041.9,1,1.0,0,Potential Customers
CUST100284,0.0,0,0.0,1.0,0.0,1.18,400,34.42,1,0.0,2,At-Risk Customers
CUST100285,4056.4,2,2028.2,2.0,0.0,5.64,350,5143.16,1,0.0,0,Potential Customers
CUST100286,0.0,0,0.0,3.0,0.0,11.78,400,0.0,1,0.0,2,At-Risk Customers
CUST100287,2100.38,1,2100.38,0.0,0.0,4.24,235,2735.23,1,0.0,0,Potential Customers
CUST100288,1236.1,1,1236.1,0.0,0.0,3.25,231,1876.31,1,0.0,0,Potential Customers
CUST100289,900.96,1,900.96,6.0,2.0,18.63,197,1598.47,1,1.0,1,Loyal Customers
CUST100290,4181.84,2,2090.92,2.0,0.0,2.81,273,5286.47,1,0.0,0,Potential Customers
CUST100291,6796.99,3,2265.6633333333334,1.0,0.0,2.82,112,8474.42,1,1.0,3,High Value Customers
CUST100292,260.56,1,260.56,2.0,0.0,2.79,124,554.55,1,0.0,0,Potential Customers
CUST100293,521.1,2,260.55,3.0,0.0,11.59,234,1199.25,1,0.0,0,Potential Customers
CUST100294,1642.53,1,1642.53,3.0,0.0,5.91,121,1967.18,1,0.0,0,Potential Customers
CUST100295,0.0,0,0.0,1.0,0.0,5.87,400,0.0,1,0.0,2,At-Risk Customers
CUST100296,4511.19,2,2255.595,2.0,0.0,5.1,284,5015.94,1,0.0,0,Potential Customers
CUST100297,642.63,1,642.63,0.0,0.0,2.95,39,697.34,1,0.0,0,Potential Customers
CUST100298,0.0,0,0.0,2.0,0.0,3.23,400,46.82,1,0.0,2,At-Risk Customers
CUST100299,2004.57,1,2004.57,3.0,0.0,4.02,169,2912.79,1,0.0,0,Potential Customers
CUST100300,0.0,0,0.0,2.0,0.0,3.07,400,0.0,1,0.0,2,At-Risk Customers
CUST100301,0.0,0,0.0,2.0,0.0,4.94,400,118.22,1,0.0,2,At-Risk Customers
CUST100302,0.0,0,0.0,2.0,0.0,3.54,400,0.0,1,0.0,2,At-Risk Customers
CUST100303,3920.43,2,1960.215,3.0,3.0,7.15,64,4958.1,1,1.0,1,Loyal Customers
CUST100304,0.0,0,0.0,2.0,0.0,4.87,400,184.99,1,0.0,2,At-Risk Customers
CUST100305,831.46,3,277.15333333333336,1.0,0.0,4.63,85,1280.94,1,0.0,0,Potential Customers
CUST100306,1907.83,3,635.9433333333333,2.0,0.0,2.21,206,3384.65,1,0.0,0,Potential Customers
CUST100307,8789.33,3,2929.7766666666666,2.0,0.0,1.72,334,9859.28,1,0.0,3,High Value Customers
CUST100308,0.0,0,0.0,1.0,0.0,1.84,400,206.48,1,0.0,2,At-Risk Customers
CUST100309,0.0,0,0.0,2.0,0.0,8.68,400,37.79,1,0.0,2,At-Risk Customers
CUST100310,609.24,2,304.62,0.0,0.0,1.21,254,1523.83,1,0.0,0,Potential Customers
CUST100311,540.08,1,540.08,3.0,0.0,4.63,243,790.39,1,0.0,2,At-Risk Customers
CUST100312,4021.72,3,1340.5733333333333,3.0,0.0,4.63,13,6348.15,1,0.0,3,High Value Customers
CUST100313,11589.14840000001,4,2897.2871000000023,1.0,0.0,2.51,290,17962.72,1,1.0,3,High Value Customers
CUST100314,3222.5,1,3222.5,2.0,0.0,3.95,225,4642.07,1,0.0,0,Potential Customers
CUST100315,0.0,0,0.0,1.0,0.0,4.57,400,0.0,1,0.0,2,At-Risk Customers
CUST100316,1251.81,1,1251.81,2.0,0.0,1.81,331,1731.51,1,1.0,0,Potential Customers
CUST100317,5769.79,3,1923.2633333333333,5.0,0.0,2.33,124,8411.21,1,0.0,3,High Value Customers
CUST100318,2657.25,1,2657.25,1.0,0.0,3.69,90,3342.37,1,0.0,0,Potential Customers
CUST100319,1516.79,1,1516.79,7.0,0.0,3.77,299,2117.46,1,0.0,0,Potential Customers
CUST100320,416.79,1,416.79,1.0,0.0,1.5,6,1056.64,1,0.0,0,Potential Customers
CUST100321,1320.41,1,1320.41,2.0,0.0,4.06,269,2220.24,1,0.0,0,Potential Customers
CUST100322,3714.23,2,1857.115,3.0,0.0,4.17,339,4824.15,1,0.0,0,Potential Customers
CUST100323,259.45,1,259.45,1.0,0.0,7.7,70,493.22,1,0.0,0,Potential Customers
CUST100324,0.0,0,0.0,1.0,0.0,3.77,400,41.02,1,0.0,2,At-Risk Customers
CUST100325,2222.18,1,2222.18,3.0,3.0,2.88,269,3050.52,1,1.0,1,Loyal Customers
CUST100326,3865.96,2,1932.98,3.0,2.0,6.54,185,5479.38,1,0.0,1,Loyal Customers
CUST100327,4290.1,3,1430.0333333333335,3.0,0.0,8.34,265,6438.06,1,0.0,3,High Value Customers
CUST100328,736.46,1,736.46,0.0,0.0,1.45,23,1104.2,1,0.0,0,Potential Customers
CUST100329,559.88,1,559.88,4.0,0.0,2.65,171,914.25,1,0.0,0,Potential Customers
CUST100330,0.0,0,0.0,1.0,0.0,0.87,400,0.0,1,0.0,2,At-Risk Customers
CUST100331,0.0,0,0.0,1.0,0.0,1.95,400,0.0,1,0.0,2,At-Risk Customers
CUST100332,0.0,0,0.0,2.0,0.0,10.78,400,92.56,1,0.0,2,At-Risk Customers
CUST100333,2272.57,1,2272.57,3.0,0.0,1.8,240,2413.91,1,0.0,0,Potential Customers
CUST100334,1564.82,1,1564.82,3.0,0.0,5.28,71,1994.32,1,0.0,0,Potential Customers
CUST100335,1565.17,2,782.585,5.0,0.0,5.07,93,2525.8,1,0.0,0,Potential Customers
CUST100336,1257.0,1,1257.0,2.0,0.0,2.53,247,1804.93,1,0.0,0,Potential Customers
CUST100337,2573.55,2,1286.775,7.0,0.0,2.77,274,3913.34,1,1.0,0,Potential Customers
CUST100338,1338.95,1,1338.95,3.0,0.0,10.08,29,1568.32,1,1.0,0,Potential Customers
CUST100339,0.0,0,0.0,2.0,0.0,7.36,400,0.0,1,0.0,2,At-Risk Customers
CUST100340,0.0,0,0.0,5.0,0.0,18.22,400,0.0,1,0.0,2,At-Risk Customers
CUST100341,2167.46,1,2167.46,2.0,3.0,0.76,93,2750.08,1,1.0,1,Loyal Customers
CUST100342,5382.09,4,1345.5225,4.0,0.0,5.53,170,7575.49,1,0.0,3,High Value Customers
CUST100343,3960.66,2,1980.33,0.0,0.0,0.76,116,5163.23,1,0.0,0,Potential Customers
CUST100344,0.0,0,0.0,5.0,0.0,3.69,400,0.0,1,0.0,2,At-Risk Customers
CUST100345,6432.58,3,2144.193333333333,3.0,0.0,3.25,261,8369.55,1,0.0,3,High Value Customers
CUST100346,8355.7,3,2785.2333333333336,1.0,0.0,1.7,158,9959.16,1,0.0,3,High Value Customers
CUST100347,3010.77,1,3010.77,0.0,0.0,2.48,190,4101.08,1,0.0,0,Potential Customers
CUST100348,3124.92,1,3124.92,2.0,0.0,3.07,294,3750.36,1,0.0,0,Potential Customers
CUST100349,0.0,0,0.0,3.0,0.0,5.14,400,0.0,1,0.0,2,At-Risk Customers
CUST100350,2257.38,1,2257.38,2.0,0.0,1.7,23,2723.53,1,0.0,0,Potential Customers
CUST100351,2213.83,1,2213.83,0.0,0.0,2.26,320,2990.82,1,0.0,0,Potential Customers
CUST100352,0.0,0,0.0,4.0,0.0,5.45,400,35.76,1,0.0,2,At-Risk Customers
CUST100353,0.0,0,0.0,3.0,0.0,6.26,400,17.8,1,0.0,2,At-Risk Customers
CUST100354,5198.63,2,2599.315,5.0,0.0,23.312000000000044,234,7043.89,1,0.0,3,High Value Customers
CUST100355,0.0,0,0.0,6.0,0.0,4.26,400,0.0,1,0.0,2,At-Risk Customers
CUST100356,1875.01,1,1875.01,3.0,0.0,5.89,34,2408.5,1,0.0,0,Potential Customers
CUST100357,1542.98,1,1542.98,2.0,0.0,3.23,359,2324.35,1,0.0,0,Potential Customers
CUST100358,1736.03,2,868.015,5.0,1.0,10.1,158,2635.95,1,0.0,0,Potential Customers
CUST100359,3615.51,2,1807.755,4.0,0.0,1.97,235,5222.16,1,0.0,0,Potential Customers
CUST100360,828.1,1,828.1,1.0,0.0,3.61,246,1473.75,1,1.0,0,Potential Customers
CUST100361,8422.99,5,1684.598,0.0,1.0,4.51,148,12176.27,1,0.0,3,High Value Customers
CUST100362,748.62,1,748.62,4.0,0.0,5.32,269,1501.16,1,0.0,0,Potential Customers
CUST100363,556.7,1,556.7,2.0,0.0,7.28,59,1056.63,1,0.0,0,Potential Customers
CUST100364,671.99,1,671.99,2.0,0.0,3.28,343,957.9,1,0.0,2,At-Risk Customers
CUST100365,2122.76,2,1061.38,2.0,0.0,7.07,348,3582.19,1,0.0,0,Potential Customers
CUST100366,1179.38,1,1179.38,0.0,0.0,1.41,8,1694.66,1,0.0,0,Potential Customers
CUST100367,0.0,0,0.0,1.0,0.0,4.51,400,174.24,1,0.0,2,At-Risk Customers
CUST100368,0.0,0,0.0,1.0,0.0,1.01,400,161.67,1,0.0,2,At-Risk Customers
CUST100369,388.17,1,388.17,1.0,0.0,3.23,299,793.15,1,0.0,2,At-Risk Customers
CUST100370,1293.35,1,1293.35,3.0,0.0,21.77,298,2162.0,1,0.0,0,Potential Customers
CUST100371,0.0,0,0.0,1.0,0.0,4.56,400,16.6,1,0.0,2,At-Risk Customers
CUST100372,1367.96,1,1367.96,1.0,0.0,2.71,259,1600.81,1,0.0,0,Potential Customers
CUST100373,5019.61,2,2509.805,1.0,0.0,5.42,22,6006.04,1,0.0,3,High Value Customers
CUST100374,1390.97,2,695.485,2.0,0.0,3.66,203,1781.62,1,0.0,0,Potential Customers
CUST100375,3011.01,1,3011.01,3.0,0.0,1.72,276,4238.89,1,0.0,0,Potential Customers
CUST100376,0.0,0,0.0,1.0,0.0,1.04,400,0.0,1,0.0,2,At-Risk Customers
CUST100377,0.0,0,0.0,3.0,0.0,3.75,400,0.0,1,0.0,2,At-Risk Customers
CUST100378,874.6,1,874.6,2.0,0.0,3.3,215,1180.5,1,0.0,0,Potential Customers
CUST100379,2084.62,1,2084.62,2.0,0.0,3.17,94,3010.42,1,0.0,0,Potential Customers
CUST100380,2843.95,3,947.9833333333332,2.0,0.0,6.83,326,3914.1,1,0.0,0,Potential Customers
CUST100381,3606.23,2,1803.115,3.0,0.0,10.02,357,4711.61,1,0.0,0,Potential Customers
CUST100382,2517.4,1,2517.4,2.0,0.0,6.37,29,3576.64,1,0.0,0,Potential Customers
CUST100383,1219.16,1,1219.16,3.0,0.0,3.03,331,1868.09,1,0.0,0,Potential Customers
CUST100384,5461.63,2,2730.815,1.0,0.0,4.21,83,6526.97,1,1.0,3,High Value Customers
CUST100385,1895.04,1,1895.04,1.0,0.0,4.02,125,2465.52,1,0.0,0,Potential Customers
CUST100386,4997.49,2,2498.745,2.0,0.0,7.16,171,6534.8,1,0.0,3,High Value Customers
CUST100387,4720.6,3,1573.5333333333335,1.0,0.0,5.79,20,6002.88,1,0.0,3,High Value Customers
CUST100388,11589.14840000001,4,2897.2871000000023,3.0,0.0,2.76,157,17109.69,1,0.0,3,High Value Customers
CUST100389,0.0,0,0.0,3.0,3.0,8.38,400,100.95,1,0.0,1,Loyal Customers
CUST100390,6722.42,2,3361.21,4.0,0.0,10.4,271,9345.61,1,0.0,3,High Value Customers
CUST100391,6305.41,2,3152.705,1.0,0.0,7.2,89,8229.54,1,1.0,3,High Value Customers
CUST100392,271.16,1,271.16,4.0,0.0,23.312000000000044,88,842.28,1,1.0,0,Potential Customers
CUST100393,2069.21,1,2069.21,3.0,0.0,6.85,308,2454.4,1,0.0,0,Potential Customers
CUST100394,2543.19,1,2543.19,3.0,0.0,9.05,15,3761.79,1,1.0,0,Potential Customers
CUST100395,0.0,0,0.0,2.0,0.0,6.35,400,27.19,1,0.0,2,At-Risk Customers
CUST100396,3183.61,1,3183.61,3.0,3.0,3.7,321,4144.01,1,0.0,1,Loyal Customers
CUST100397,714.7,2,357.35,2.0,0.0,1.78,200,1612.77,1,0.0,0,Potential Customers
CUST100398,3043.2,2,1521.6,1.0,0.0,2.37,147,4400.05,1,0.0,0,Potential Customers
CUST100399,1224.85,1,1224.85,2.0,0.0,2.38,217,2005.63,1,0.0,0,Potential Customers
CUST100400,0.0,0,0.0,2.0,0.0,1.74,400,213.11,1,0.0,2,At-Risk Customers
CUST100401,6729.4,2,3364.7,3.0,0.0,3.32,48,9283.44,1,0.0,3,High Value Customers
CUST100402,1692.77,1,1692.77,4.0,0.0,4.06,204,2461.16,1,0.0,0,Potential Customers
CUST100403,0.0,0,0.0,1.0,0.0,9.34,400,0.0,1,0.0,2,At-Risk Customers
CUST100404,2597.32,1,2597.32,1.0,1.0,1.74,313,3221.32,1,0.0,0,Potential Customers
CUST100405,0.0,0,0.0,2.0,0.0,7.57,400,0.0,1,0.0,2,At-Risk Customers
CUST100406,2051.13,3,683.71,4.0,0.0,4.89,117,2969.22,1,0.0,0,Potential Customers
CUST100407,7145.69,2,3572.845,2.0,0.0,5.28,81,8429.12,1,0.0,3,High Value Customers
CUST100408,5598.62,3,1866.2066666666667,1.0,1.0,3.79,287,6888.64,1,1.0,3,High Value Customers
CUST100409,508.22,1,508.22,3.0,0.0,17.54,150,701.33,1,0.0,0,Potential Customers
CUST100410,813.02,3,271.00666666666666,3.0,0.0,2.34,7,1529.12,1,0.0,0,Potential Customers
CUST100411,9826.32,3,3275.44,2.0,0.0,2.74,83,12174.37,1,0.0,3,High Value Customers
CUST100412,0.0,0,0.0,1.0,0.0,4.4,400,70.3,1,0.0,2,At-Risk Customers
CUST100413,2875.05,1,2875.05,3.0,0.0,5.35,280,3324.03,1,1.0,0,Potential Customers
CUST100414,1781.94,1,1781.94,2.0,0.0,4.75,291,2380.33,1,0.0,0,Potential Customers
CUST100415,801.4,2,400.7,2.0,0.0,3.92,245,1605.5,1,0.0,0,Potential Customers
CUST100416,2171.32,3,723.7733333333334,1.0,1.0,5.86,235,3612.33,1,0.0,0,Potential Customers
CUST100417,687.05,2,343.525,1.0,0.0,6.18,345,921.63,1,0.0,2,At-Risk Customers
CUST100418,3904.0,3,1301.3333333333333,3.0,0.0,3.95,295,5078.71,1,0.0,0,Potential Customers
CUST100419,4840.56,4,1210.14,4.0,0.0,14.67,286,7498.64,1,1.0,3,High Value Customers
CUST100420,1836.21,1,1836.21,3.0,0.0,5.52,185,2083.97,1,0.0,0,Potential Customers
CUST100421,1291.15,1,1291.15,1.0,0.0,3.34,289,2017.37,1,0.0,0,Potential Customers
CUST100422,2892.72,2,1446.36,3.0,0.0,9.68,75,4251.21,1,1.0,0,Potential Customers
CUST100423,0.0,0,0.0,2.0,0.0,0.98,400,0.0,1,0.0,2,At-Risk Customers
CUST100424,2322.68,1,2322.68,2.0,3.0,1.84,76,3324.98,1,0.0,1,Loyal Customers
CUST100425,2670.06,1,2670.06,1.0,0.0,3.52,15,3386.34,1,0.0,0,Potential Customers
CUST100426,0.0,0,0.0,0.0,0.0,1.78,400,172.37,1,0.0,2,At-Risk Customers
CUST100427,1622.68,1,1622.68,1.0,0.0,7.12,251,2236.22,1,0.0,0,Potential Customers
CUST100428,5053.01,2,2526.505,4.0,0.0,6.95,193,6208.04,1,0.0,3,High Value Customers
CUST100429,2171.82,1,2171.82,6.0,0.0,12.7,267,2840.77,1,0.0,0,Potential Customers
CUST100430,1816.39,2,908.195,3.0,0.0,2.71,226,2839.39,1,0.0,0,Potential Customers
CUST100431,11589.14840000001,3,3863.0494666666696,6.0,0.0,6.03,7,16041.73,1,1.0,3,High Value Customers
CUST100432,1352.54,1,1352.54,1.0,0.0,9.93,36,2047.97,1,0.0,0,Potential Customers
CUST100433,0.0,0,0.0,3.0,0.0,4.54,400,0.0,1,0.0,2,At-Risk Customers
CUST100434,2252.73,1,2252.73,2.0,0.0,8.09,308,3239.79,1,0.0,0,Potential Customers
CUST100435,3559.48,2,1779.74,1.0,0.0,3.78,59,5322.39,1,0.0,0,Potential Customers
CUST100436,0.0,0,0.0,4.0,0.0,10.18,400,270.88,1,0.0,2,At-Risk Customers
CUST100437,4712.04,2,2356.02,2.0,0.0,2.38,246,5681.06,1,0.0,3,High Value Customers
CUST100438,5187.93,2,2593.965,0.0,2.0,1.37,286,7329.86,1,0.0,1,Loyal Customers
CUST100439,2443.84,1,2443.84,3.0,2.0,3.11,131,3093.87,1,1.0,1,Loyal Customers
CUST100440,0.0,0,0.0,1.0,0.0,3.81,400,0.0,1,0.0,2,At-Risk Customers
CUST100441,810.76,3,270.25333333333333,3.0,0.0,5.51,356,1607.39,1,1.0,0,Potential Customers
CUST100442,1543.94,1,1543.94,2.0,0.0,5.56,253,2214.26,1,0.0,0,Potential Customers
CUST100443,3761.1,1,3761.1,3.0,0.0,2.47,262,5485.08,1,0.0,0,Potential Customers
CUST100444,1852.57,1,1852.57,3.0,0.0,2.02,245,2952.41,1,0.0,0,Potential Customers
CUST100445,0.0,0,0.0,2.0,0.0,12.66,400,0.0,1,0.0,2,At-Risk Customers
CUST100446,1749.69,2,874.845,3.0,0.0,3.68,187,2284.14,1,1.0,0,Potential Customers
CUST100447,0.0,0,0.0,2.0,0.0,2.91,400,0.0,1,0.0,2,At-Risk Customers
CUST100448,3442.53,2,1721.265,4.0,0.0,5.07,303,5496.12,1,1.0,0,Potential Customers
CUST100449,11589.14840000001,5,2317.8296800000016,1.0,0.0,2.06,155,15309.53,1,0.0,3,High Value Customers
CUST100450,2109.86,1,2109.86,1.0,0.0,2.46,346,3010.59,1,0.0,0,Potential Customers
CUST100451,0.0,0,0.0,2.0,2.0,7.06,400,0.05,1,0.0,1,Loyal Customers
CUST100452,0.0,0,0.0,2.0,0.0,1.99,400,0.0,1,0.0,2,At-Risk Customers
CUST100453,1915.83,1,1915.83,2.0,0.0,1.6,160,2945.65,1,0.0,0,Potential Customers
CUST100454,1708.14,1,1708.14,4.0,0.0,3.16,59,2650.68,1,0.0,0,Potential Customers
CUST100455,6868.43,2,3434.215,2.0,0.0,4.86,341,7601.52,1,0.0,3,High Value Customers
CUST100456,6352.24,3,2117.4133333333334,2.0,0.0,10.62,85,8778.6,1,0.0,3,High Value Customers
CUST100457,744.97,1,744.97,4.0,0.0,5.15,237,1221.83,1,0.0,0,Potential Customers
CUST100458,4254.48,2,2127.24,1.0,0.0,5.82,80,5138.88,1,0.0,0,Potential Customers
CUST100459,0.0,0,0.0,2.0,0.0,1.98,400,119.49,1,0.0,2,At-Risk Customers
CUST100460,2051.02,1,2051.02,2.0,0.0,4.62,145,3073.84,1,0.0,0,Potential Customers
CUST100461,5464.16,2,2732.08,1.0,0.0,1.85,271,7180.41,1,0.0,3,High Value Customers
CUST100462,0.0,0,0.0,2.0,3.0,7.7,400,0.0,1,0.0,1,Loyal Customers
CUST100463,1706.69,2,853.345,2.0,0.0,4.39,344,2303.56,1,0.0,0,Potential Customers
CUST100464,337.99,1,337.99,5.0,0.0,3.91,316,912.87,1,0.0,2,At-Risk Customers
CUST100465,0.0,0,0.0,3.0,0.0,5.78,400,0.0,1,0.0,2,At-Risk Customers
CUST100466,0.0,0,0.0,1.0,0.0,2.88,400,0.0,1,0.0,2,At-Risk Customers
CUST100467,4554.33,3,1518.11,1.0,0.0,2.89,116,7015.58,1,1.0,3,High Value Customers
CUST100468,0.0,0,0.0,1.0,0.0,2.08,400,0.0,1,0.0,2,At-Risk Customers
CUST100469,1225.19,2,612.595,4.0,0.0,14.11,52,2256.4,1,1.0,0,Potential Customers
CUST100470,7307.69,3,2435.8966666666665,2.0,0.0,3.46,26,9342.37,1,0.0,3,High Value Customers
CUST100471,2910.64,1,2910.64,1.0,0.0,3.25,74,3573.79,1,0.0,0,Potential Customers
CUST100472,1200.37,1,1200.37,1.0,0.0,6.59,195,1555.59,1,0.0,0,Potential Customers
CUST100473,0.0,0,0.0,3.0,0.0,4.09,400,99.19,1,0.0,2,At-Risk Customers
CUST100474,881.04,3,293.68,3.0,0.0,0.8,100,1793.62,1,0.0,0,Potential Customers
CUST100475,3870.33,2,1935.165,5.0,0.0,16.71,67,5659.19,1,0.0,0,Potential Customers
CUST100476,0.0,0,0.0,3.0,0.0,2.9,400,0.0,1,0.0,2,At-Risk Customers
CUST100477,0.0,0,0.0,1.0,0.0,2.25,400,103.34,1,0.0,2,At-Risk Customers
CUST100478,1528.23,2,764.115,3.0,0.0,3.62,38,2780.53,1,0.0,0,Potential Customers
CUST100479,0.0,0,0.0,3.0,0.0,2.83,400,0.0,1,0.0,2,At-Risk Customers
CUST100480,476.15,1,476.15,0.0,0.0,2.86,125,833.7,1,0.0,0,Potential Customers
CUST100481,11589.14840000001,4,2897.2871000000023,0.0,0.0,4.4,180,14368.6,1,0.0,3,High Value Customers
CUST100482,8294.18,3,2764.726666666667,3.0,0.0,1.1,33,10813.57,1,0.0,3,High Value Customers
CUST100483,5871.46,2,2935.73,1.0,0.0,6.78,305,8028.56,1,0.0,3,High Value Customers
CUST100484,0.0,0,0.0,2.0,2.0,7.91,400,65.56,1,0.0,1,Loyal Customers
CUST100485,6790.89,2,3395.445,1.0,0.0,1.24,46,8206.39,1,0.0,3,High Value Customers
CUST100486,1832.33,1,1832.33,1.0,0.0,5.58,315,2483.79,1,0.0,0,Potential Customers
CUST100487,275.09,1,275.09,2.0,0.0,2.23,53,377.92,1,0.0,0,Potential Customers
CUST100488,2509.92,1,2509.92,2.0,0.0,2.98,223,3446.63,1,0.0,0,Potential Customers
CUST100489,2465.69,1,2465.69,0.0,0.0,5.19,74,3317.61,1,1.0,0,Potential Customers
CUST100490,3218.85,1,3218.85,2.0,0.0,7.44,290,3655.14,1,0.0,0,Potential Customers
CUST100491,3659.33,1,3659.33,1.0,0.0,5.11,22,4258.64,1,0.0,0,Potential Customers
CUST100492,2325.52,1,2325.52,0.0,0.0,1.53,171,2890.49,1,1.0,0,Potential Customers
CUST100493,1106.27,3,368.75666666666666,3.0,0.0,4.24,230,1974.82,1,1.0,0,Potential Customers
CUST100494,0.0,0,0.0,5.0,0.0,5.71,400,0.0,1,0.0,2,At-Risk Customers
CUST100495,2779.67,1,2779.67,2.0,0.0,2.36,323,3823.28,1,0.0,0,Potential Customers
CUST100496,3783.13,2,1891.565,0.0,0.0,4.02,7,5657.51,1,0.0,0,Potential Customers
CUST100497,4562.26,2,2281.13,1.0,0.0,3.86,244,6324.88,1,0.0,3,High Value Customers
CUST100498,860.08,2,430.04,1.0,0.0,6.06,171,1289.12,1,1.0,0,Potential Customers
CUST100499,0.0,0,0.0,5.0,0.0,2.73,400,0.0,1,0.0,2,At-Risk Customers
CUST100500,2446.31,1,2446.31,2.0,0.0,4.8,26,3419.26,1,0.0,0,Potential Customers
CUST100501,1684.79,2,842.395,2.0,0.0,1.68,343,3030.98,1,0.0,0,Potential Customers
CUST100502,7569.13,3,2523.0433333333335,3.0,0.0,4.9,276,10109.15,1,0.0,3,High Value Customers
CUST100503,964.85,1,964.85,1.0,0.0,1.13,243,1512.52,1,0.0,0,Potential Customers
CUST100504,6263.31,3,2087.77,1.0,0.0,5.04,174,8368.39,1,0.0,3,High Value Customers
CUST100505,5104.85,2,2552.425,3.0,0.0,4.02,274,6455.08,1,0.0,3,High Value Customers
CUST100506,1817.07,1,1817.07,0.0,0.0,3.61,105,2372.76,1,0.0,0,Potential Customers
CUST100507,1490.34,1,1490.34,2.0,0.0,5.99,221,2050.51,1,0.0,0,Potential Customers
CUST100508,0.0,0,0.0,3.0,0.0,4.81,400,103.42,1,0.0,2,At-Risk Customers
CUST100509,3071.33,1,3071.33,1.0,0.0,1.55,46,3589.35,1,0.0,0,Potential Customers
CUST100510,774.47,3,258.1566666666667,1.0,3.0,1.77,74,1709.43,1,1.0,1,Loyal Customers
CUST100511,0.0,0,0.0,1.0,0.0,3.15,400,38.14,1,0.0,2,At-Risk Customers
CUST100512,6675.2,6,1112.5333333333333,2.0,2.0,3.65,295,9905.12,1,1.0,3,High Value Customers
CUST100513,660.46,1,660.46,1.0,0.0,2.34,159,1203.1,1,0.0,0,Potential Customers
CUST100514,0.0,0,0.0,2.0,0.0,1.73,400,52.53,1,0.0,2,At-Risk Customers
CUST100515,675.6,2,337.8,2.0,2.0,0.76,72,1465.66,1,1.0,1,Loyal Customers
CUST100516,3376.81,2,1688.405,4.0,0.0,13.09,193,4526.79,1,0.0,0,Potential Customers
CUST100517,1679.04,1,1679.04,3.0,2.0,13.37,40,2358.86,1,0.0,1,Loyal Customers
CUST100518,4859.63,2,2429.815,1.0,0.0,2.24,224,5730.75,1,1.0,3,High Value Customers
CUST100519,1801.96,1,1801.96,3.0,0.0,1.48,118,2586.8,1,0.0,0,Potential Customers
CUST100520,5642.91,2,2821.455,3.0,0.0,11.23,91,6886.65,1,1.0,3,High Value Customers
CUST100521,0.0,0,0.0,3.0,0.0,0.92,400,0.0,1,0.0,2,At-Risk Customers
CUST100522,3558.65,2,1779.325,3.0,0.0,8.33,147,4893.25,1,0.0,0,Potential Customers
CUST100523,1296.57,1,1296.57,1.0,0.0,6.33,204,2015.27,1,0.0,0,Potential Customers
CUST100524,945.67,2,472.835,3.0,0.0,3.17,29,1679.13,1,0.0,0,Potential Customers
CUST100525,2388.46,2,1194.23,2.0,2.0,10.75,347,3160.34,1,0.0,1,Loyal Customers
CUST100526,1612.03,1,1612.03,2.0,0.0,2.56,242,2134.32,1,0.0,0,Potential Customers
CUST100527,2665.09,3,888.3633333333333,5.0,0.0,7.3,301,3834.47,1,0.0,0,Potential Customers
CUST100528,2313.56,1,2313.56,3.0,0.0,3.4,250,3416.18,1,0.0,0,Potential Customers
CUST100529,1670.91,1,1670.91,1.0,0.0,1.73,145,2426.03,1,0.0,0,Potential Customers
CUST100530,1241.34,1,1241.34,3.0,1.0,16.95,112,1672.88,1,0.0,0,Potential Customers
CUST100531,575.57,1,575.57,0.0,0.0,2.47,254,816.5,1,0.0,2,At-Risk Customers
CUST100532,264.69,1,264.69,4.0,0.0,3.0,334,701.77,1,0.0,2,At-Risk Customers
CUST100533,2355.69,1,2355.69,2.0,0.0,7.17,133,3388.6,1,1.0,0,Potential Customers
CUST100534,0.0,0,0.0,2.0,1.0,9.66,400,160.64,1,1.0,2,At-Risk Customers
CUST100535,6051.94,2,3025.97,1.0,0.0,1.61,255,8909.36,1,0.0,3,High Value Customers
CUST100536,11555.25,5,2311.05,3.0,2.0,11.12,237,13191.6,1,0.0,3,High Value Customers
CUST100537,5565.1,2,2782.55,3.0,0.0,4.04,295,8090.45,1,0.0,3,High Value Customers
CUST100538,2508.76,2,1254.38,1.0,0.0,3.81,73,3925.51,1,0.0,0,Potential Customers
CUST100539,2008.92,1,2008.92,1.0,0.0,3.61,127,2835.03,1,0.0,0,Potential Customers
CUST100540,2322.94,2,1161.47,7.0,0.0,4.01,139,3090.43,1,0.0,0,Potential Customers
CUST100541,5740.74,2,2870.37,2.0,0.0,1.36,238,7528.08,1,0.0,3,High Value Customers
CUST100542,4326.89,2,2163.445,2.0,0.0,5.39,179,5687.81,1,0.0,0,Potential Customers
CUST100543,3118.43,1,3118.43,1.0,0.0,4.68,202,4096.29,1,0.0,0,Potential Customers
CUST100544,750.0,1,750.0,1.0,0.0,3.14,283,1241.51,1,0.0,2,At-Risk Customers
CUST100545,5836.4,4,1459.1,0.0,0.0,4.68,136,7966.77,1,0.0,3,High Value Customers
CUST100546,288.61,1,288.61,4.0,0.0,3.51,148,517.95,1,0.0,0,Potential Customers
CUST100547,2260.61,1,2260.61,2.0,0.0,3.85,321,3260.41,1,0.0,0,Potential Customers
CUST100548,0.0,0,0.0,2.0,0.0,5.43,400,92.71,1,0.0,2,At-Risk Customers
CUST100549,2805.32,1,2805.32,3.0,0.0,3.46,197,3377.54,1,0.0,0,Potential Customers
CUST100550,0.0,0,0.0,0.0,0.0,2.35,400,0.0,1,0.0,2,At-Risk Customers
CUST100551,0.0,0,0.0,4.0,0.0,6.9,400,0.0,1,0.0,2,At-Risk Customers
CUST100552,0.0,0,0.0,4.0,1.0,1.91,400,21.17,1,0.0,2,At-Risk Customers
CUST100553,7022.79,2,3511.395,1.0,0.0,8.47,140,9391.41,1,1.0,3,High Value Customers
CUST100554,1363.53,1,1363.53,5.0,0.0,3.19,279,1790.62,1,0.0,0,Potential Customers
CUST100555,4086.88,3,1362.2933333333333,3.0,3.0,7.49,65,5647.83,1,1.0,1,Loyal Customers
CUST100556,0.0,0,0.0,2.0,0.0,11.09,400,114.23,1,0.0,2,At-Risk Customers
CUST100557,3658.37,2,1829.185,1.0,0.0,3.89,301,5476.03,1,0.0,0,Potential Customers
CUST100558,1494.36,1,1494.36,1.0,0.0,7.47,343,1777.25,1,0.0,0,Potential Customers
CUST100559,2344.04,1,2344.04,3.0,0.0,6.3,179,3055.15,1,0.0,0,Potential Customers
CUST100560,1330.33,4,332.5825,2.0,0.0,4.61,138,3057.75,1,0.0,0,Potential Customers
CUST100561,3835.98,1,3835.98,3.0,0.0,6.18,163,4800.19,1,0.0,0,Potential Customers
CUST100562,0.0,0,0.0,6.0,0.0,3.33,400,12.07,1,0.0,2,At-Risk Customers
CUST100563,651.21,1,651.21,2.0,0.0,12.8,206,1002.1,1,0.0,0,Potential Customers
CUST100564,4982.37,2,2491.185,1.0,0.0,4.3,245,6020.6,1,0.0,3,High Value Customers
CUST100565,8200.06,3,2733.353333333333,1.0,0.0,2.43,312,9616.14,1,0.0,3,High Value Customers
CUST100566,2499.54,1,2499.54,1.0,0.0,2.99,116,2925.03,1,0.0,0,Potential Customers
CUST100567,0.0,0,0.0,3.0,0.0,7.55,400,0.0,1,0.0,2,At-Risk Customers
CUST100568,0.0,0,0.0,3.0,0.0,2.13,400,62.97,1,0.0,2,At-Risk Customers
CUST100569,669.48,2,334.74,6.0,0.0,15.25,52,879.87,1,1.0,0,Potential Customers
CUST100570,2893.72,2,1446.86,3.0,0.0,10.11,230,4057.07,1,0.0,0,Potential Customers
CUST100571,1614.3,1,1614.3,0.0,0.0,1.71,361,2257.64,1,0.0,0,Potential Customers
CUST100572,689.37,2,344.685,2.0,0.0,6.97,314,1207.03,1,0.0,2,At-Risk Customers
CUST100573,5347.55,2,2673.775,1.0,0.0,2.06,30,6461.27,1,0.0,3,High Value Customers
CUST100574,11589.14840000001,4,2897.2871000000023,3.0,0.0,2.26,105,15904.09,1,0.0,3,High Value Customers
CUST100575,0.0,0,0.0,2.0,0.0,2.92,400,187.42,1,0.0,2,At-Risk Customers
CUST100576,0.0,0,0.0,3.0,0.0,2.41,400,0.0,1,0.0,2,At-Risk Customers
CUST100577,3196.94,3,1065.6466666666668,3.0,0.0,6.74,308,3956.82,1,0.0,0,Potential Customers
CUST100578,1184.37,1,1184.37,1.0,0.0,4.84,302,1886.02,1,0.0,0,Potential Customers
CUST100579,6517.39,2,3258.695,3.0,0.0,5.45,25,8219.38,1,0.0,3,High Value Customers
CUST100580,0.0,0,0.0,1.0,0.0,4.06,400,59.75,1,0.0,2,At-Risk Customers
CUST100581,0.0,0,0.0,2.0,0.0,2.8,400,23.65,1,0.0,2,At-Risk Customers
CUST100582,1498.78,1,1498.78,0.0,0.0,2.82,210,2059.86,1,0.0,0,Potential Customers
CUST100583,2564.62,1,2564.62,2.0,0.0,8.79,345,3222.47,1,0.0,0,Potential Customers
CUST100584,1735.7,1,1735.7,5.0,0.0,3.18,216,2621.42,1,0.0,0,Potential Customers
CUST100585,6294.77,3,2098.2566666666667,2.0,0.0,10.77,153,9422.37,1,0.0,3,High Value Customers
CUST100586,5678.16,2,2839.08,1.0,0.0,2.6,152,7252.2,1,0.0,3,High Value Customers
CUST100587,0.0,0,0.0,2.0,0.0,4.19,400,14.95,1,1.0,2,At-Risk Customers
CUST100588,0.0,0,0.0,3.0,0.0,5.04,400,173.14,1,0.0,2,At-Risk Customers
CUST100589,3484.16,2,1742.08,2.0,0.0,9.28,40,4542.0,1,0.0,0,Potential Customers
CUST100590,5440.18,2,2720.09,2.0,0.0,7.99,306,6269.97,1,0.0,3,High Value Customers
CUST100591,2723.04,2,1361.52,2.0,0.0,5.03,352,3883.59,1,0.0,0,Potential Customers
CUST100592,2878.68,1,2878.68,2.0,0.0,4.27,106,3795.91,1,0.0,0,Potential Customers
CUST100593,2956.26,2,1478.13,2.0,0.0,2.15,208,4091.89,1,0.0,0,Potential Customers
CUST100594,1684.69,1,1684.69,2.0,0.0,3.54,35,2587.57,1,0.0,0,Potential Customers
CUST100595,3343.37,2,1671.685,8.0,0.0,19.76,27,4794.35,1,0.0,0,Potential Customers
CUST100596,8178.38,4,2044.595,2.0,0.0,2.07,174,9928.52,1,0.0,3,High Value Customers
CUST100597,2037.87,1,2037.87,2.0,0.0,2.74,262,3001.09,1,0.0,0,Potential Customers
CUST100598,563.44,1,563.44,1.0,0.0,1.54,259,1029.23,1,0.0,2,At-Risk Customers
CUST100599,0.0,0,0.0,1.0,0.0,2.4,400,27.73,1,0.0,2,At-Risk Customers
CUST100600,0.0,0,0.0,1.0,0.0,1.77,400,109.89,1,0.0,2,At-Risk Customers
CUST100601,4417.38,2,2208.69,2.0,0.0,1.72,265,5598.09,1,0.0,0,Potential Customers
CUST100602,0.0,0,0.0,1.0,0.0,5.08,400,102.96,1,0.0,2,At-Risk Customers
CUST100603,10694.94,3,3564.98,1.0,0.0,6.76,112,13803.78,1,1.0,3,High Value Customers
CUST100604,0.0,0,0.0,2.0,0.0,5.19,400,204.68,1,0.0,2,At-Risk Customers
CUST100605,1323.83,1,1323.83,3.0,0.0,1.98,162,1784.83,1,0.0,0,Potential Customers
CUST100606,610.72,1,610.72,1.0,0.0,1.25,60,968.74,1,0.0,0,Potential Customers
CUST100607,1198.37,1,1198.37,0.0,0.0,0.97,277,1446.15,1,0.0,0,Potential Customers
CUST100608,643.23,1,643.23,1.0,0.0,1.73,156,1100.01,1,0.0,0,Potential Customers
CUST100609,0.0,0,0.0,1.0,0.0,1.98,400,0.0,1,0.0,2,At-Risk Customers
CUST100610,4353.2,3,1451.0666666666666,3.0,0.0,2.94,1,6417.58,1,1.0,3,High Value Customers
CUST100611,0.0,0,0.0,2.0,0.0,4.87,400,0.0,1,0.0,2,At-Risk Customers
CUST100612,5581.15,2,2790.575,1.0,0.0,3.09,339,7718.79,1,1.0,3,High Value Customers
CUST100613,286.91,1,286.91,5.0,1.0,12.29,259,678.37,1,0.0,2,At-Risk Customers
CUST100614,3627.37,2,1813.685,9.0,3.0,20.38,210,4785.78,1,0.0,1,Loyal Customers
CUST100615,0.0,0,0.0,1.0,0.0,3.76,400,67.72,1,0.0,2,At-Risk Customers
CUST100616,0.0,0,0.0,1.0,0.0,1.06,400,53.57,1,0.0,2,At-Risk Customers
CUST100617,988.58,1,988.58,5.0,0.0,2.78,304,1606.86,1,1.0,0,Potential Customers
CUST100618,1405.72,1,1405.72,1.0,0.0,3.36,278,1889.13,1,0.0,0,Potential Customers
CUST100619,2591.58,2,1295.79,3.0,0.0,6.55,56,3154.74,1,0.0,0,Potential Customers
CUST100620,1613.39,2,806.695,1.0,0.0,1.59,188,2263.21,1,0.0,0,Potential Customers
CUST100621,0.0,0,0.0,0.0,0.0,1.3,400,0.0,1,0.0,2,At-Risk Customers
CUST100622,0.0,0,0.0,4.0,2.0,4.87,400,169.15,1,0.0,1,Loyal Customers
CUST100623,2405.58,2,1202.79,3.0,0.0,2.77,353,3340.83,1,0.0,0,Potential Customers
CUST100624,2068.25,1,2068.25,1.0,0.0,2.74,136,2694.19,1,0.0,0,Potential Customers
CUST100625,0.0,0,0.0,1.0,0.0,2.19,400,140.23,1,0.0,2,At-Risk Customers
CUST100626,5610.91,3,1870.3033333333333,1.0,0.0,3.06,149,8005.52,1,1.0,3,High Value Customers
CUST100627,1744.6,1,1744.6,3.0,0.0,4.66,186,2092.39,1,0.0,0,Potential Customers
CUST100628,0.0,0,0.0,0.0,0.0,0.76,400,110.95,1,0.0,2,At-Risk Customers
CUST100629,1873.29,2,936.645,5.0,0.0,4.1,272,3218.29,1,0.0,0,Potential Customers
CUST100630,4281.43,3,1427.1433333333334,1.0,0.0,6.56,128,6995.15,1,0.0,3,High Value Customers
CUST100631,1640.28,2,820.14,0.0,0.0,5.55,127,2687.35,1,0.0,0,Potential Customers
CUST100632,2677.65,2,1338.825,4.0,0.0,17.73,183,3900.32,1,1.0,0,Potential Customers
CUST100633,1624.14,1,1624.14,3.0,0.0,2.99,313,1941.38,1,0.0,0,Potential Customers
CUST100634,2355.26,1,2355.26,4.0,0.0,3.8,49,3124.91,1,0.0,0,Potential Customers
CUST100635,4787.5,2,2393.75,4.0,0.0,9.89,336,6861.6,1,0.0,3,High Value Customers
CUST100636,4177.53,3,1392.51,2.0,0.0,4.21,51,5612.83,1,1.0,3,High Value Customers
CUST100637,1678.62,1,1678.62,2.0,0.0,11.63,149,2064.58,1,0.0,0,Potential Customers
CUST100638,7421.64,4,1855.41,2.0,0.0,7.18,317,10430.59,1,0.0,3,High Value Customers
CUST100639,0.0,0,0.0,2.0,0.0,4.48,400,27.31,1,0.0,2,At-Risk Customers
CUST100640,0.0,0,0.0,3.0,0.0,4.02,400,121.86,1,0.0,2,At-Risk Customers
CUST100641,1972.04,2,986.02,2.0,0.0,3.44,208,3321.33,1,0.0,0,Potential Customers
CUST100642,1990.75,1,1990.75,1.0,0.0,3.96,26,2892.18,1,1.0,0,Potential Customers
CUST100643,266.78,1,266.78,0.0,0.0,2.24,79,729.99,1,0.0,0,Potential Customers
CUST100644,4080.22,2,2040.11,3.0,0.0,6.52,100,6205.77,1,1.0,0,Potential Customers
CUST100645,9358.83,3,3119.61,4.0,0.0,15.49,351,11178.68,1,0.0,3,High Value Customers
CUST100646,2074.83,1,2074.83,0.0,0.0,1.14,318,2741.84,1,0.0,0,Potential Customers
CUST100647,0.0,0,0.0,7.0,0.0,9.26,400,0.0,1,1.0,2,At-Risk Customers
CUST100648,3243.09,2,1621.545,4.0,0.0,4.8,126,3878.57,1,0.0,0,Potential Customers
CUST100649,3364.98,2,1682.49,3.0,0.0,8.42,121,4618.14,1,1.0,0,Potential Customers
CUST100650,301.05,1,301.05,4.0,0.0,4.02,239,661.96,1,0.0,2,At-Risk Customers
CUST100651,866.88,1,866.88,5.0,0.0,3.57,309,1269.83,1,1.0,2,At-Risk Customers
CUST100652,0.0,0,0.0,2.0,0.0,9.83,400,0.0,1,0.0,2,At-Risk Customers
CUST100653,3112.56,2,1556.28,1.0,0.0,3.92,303,4116.86,1,0.0,0,Potential Customers
CUST100654,0.0,0,0.0,2.0,0.0,7.22,400,285.22,1,0.0,2,At-Risk Customers
CUST100655,784.9,3,261.6333333333333,1.0,0.0,2.69,87,1792.71,1,0.0,0,Potential Customers
CUST100656,2197.44,1,2197.44,6.0,0.0,3.53,232,2465.67,1,0.0,0,Potential Customers
CUST100657,921.18,1,921.18,4.0,0.0,5.79,189,1456.13,1,0.0,0,Potential Customers
CUST100658,7022.4,4,1755.6,6.0,0.0,5.38,245,9779.01,1,0.0,3,High Value Customers
CUST100659,2337.64,1,2337.64,3.0,0.0,7.23,326,3284.21,1,0.0,0,Potential Customers
CUST100660,0.0,0,0.0,1.0,0.0,3.19,400,0.0,1,0.0,2,At-Risk Customers
CUST100661,603.77,1,603.77,1.0,0.0,4.06,274,918.51,1,0.0,2,At-Risk Customers
CUST100662,9288.08,3,3096.0266666666666,2.0,0.0,7.99,78,10488.77,1,0.0,3,High Value Customers
CUST100663,1460.79,1,1460.79,3.0,0.0,11.13,209,2203.43,1,0.0,0,Potential Customers
CUST100664,5550.06,2,2775.03,5.0,0.0,2.25,264,6477.84,1,1.0,3,High Value Customers
CUST100665,2221.53,2,1110.765,5.0,0.0,9.31,92,3098.09,1,0.0,0,Potential Customers
CUST100666,1056.93,1,1056.93,0.0,0.0,2.37,336,1399.73,1,0.0,2,At-Risk Customers
CUST100667,5998.65,3,1999.55,2.0,0.0,4.69,49,7890.26,1,0.0,3,High Value Customers
CUST100668,0.0,0,0.0,4.0,0.0,4.94,400,0.0,1,1.0,2,At-Risk Customers
CUST100669,1510.82,2,755.41,0.0,0.0,2.88,35,2408.35,1,0.0,0,Potential Customers
CUST100670,6003.31,2,3001.655,1.0,0.0,3.58,73,7099.1,1,0.0,3,High Value Customers
CUST100671,1976.03,1,1976.03,1.0,0.0,1.18,167,2557.79,1,0.0,0,Potential Customers
CUST100672,1836.08,1,1836.08,7.0,0.0,4.02,155,2509.65,1,1.0,0,Potential Customers
CUST100673,5086.71,3,1695.57,2.0,0.0,3.34,195,7645.57,1,0.0,3,High Value Customers
CUST100674,4654.0,2,2327.0,2.0,0.0,3.94,19,5810.11,1,0.0,0,Potential Customers
CUST100675,1733.51,1,1733.51,1.0,0.0,2.72,192,2548.26,1,0.0,0,Potential Customers
CUST100676,0.0,0,0.0,4.0,0.0,6.75,400,2.66,1,0.0,2,At-Risk Customers
CUST100677,1464.41,2,732.205,6.0,0.0,4.62,88,2061.72,1,0.0,0,Potential Customers
CUST100678,1449.26,1,1449.26,4.0,0.0,1.81,195,1706.23,1,1.0,0,Potential Customers
CUST100679,726.39,1,726.39,2.0,0.0,3.75,173,1050.46,1,1.0,0,Potential Customers
CUST100680,0.0,0,0.0,2.0,0.0,1.96,400,6.07,1,0.0,2,At-Risk Customers
CUST100681,431.51,1,431.51,3.0,0.0,4.11,298,889.53,1,0.0,2,At-Risk Customers
CUST100682,6611.39,3,2203.7966666666666,1.0,0.0,6.54,356,9292.34,1,0.0,3,High Value Customers
CUST100683,0.0,0,0.0,1.0,0.0,4.64,400,0.0,1,0.0,2,At-Risk Customers
CUST100684,1044.01,4,261.0025,3.0,0.0,5.5,199,2118.65,1,0.0,0,Potential Customers
CUST100685,1219.08,2,609.54,4.0,0.0,23.312000000000044,221,2092.99,1,0.0,0,Potential Customers
CUST100686,4323.52,3,1441.1733333333334,1.0,0.0,2.29,271,6675.19,1,0.0,3,High Value Customers
CUST100687,0.0,0,0.0,6.0,0.0,2.98,400,54.1,1,0.0,2,At-Risk Customers
CUST100688,0.0,0,0.0,1.0,0.0,1.15,400,140.7,1,0.0,2,At-Risk Customers
CUST100689,1730.88,1,1730.88,2.0,0.0,3.11,243,2605.69,1,0.0,0,Potential Customers
CUST100690,5737.32,2,2868.66,2.0,0.0,2.64,258,8111.04,1,0.0,3,High Value Customers
CUST100691,1499.53,1,1499.53,3.0,0.0,6.41,140,1936.92,1,0.0,0,Potential Customers
CUST100692,7331.56,5,1466.3120000000001,1.0,0.0,5.6,264,9229.43,1,1.0,3,High Value Customers
CUST100693,2304.23,1,2304.23,3.0,0.0,11.6,333,3115.11,1,0.0,0,Potential Customers
CUST100694,1667.24,1,1667.24,2.0,0.0,2.85,163,2259.26,1,0.0,0,Potential Customers
CUST100695,4528.81,2,2264.405,2.0,0.0,5.35,25,5485.65,1,0.0,0,Potential Customers
CUST100696,1682.89,1,1682.89,2.0,0.0,6.81,159,2536.85,1,0.0,0,Potential Customers
CUST100697,1233.07,1,1233.07,5.0,0.0,20.16,43,1802.71,1,0.0,0,Potential Customers
CUST100698,289.27,1,289.27,2.0,0.0,4.02,47,689.84,1,1.0,0,Potential Customers
CUST100699,0.0,0,0.0,3.0,0.0,3.92,400,0.0,1,0.0,2,At-Risk Customers
CUST100700,0.0,0,0.0,2.0,0.0,4.43,400,0.0,1,0.0,2,At-Risk Customers
CUST100701,0.0,0,0.0,2.0,0.0,5.62,400,0.0,1,0.0,2,At-Risk Customers
CUST100702,2438.62,3,812.8733333333333,2.0,0.0,10.61,115,3604.26,1,0.0,0,Potential Customers
CUST100703,10518.83,4,2629.7075,2.0,0.0,3.01,27,13534.97,1,0.0,3,High Value Customers
CUST100704,898.97,1,898.97,3.0,0.0,2.47,249,1247.84,1,0.0,0,Potential Customers
CUST100705,0.0,0,0.0,3.0,3.0,23.312000000000044,400,0.0,1,0.0,1,Loyal Customers
CUST100706,871.99,2,435.995,2.0,0.0,1.84,248,1824.0,1,0.0,0,Potential Customers
CUST100707,1754.63,1,1754.63,2.0,0.0,7.38,253,1928.21,1,0.0,0,Potential Customers
CUST100708,5156.52,2,2578.26,3.0,0.0,5.43,79,6385.18,1,0.0,3,High Value Customers
CUST100709,3397.0,1,3397.0,1.0,0.0,5.08,124,4704.49,1,0.0,0,Potential Customers
CUST100710,1634.21,1,1634.21,2.0,0.0,1.72,24,2011.45,1,0.0,0,Potential Customers
CUST100711,5167.16,3,1722.3866666666665,11.0,0.0,23.312000000000044,337,6233.93,1,0.0,3,High Value Customers
CUST100712,5235.82,2,2617.91,1.0,0.0,4.59,104,7093.51,1,0.0,3,High Value Customers
CUST100713,3690.78,2,1845.39,1.0,0.0,2.83,13,4570.32,1,0.0,0,Potential Customers
CUST100714,1486.03,1,1486.03,4.0,0.0,1.6,11,2166.48,1,0.0,0,Potential Customers
CUST100715,0.0,0,0.0,1.0,0.0,0.99,400,42.32,1,0.0,2,At-Risk Customers
CUST100716,6011.08,3,2003.6933333333334,4.0,0.0,6.64,7,6735.86,1,0.0,3,High Value Customers
CUST100717,2500.77,2,1250.385,0.0,0.0,2.26,308,2986.1,1,0.0,0,Potential Customers
CUST100718,326.9,1,326.9,6.0,0.0,3.36,252,822.31,1,0.0,2,At-Risk Customers
CUST100719,0.0,0,0.0,3.0,0.0,2.66,400,38.52,1,0.0,2,At-Risk Customers
CUST100720,0.0,0,0.0,1.0,0.0,5.91,400,36.91,1,0.0,2,At-Risk Customers
CUST100721,4790.33,2,2395.165,0.0,0.0,5.33,49,6710.49,1,0.0,3,High Value Customers
CUST100722,7759.24,3,2586.4133333333334,3.0,0.0,6.87,363,11139.24,1,0.0,3,High Value Customers
CUST100723,0.0,0,0.0,3.0,0.0,7.05,400,171.89,1,0.0,2,At-Risk Customers
CUST100724,6322.46,3,2107.4866666666667,1.0,3.0,2.46,105,9084.89,1,1.0,1,Loyal Customers
CUST100725,2371.99,1,2371.99,1.0,0.0,1.58,6,3095.36,1,0.0,0,Potential Customers
CUST100726,3468.75,2,1734.375,1.0,0.0,3.65,52,4382.68,1,0.0,0,Potential Customers
CUST100727,1763.47,1,1763.47,2.0,0.0,5.82,52,2400.39,1,1.0,0,Potential Customers
CUST100728,0.0,0,0.0,2.0,0.0,4.37,400,49.94,1,0.0,2,At-Risk Customers
CUST100729,3632.34,1,3632.34,1.0,0.0,1.1,168,4275.75,1,1.0,0,Potential Customers
CUST100730,4303.6,2,2151.8,1.0,0.0,4.22,28,5892.67,1,0.0,0,Potential Customers
CUST100731,10433.59,2,5216.795,1.0,3.0,2.01,58,13262.12,1,1.0,1,Loyal Customers
CUST100732,0.0,0,0.0,0.0,0.0,4.12,400,0.0,1,1.0,2,At-Risk Customers
CUST100733,1806.15,1,1806.15,7.0,0.0,7.97,73,2714.48,1,1.0,0,Potential Customers
CUST100734,2455.34,2,1227.67,1.0,0.0,0.76,157,3351.3,1,0.0,0,Potential Customers
CUST100735,0.0,0,0.0,4.0,1.0,11.65,400,263.17,1,1.0,2,At-Risk Customers
CUST100736,0.0,0,0.0,3.0,0.0,1.95,400,78.93,1,0.0,2,At-Risk Customers
CUST100737,0.0,0,0.0,4.0,0.0,8.14,400,10.53,1,0.0,2,At-Risk Customers
CUST100738,3632.54,2,1816.27,2.0,0.0,7.31,336,5234.32,1,0.0,0,Potential Customers
CUST100739,278.74,1,278.74,1.0,0.0,3.28,57,613.31,1,0.0,0,Potential Customers
CUST100740,4913.87,2,2456.935,1.0,0.0,5.57,185,6953.57,1,0.0,3,High Value Customers
CUST100741,8678.09,3,2892.6966666666667,3.0,0.0,2.48,248,12666.84,1,1.0,3,High Value Customers
CUST100742,0.0,0,0.0,3.0,0.0,1.21,400,150.48,1,0.0,2,At-Risk Customers
CUST100743,4796.18,3,1598.7266666666667,3.0,0.0,8.99,180,5877.42,1,0.0,3,High Value Customers
CUST100744,631.4,2,315.7,4.0,0.0,2.51,302,1312.74,1,0.0,0,Potential Customers
CUST100745,1891.76,1,1891.76,4.0,0.0,14.3,142,2159.86,1,1.0,0,Potential Customers
CUST100746,1904.0,2,952.0,4.0,2.0,7.52,251,2771.6,1,0.0,1,Loyal Customers
CUST100747,327.44,1,327.44,3.0,3.0,2.25,255,706.65,1,0.0,1,Loyal Customers
CUST100748,2940.09,1,2940.09,1.0,0.0,6.12,38,3401.56,1,0.0,0,Potential Customers
CUST100749,3299.99,1,3299.99,2.0,0.0,5.87,73,4524.0,1,1.0,0,Potential Customers
CUST100750,2030.98,2,1015.49,2.0,0.0,13.54,22,3211.33,1,1.0,0,Potential Customers
CUST100751,1198.59,1,1198.59,3.0,0.0,2.88,149,1984.08,1,0.0,0,Potential Customers
CUST100752,1929.49,1,1929.49,3.0,0.0,3.45,79,2440.04,1,0.0,0,Potential Customers
CUST100753,0.0,0,0.0,2.0,0.0,5.49,400,108.4,1,0.0,2,At-Risk Customers
CUST100754,1774.37,1,1774.37,2.0,0.0,4.11,71,2506.51,1,0.0,0,Potential Customers
CUST100755,2410.51,1,2410.51,0.0,0.0,1.53,67,3011.03,1,1.0,0,Potential Customers
CUST100756,2713.18,1,2713.18,1.0,0.0,8.25,221,2968.69,1,0.0,0,Potential Customers
CUST100757,0.0,0,0.0,3.0,0.0,12.41,400,71.46,1,0.0,2,At-Risk Customers
CUST100758,2456.65,2,1228.325,2.0,0.0,4.51,251,3982.28,1,0.0,0,Potential Customers
CUST100759,288.2,1,288.2,0.0,0.0,1.66,212,701.37,1,0.0,2,At-Risk Customers
CUST100760,2644.1,2,1322.05,2.0,0.0,3.75,197,3548.81,1,1.0,0,Potential Customers
CUST100761,1727.87,1,1727.87,4.0,0.0,2.15,254,2276.93,1,0.0,0,Potential Customers
CUST100762,2951.26,1,2951.26,1.0,0.0,3.38,20,3820.83,1,0.0,0,Potential Customers
CUST100763,2825.11,5,565.022,2.0,0.0,4.62,184,4363.37,1,0.0,3,High Value Customers
CUST100764,4589.49,2,2294.745,2.0,0.0,6.42,334,5848.34,1,0.0,3,High Value Customers
CUST100765,0.0,0,0.0,2.0,0.0,10.84,400,14.38,1,0.0,2,At-Risk Customers
CUST100766,1206.79,1,1206.79,1.0,0.0,6.29,223,1711.24,1,0.0,0,Potential Customers
CUST100767,4727.03,3,1575.6766666666665,2.0,0.0,1.93,59,6729.47,1,0.0,3,High Value Customers
CUST100768,3791.7,2,1895.85,3.0,0.0,6.54,152,5603.92,1,0.0,0,Potential Customers
CUST100769,1735.71,1,1735.71,2.0,0.0,3.32,246,2372.03,1,0.0,0,Potential Customers
CUST100770,1274.83,2,637.415,2.0,0.0,3.59,174,2163.45,1,0.0,0,Potential Customers
CUST100771,1536.43,1,1536.43,2.0,0.0,4.02,34,1984.95,1,1.0,0,Potential Customers
CUST100772,11589.14840000001,4,2897.2871000000023,1.0,0.0,4.46,219,19362.23,1,0.0,3,High Value Customers
CUST100773,4942.61,2,2471.305,4.0,0.0,8.24,314,6909.6,1,0.0,3,High Value Customers
CUST100774,695.96,1,695.96,3.0,0.0,5.74,21,1115.82,1,1.0,0,Potential Customers
CUST100775,2295.62,1,2295.62,2.0,0.0,1.77,266,3162.36,1,0.0,0,Potential Customers
CUST100776,2480.74,2,1240.37,2.0,0.0,1.42,342,3500.77,1,0.0,0,Potential Customers
CUST100777,0.0,0,0.0,1.0,0.0,6.39,400,0.0,1,0.0,2,At-Risk Customers
CUST100778,0.0,0,0.0,4.0,0.0,5.91,400,110.03,1,0.0,2,At-Risk Customers
CUST100779,3646.77,1,3646.77,3.0,0.0,9.8,107,4148.72,1,0.0,0,Potential Customers
CUST100780,1568.16,1,1568.16,2.0,0.0,3.79,117,2157.96,1,1.0,0,Potential Customers
CUST100781,3686.57,2,1843.285,2.0,0.0,4.93,78,4603.11,1,0.0,0,Potential Customers
CUST100782,2165.09,1,2165.09,3.0,0.0,5.66,236,2806.31,1,0.0,0,Potential Customers
CUST100783,0.0,0,0.0,3.0,0.0,1.37,400,0.0,1,0.0,2,At-Risk Customers
CUST100784,1456.66,1,1456.66,1.0,0.0,1.31,66,2286.46,1,0.0,0,Potential Customers
CUST100785,1202.06,1,1202.06,3.0,0.0,6.79,183,1744.08,1,0.0,0,Potential Customers
CUST100786,6143.57,4,1535.8925,2.0,0.0,5.25,39,8941.34,1,0.0,3,High Value Customers
CUST100787,0.0,0,0.0,1.0,0.0,10.41,400,0.0,1,0.0,2,At-Risk Customers
CUST100788,0.0,0,0.0,4.0,0.0,14.74,400,0.0,1,0.0,2,At-Risk Customers
CUST100789,3076.57,1,3076.57,7.0,0.0,3.29,148,3994.65,1,0.0,0,Potential Customers
CUST100790,923.02,1,923.02,1.0,0.0,3.17,308,1299.65,1,0.0,2,At-Risk Customers
CUST100791,0.0,0,0.0,6.0,0.0,1.57,400,0.0,1,0.0,2,At-Risk Customers
CUST100792,3268.94,2,1634.47,3.0,0.0,5.83,193,4539.08,1,0.0,0,Potential Customers
CUST100793,1652.21,1,1652.21,1.0,0.0,0.96,328,2438.62,1,0.0,0,Potential Customers
CUST100794,1987.21,1,1987.21,3.0,0.0,2.06,244,2301.16,1,0.0,0,Potential Customers
CUST100795,3391.36,1,3391.36,3.0,0.0,5.03,28,4119.6,1,1.0,0,Potential Customers
CUST100796,1554.45,1,1554.45,2.0,0.0,2.56,238,2351.77,1,0.0,0,Potential Customers
CUST100797,1650.71,1,1650.71,3.0,0.0,3.92,351,2550.39,1,0.0,0,Potential Customers
CUST100798,6098.27,3,2032.756666666667,2.0,0.0,3.51,190,7874.78,1,0.0,3,High Value Customers
CUST100799,0.0,0,0.0,2.0,0.0,1.86,400,83.8,1,0.0,2,At-Risk Customers
CUST100800,1032.5,3,344.1666666666667,3.0,0.0,0.95,284,1997.49,1,0.0,0,Potential Customers
CUST100801,2448.48,1,2448.48,2.0,1.0,6.62,108,2945.61,1,1.0,0,Potential Customers
CUST100802,11589.14840000001,4,2897.2871000000023,2.0,0.0,3.58,55,13914.94,1,0.0,3,High Value Customers
CUST100803,0.0,0,0.0,2.0,0.0,5.14,400,0.0,1,0.0,2,At-Risk Customers
CUST100804,6993.91,3,2331.3033333333333,1.0,0.0,3.89,179,8388.3,1,0.0,3,High Value Customers
CUST100805,0.0,0,0.0,1.0,0.0,3.84,400,144.28,1,0.0,2,At-Risk Customers
CUST100806,3068.89,1,3068.89,2.0,0.0,4.55,175,3980.48,1,0.0,0,Potential Customers
CUST100807,857.51,1,857.51,2.0,0.0,3.54,343,1358.94,1,0.0,2,At-Risk Customers
CUST100808,1634.87,2,817.435,2.0,0.0,3.2,88,2493.26,1,1.0,0,Potential Customers
CUST100809,3138.88,1,3138.88,1.0,0.0,2.01,301,4178.69,1,0.0,0,Potential Customers
CUST100810,1824.87,2,912.435,5.0,0.0,23.05,241,2837.21,1,0.0,0,Potential Customers
CUST100811,1737.96,1,1737.96,3.0,0.0,8.21,2,2375.69,1,0.0,0,Potential Customers
CUST100812,0.0,0,0.0,3.0,0.0,11.52,400,0.0,1,0.0,2,At-Risk Customers
CUST100813,1376.89,1,1376.89,5.0,0.0,9.86,173,1928.0,1,0.0,0,Potential Customers
CUST100814,9093.83,4,2273.4575,1.0,0.0,3.34,267,13073.59,1,0.0,3,High Value Customers
CUST100815,262.65,1,262.65,2.0,0.0,3.57,163,769.47,1,0.0,0,Potential Customers
CUST100816,2387.88,1,2387.88,0.0,0.0,4.06,68,3103.77,1,0.0,0,Potential Customers
CUST100817,0.0,0,0.0,1.0,0.0,3.14,400,0.0,1,0.0,2,At-Risk Customers
CUST100818,3331.95,2,1665.975,3.0,0.0,7.5,38,4789.8,1,0.0,0,Potential Customers
CUST100819,2574.87,1,2574.87,0.0,0.0,2.29,323,3517.49,1,0.0,0,Potential Customers
CUST100820,1866.12,1,1866.12,1.0,0.0,1.92,238,2593.35,1,0.0,0,Potential Customers
CUST100821,1783.94,1,1783.94,4.0,0.0,1.64,253,2194.06,1,0.0,0,Potential Customers
CUST100822,6057.35,2,3028.675,5.0,0.0,3.23,203,8575.73,1,0.0,3,High Value Customers
CUST100823,1399.09,1,1399.09,2.0,3.0,2.91,70,1746.03,1,0.0,1,Loyal Customers
CUST100824,3598.24,1,3598.24,1.0,0.0,2.63,1,4416.27,1,1.0,0,Potential Customers
CUST100825,4210.69,2,2105.345,3.0,0.0,4.3,65,6090.07,1,0.0,0,Potential Customers
CUST100826,2686.38,2,1343.19,1.0,0.0,1.79,70,3815.5,1,0.0,0,Potential Customers
CUST100827,1606.28,2,803.14,3.0,0.0,6.82,88,2557.44,1,1.0,0,Potential Customers
CUST100828,2395.41,1,2395.41,0.0,0.0,1.88,316,3280.44,1,0.0,0,Potential Customers
CUST100829,3893.14,2,1946.57,3.0,0.0,1.78,84,5358.21,1,0.0,0,Potential Customers
CUST100830,4965.91,2,2482.955,1.0,0.0,2.58,44,7288.12,1,0.0,3,High Value Customers
CUST100831,11589.14840000001,5,2317.8296800000016,1.0,0.0,3.68,51,28334.3,1,0.0,3,High Value Customers
CUST100832,7373.82,5,1474.764,4.0,0.0,7.41,235,10117.23,1,0.0,3,High Value Customers
CUST100833,570.66,1,570.66,4.0,0.0,3.85,13,995.36,1,0.0,0,Potential Customers
CUST100834,0.0,0,0.0,2.0,0.0,1.32,400,73.18,1,0.0,2,At-Risk Customers
CUST100835,1935.57,1,1935.57,2.0,3.0,5.7,219,2221.79,1,1.0,1,Loyal Customers
CUST100836,4750.79,2,2375.395,4.0,0.0,5.63,144,7021.53,1,0.0,3,High Value Customers
CUST100837,5139.28,2,2569.64,1.0,0.0,2.7,150,6889.15,1,0.0,3,High Value Customers
CUST100838,5304.21,4,1326.0525,3.0,0.0,4.57,1,6875.42,1,0.0,3,High Value Customers
CUST100839,4221.68,2,2110.84,3.0,0.0,11.07,8,5473.37,1,0.0,0,Potential Customers
CUST100840,991.98,1,991.98,1.0,0.0,2.21,223,1509.26,1,0.0,0,Potential Customers
CUST100841,4051.77,2,2025.885,2.0,0.0,7.94,194,5462.71,1,0.0,0,Potential Customers
CUST100842,535.46,1,535.46,9.0,3.0,9.83,193,894.36,1,1.0,1,Loyal Customers
CUST100843,1462.43,3,487.4766666666667,2.0,2.0,4.59,307,2571.89,1,0.0,1,Loyal Customers
CUST100844,1512.34,1,1512.34,2.0,0.0,1.72,169,2515.42,1,0.0,0,Potential Customers
CUST100845,0.0,0,0.0,1.0,0.0,10.12,400,1.2,1,0.0,2,At-Risk Customers
CUST100846,623.85,2,311.925,7.0,0.0,7.7,127,1399.78,1,1.0,0,Potential Customers
CUST100847,0.0,0,0.0,2.0,0.0,5.95,400,137.69,1,0.0,2,At-Risk Customers
CUST100848,1408.7,1,1408.7,1.0,0.0,3.91,314,1735.48,1,0.0,0,Potential Customers
CUST100849,1931.18,4,482.795,2.0,0.0,9.12,136,3788.55,1,0.0,0,Potential Customers
CUST100850,1100.48,1,1100.48,1.0,0.0,2.24,305,1339.1,1,0.0,0,Potential Customers
CUST100851,4422.32,2,2211.16,4.0,0.0,7.39,238,5779.2,1,1.0,0,Potential Customers
CUST100852,3806.17,2,1903.085,2.0,0.0,3.24,164,5081.57,1,0.0,0,Potential Customers
CUST100853,0.0,0,0.0,3.0,0.0,1.25,400,51.58,1,0.0,2,At-Risk Customers
CUST100854,2057.89,1,2057.89,0.0,0.0,2.01,226,2566.74,1,0.0,0,Potential Customers
CUST100855,0.0,0,0.0,4.0,0.0,5.38,400,50.99,1,0.0,2,At-Risk Customers
CUST100856,0.0,0,0.0,2.0,0.0,4.74,400,73.41,1,0.0,2,At-Risk Customers
CUST100857,7869.4,3,2623.133333333333,1.0,0.0,5.53,88,10864.77,1,1.0,3,High Value Customers
CUST100858,637.92,2,318.96,1.0,0.0,3.14,214,1453.25,1,0.0,0,Potential Customers
CUST100859,993.83,2,496.915,2.0,0.0,4.7,104,1900.41,1,0.0,0,Potential Customers
CUST100860,11589.14840000001,4,2897.2871000000023,2.0,0.0,6.28,43,14784.96,1,0.0,3,High Value Customers
CUST100861,3544.76,1,3544.76,8.0,0.0,21.16,131,4469.89,1,0.0,0,Potential Customers
CUST100862,2685.89,1,2685.89,0.0,0.0,3.08,182,3812.37,1,0.0,0,Potential Customers
CUST100863,543.74,2,271.87,2.0,0.0,8.31,267,1188.45,1,0.0,0,Potential Customers
CUST100864,0.0,0,0.0,2.0,0.0,6.38,400,0.0,1,0.0,2,At-Risk Customers
CUST100865,5665.42,2,2832.71,0.0,0.0,4.42,321,6668.68,1,0.0,3,High Value Customers
CUST100866,822.05,3,274.01666666666665,1.0,0.0,1.63,33,1717.32,1,1.0,0,Potential Customers
CUST100867,2422.22,1,2422.22,4.0,0.0,10.73,37,3119.21,1,1.0,0,Potential Customers
CUST100868,2071.01,1,2071.01,3.0,0.0,4.83,165,2700.71,1,1.0,0,Potential Customers
CUST100869,5178.54,3,1726.18,3.0,3.0,2.68,23,6631.94,1,0.0,1,Loyal Customers
CUST100870,3931.11,2,1965.555,1.0,0.0,2.18,173,5744.64,1,0.0,0,Potential Customers
CUST100871,0.0,0,0.0,1.0,0.0,4.87,400,0.0,1,0.0,2,At-Risk Customers
CUST100872,2803.89,1,2803.89,0.0,0.0,2.1,226,3171.25,1,0.0,0,Potential Customers
CUST100873,2344.07,1,2344.07,1.0,0.0,2.72,233,3021.29,1,0.0,0,Potential Customers
CUST100874,10320.82,5,2064.1639999999998,0.0,0.0,2.68,67,12427.68,1,0.0,3,High Value Customers
CUST100875,501.05,1,501.05,2.0,0.0,4.19,156,662.31,1,0.0,0,Potential Customers
CUST100876,1946.75,1,1946.75,1.0,0.0,6.17,298,2444.8,1,0.0,0,Potential Customers
CUST100877,0.0,0,0.0,2.0,0.0,3.25,400,72.77,1,0.0,2,At-Risk Customers
CUST100878,3667.56,2,1833.78,1.0,0.0,3.49,132,5160.8,1,0.0,0,Potential Customers
CUST100879,0.0,0,0.0,1.0,0.0,4.37,400,136.92,1,0.0,2,At-Risk Customers
CUST100880,2510.95,1,2510.95,4.0,0.0,2.4,222,3397.33,1,0.0,0,Potential Customers
CUST100881,850.14,3,283.38,0.0,0.0,2.69,73,1698.47,1,0.0,0,Potential Customers
CUST100882,0.0,0,0.0,1.0,0.0,2.92,400,31.5,1,0.0,2,At-Risk Customers
CUST100883,3524.3,3,1174.7666666666667,4.0,0.0,4.96,223,4531.12,1,0.0,0,Potential Customers
CUST100884,2245.7,1,2245.7,3.0,0.0,12.51,140,2989.34,1,0.0,0,Potential Customers
CUST100885,5113.01,3,1704.3366666666668,4.0,0.0,1.7,58,7595.03,1,0.0,3,High Value Customers
CUST100886,0.0,0,0.0,2.0,0.0,4.79,400,41.34,1,0.0,2,At-Risk Customers
CUST100887,2583.35,1,2583.35,2.0,0.0,3.45,336,3755.39,1,0.0,0,Potential Customers
CUST100888,0.0,0,0.0,4.0,0.0,3.6,400,0.0,1,0.0,2,At-Risk Customers
CUST100889,3764.39,2,1882.195,1.0,0.0,2.88,130,4889.59,1,0.0,0,Potential Customers
CUST100890,2515.16,1,2515.16,1.0,3.0,9.01,328,3248.97,1,1.0,1,Loyal Customers
CUST100891,2281.99,1,2281.99,2.0,0.0,0.76,252,3288.73,1,0.0,0,Potential Customers
CUST100892,0.0,0,0.0,0.0,0.0,1.83,400,52.62,1,0.0,2,At-Risk Customers
CUST100893,5722.58,3,1907.5266666666666,3.0,0.0,8.7,163,8328.87,1,0.0,3,High Value Customers
CUST100894,3802.51,2,1901.255,2.0,0.0,9.16,131,5204.47,1,0.0,0,Potential Customers
CUST100895,2273.77,1,2273.77,3.0,0.0,13.9,23,2955.65,1,0.0,0,Potential Customers
CUST100896,0.0,0,0.0,2.0,3.0,5.03,400,41.54,1,1.0,1,Loyal Customers
CUST100897,5311.9,3,1770.6333333333332,3.0,0.0,5.68,207,6876.5,1,0.0,3,High Value Customers
CUST100898,1126.53,1,1126.53,4.0,0.0,1.1,330,1337.87,1,0.0,2,At-Risk Customers
CUST100899,3358.2,1,3358.2,3.0,0.0,4.06,170,4318.77,1,1.0,0,Potential Customers
CUST100900,2138.22,2,1069.11,1.0,0.0,6.0,362,2777.39,1,0.0,0,Potential Customers
CUST100901,1109.71,1,1109.71,0.0,0.0,2.88,109,1349.06,1,0.0,0,Potential Customers
CUST100902,5550.44,3,1850.1466666666665,3.0,0.0,3.8,55,7512.38,1,0.0,3,High Value Customers
CUST100903,0.0,0,0.0,4.0,0.0,9.61,400,0.0,1,0.0,2,At-Risk Customers
CUST100904,0.0,0,0.0,1.0,0.0,11.24,400,88.11,1,0.0,2,At-Risk Customers
CUST100905,0.0,0,0.0,2.0,0.0,4.83,400,0.0,1,0.0,2,At-Risk Customers
CUST100906,9921.82,4,2480.455,4.0,0.0,3.91,6,13081.66,1,0.0,3,High Value Customers
CUST100907,1748.68,1,1748.68,5.0,0.0,6.75,172,2321.41,1,0.0,0,Potential Customers
CUST100908,1552.02,2,776.01,2.0,0.0,3.13,264,2584.66,1,0.0,0,Potential Customers
CUST100909,0.0,0,0.0,1.0,0.0,8.42,400,0.0,1,0.0,2,At-Risk Customers
CUST100910,4381.72,2,2190.86,2.0,0.0,2.81,210,6075.72,1,0.0,0,Potential Customers
CUST100911,1735.24,3,578.4133333333333,2.0,0.0,6.86,37,3007.53,1,1.0,0,Potential Customers
CUST100912,0.0,0,0.0,4.0,0.0,4.0,400,0.0,1,0.0,2,At-Risk Customers
CUST100913,2165.4,1,2165.4,1.0,0.0,2.63,173,3108.39,1,0.0,0,Potential Customers
CUST100914,3746.17,3,1248.7233333333334,2.0,0.0,5.21,251,5273.13,1,0.0,0,Potential Customers
CUST100915,0.0,0,0.0,1.0,0.0,3.08,400,10.29,1,0.0,2,At-Risk Customers
CUST100916,4334.66,2,2167.33,4.0,0.0,8.13,104,6238.29,1,0.0,0,Potential Customers
CUST100917,4585.59,2,2292.795,0.0,0.0,2.02,155,6205.94,1,0.0,3,High Value Customers
CUST100918,2692.89,1,2692.89,2.0,0.0,4.75,86,3461.35,1,0.0,0,Potential Customers
CUST100919,4288.7,2,2144.35,3.0,0.0,2.43,339,5612.35,1,0.0,0,Potential Customers
CUST100920,983.69,1,983.69,3.0,0.0,9.4,15,1441.33,1,0.0,0,Potential Customers
CUST100921,6624.09,3,2208.03,3.0,0.0,6.69,346,9117.03,1,0.0,3,High Value Customers
CUST100922,0.0,0,0.0,1.0,0.0,3.93,400,28.25,1,0.0,2,At-Risk Customers
CUST100923,0.0,0,0.0,1.0,0.0,4.01,400,93.92,1,0.0,2,At-Risk Customers
CUST100924,717.95,2,358.975,5.0,0.0,13.19,238,1261.3,1,0.0,0,Potential Customers
CUST100925,659.35,1,659.35,2.0,3.0,6.9,73,1249.18,1,1.0,1,Loyal Customers
CUST100926,2128.66,1,2128.66,1.0,0.0,2.39,217,2658.34,1,0.0,0,Potential Customers
CUST100927,3281.3,1,3281.3,3.0,0.0,7.8,362,4628.77,1,0.0,0,Potential Customers
CUST100928,0.0,0,0.0,2.0,0.0,2.73,400,0.0,1,0.0,2,At-Risk Customers
CUST100929,0.0,0,0.0,3.0,0.0,4.51,400,32.4,1,0.0,2,At-Risk Customers
CUST100930,3233.94,2,1616.97,3.0,0.0,0.93,116,4212.01,1,0.0,0,Potential Customers
CUST100931,0.0,0,0.0,4.0,0.0,7.17,400,0.0,1,0.0,2,At-Risk Customers
CUST100932,0.0,0,0.0,2.0,3.0,2.54,400,20.55,1,0.0,1,Loyal Customers
CUST100933,2137.38,1,2137.38,6.0,2.0,3.51,345,3220.26,1,1.0,1,Loyal Customers
CUST100934,2479.98,1,2479.98,5.0,0.0,1.53,66,3448.56,1,0.0,0,Potential Customers
CUST100935,0.0,0,0.0,2.0,0.0,23.312000000000044,400,0.0,1,0.0,2,At-Risk Customers
CUST100936,1880.49,1,1880.49,2.0,0.0,4.26,206,2796.39,1,0.0,0,Potential Customers
CUST100937,0.0,0,0.0,1.0,2.0,1.66,400,0.0,1,0.0,1,Loyal Customers
CUST100938,0.0,0,0.0,2.0,0.0,4.15,400,0.0,1,0.0,2,At-Risk Customers
CUST100939,5900.39,4,1475.0975,5.0,0.0,3.37,128,7885.57,1,0.0,3,High Value Customers
CUST100940,6855.87,3,2285.29,2.0,0.0,9.55,235,9529.47,1,1.0,3,High Value Customers
CUST100941,4862.76,2,2431.38,0.0,0.0,2.47,117,6839.62,1,0.0,3,High Value Customers
CUST100942,1851.34,1,1851.34,1.0,0.0,5.67,227,2126.94,1,0.0,0,Potential Customers
CUST100943,521.56,1,521.56,1.0,0.0,1.45,54,1065.71,1,0.0,0,Potential Customers
CUST100944,948.69,2,474.345,0.0,0.0,4.29,269,1813.69,1,0.0,0,Potential Customers
CUST100945,4919.95,2,2459.975,2.0,0.0,5.21,245,6738.72,1,1.0,3,High Value Customers
CUST100946,2297.63,1,2297.63,1.0,0.0,5.39,296,2931.1,1,0.0,0,Potential Customers
CUST100947,0.0,0,0.0,4.0,0.0,3.73,400,0.0,1,0.0,2,At-Risk Customers
CUST100948,0.0,0,0.0,6.0,1.0,13.63,400,56.83,1,1.0,2,At-Risk Customers
CUST100949,957.91,1,957.91,2.0,0.0,3.15,318,1375.97,1,0.0,2,At-Risk Customers
CUST100950,1530.22,1,1530.22,3.0,0.0,5.68,296,1996.14,1,0.0,0,Potential Customers
CUST100951,1014.97,1,1014.97,2.0,0.0,3.25,201,1652.38,1,0.0,0,Potential Customers
CUST100952,0.0,0,0.0,2.0,0.0,2.26,400,0.0,1,0.0,2,At-Risk Customers
CUST100953,1378.07,1,1378.07,2.0,0.0,1.77,142,1828.02,1,0.0,0,Potential Customers
CUST100954,3040.39,1,3040.39,2.0,0.0,2.14,320,3860.58,1,0.0,0,Potential Customers
CUST100955,0.0,0,0.0,2.0,0.0,6.19,400,0.0,1,0.0,2,At-Risk Customers
CUST100956,0.0,0,0.0,2.0,0.0,10.27,400,0.0,1,0.0,2,At-Risk Customers
CUST100957,3763.3,1,3763.3,3.0,0.0,6.18,212,4862.23,1,0.0,0,Potential Customers
CUST100958,0.0,0,0.0,1.0,0.0,3.21,400,22.84,1,0.0,2,At-Risk Customers
CUST100959,8426.91,3,2808.97,0.0,0.0,2.61,182,10869.84,1,0.0,3,High Value Customers
CUST100960,0.0,0,0.0,0.0,0.0,4.55,400,109.22,1,0.0,2,At-Risk Customers
CUST100961,1892.39,1,1892.39,3.0,0.0,1.96,54,2517.19,1,0.0,0,Potential Customers
CUST100962,5782.37,2,2891.185,3.0,0.0,7.53,37,7968.53,1,0.0,3,High Value Customers
CUST100963,725.96,1,725.96,3.0,0.0,5.25,182,1171.96,1,0.0,0,Potential Customers
CUST100964,0.0,0,0.0,1.0,0.0,2.06,400,93.42,1,0.0,2,At-Risk Customers
CUST100965,1993.83,1,1993.83,3.0,0.0,11.52,155,2525.82,1,1.0,0,Potential Customers
CUST100966,1452.58,1,1452.58,3.0,0.0,1.74,121,2100.03,1,0.0,0,Potential Customers
CUST100967,2113.58,1,2113.58,1.0,0.0,4.2,227,2594.69,1,0.0,0,Potential Customers
CUST100968,1402.0,1,1402.0,3.0,0.0,7.27,298,1942.34,1,0.0,0,Potential Customers
CUST100969,11071.31,3,3690.4366666666665,4.0,0.0,6.78,262,14529.96,1,1.0,3,High Value Customers
CUST100970,3486.2,2,1743.1,0.0,0.0,2.62,67,5068.48,1,0.0,0,Potential Customers
CUST100971,6938.0,3,2312.6666666666665,2.0,0.0,3.04,120,9591.42,1,0.0,3,High Value Customers
CUST100972,2802.34,2,1401.17,2.0,2.0,2.08,194,3925.26,1,1.0,1,Loyal Customers
CUST100973,0.0,0,0.0,1.0,0.0,4.73,400,0.0,1,0.0,2,At-Risk Customers
CUST100974,3689.48,2,1844.74,2.0,0.0,7.2,351,4930.49,1,0.0,0,Potential Customers
CUST100975,5705.91,2,2852.955,3.0,0.0,1.07,56,6958.99,1,0.0,3,High Value Customers
CUST100976,5984.31,3,1994.7700000000002,6.0,0.0,5.98,239,7821.73,1,0.0,3,High Value Customers
CUST100977,2309.93,1,2309.93,3.0,0.0,2.87,208,2942.86,1,1.0,0,Potential Customers
CUST100978,0.0,0,0.0,2.0,0.0,3.8,400,0.0,1,0.0,2,At-Risk Customers
CUST100979,1554.4,1,1554.4,0.0,0.0,1.92,53,2186.52,1,0.0,0,Potential Customers
CUST100980,4053.47,2,2026.735,2.0,0.0,2.63,256,5826.47,1,0.0,0,Potential Customers
CUST100981,3212.88,2,1606.44,3.0,0.0,16.36,111,4576.97,1,0.0,0,Potential Customers
CUST100982,3431.6,2,1715.8,4.0,0.0,3.2,148,4754.2,1,0.0,0,Potential Customers
CUST100983,0.0,0,0.0,1.0,0.0,4.02,400,118.1,1,0.0,2,At-Risk Customers
CUST100984,6389.37,2,3194.685,1.0,0.0,2.14,60,7802.65,1,0.0,3,High Value Customers
CUST100985,0.0,0,0.0,6.0,1.0,23.312000000000044,400,0.0,1,0.0,2,At-Risk Customers
CUST100986,0.0,0,0.0,4.0,0.0,5.62,400,116.95,1,0.0,2,At-Risk Customers
CUST100987,1392.0,1,1392.0,1.0,0.0,3.99,92,1957.36,1,0.0,0,Potential Customers
CUST100988,0.0,0,0.0,6.0,3.0,7.72,400,0.0,1,0.0,1,Loyal Customers
CUST100989,0.0,0,0.0,3.0,0.0,5.2,400,0.0,1,0.0,2,At-Risk Customers
CUST100990,3247.7,1,3247.7,2.0,0.0,3.59,26,3833.46,1,1.0,0,Potential Customers
CUST100991,2342.96,3,780.9866666666667,1.0,0.0,3.71,345,4252.04,1,0.0,0,Potential Customers
CUST100992,2820.18,2,1410.09,3.0,1.0,1.38,322,3480.09,1,0.0,0,Potential Customers
CUST100993,1318.55,1,1318.55,4.0,0.0,4.02,27,1585.38,1,0.0,0,Potential Customers
CUST100994,7098.89,3,2366.2966666666666,1.0,0.0,2.85,357,9000.77,1,0.0,3,High Value Customers
CUST100995,3695.48,1,3695.48,1.0,0.0,4.02,30,5052.37,1,0.0,0,Potential Customers
CUST100996,5351.52,3,1783.8400000000001,3.0,0.0,3.5,94,7743.03,1,0.0,3,High Value Customers
CUST100997,0.0,0,0.0,2.0,0.0,6.55,400,178.01,1,0.0,2,At-Risk Customers
CUST100998,2620.17,1,2620.17,1.0,0.0,4.35,65,3401.41,1,0.0,0,Potential Customers
CUST100999,2014.49,1,2014.49,2.0,0.0,2.25,47,2347.11,1,0.0,0,Potential Customers
CUST101000,1599.37,1,1599.37,5.0,0.0,11.5,273,2307.87,1,0.0,0,Potential Customers
CUST101001,0.0,0,0.0,4.0,0.0,3.09,400,0.0,1,0.0,2,At-Risk Customers
CUST101002,0.0,0,0.0,2.0,0.0,5.98,400,9.27,1,0.0,2,At-Risk Customers
CUST101003,1450.29,1,1450.29,4.0,0.0,1.62,131,1920.04,1,0.0,0,Potential Customers
CUST101004,3866.68,2,1933.34,4.0,0.0,6.95,322,5506.01,1,1.0,0,Potential Customers
CUST101005,1212.88,1,1212.88,0.0,0.0,1.29,349,1879.18,1,1.0,2,At-Risk Customers
CUST101006,4603.32,2,2301.66,6.0,0.0,4.02,348,5727.93,1,0.0,0,Potential Customers
CUST101007,6082.52,4,1520.63,2.0,0.0,6.55,81,7717.67,1,0.0,3,High Value Customers
CUST101008,0.0,0,0.0,2.0,0.0,3.48,400,184.2,1,0.0,2,At-Risk Customers
CUST101009,2574.98,1,2574.98,2.0,0.0,6.05,207,3082.54,1,0.0,0,Potential Customers
CUST101010,0.0,0,0.0,3.0,2.0,1.67,400,76.07,1,1.0,1,Loyal Customers
CUST101011,10553.1,4,2638.275,2.0,0.0,3.52,239,14869.72,1,0.0,3,High Value Customers
CUST101012,1431.17,1,1431.17,1.0,0.0,6.83,50,1897.17,1,0.0,0,Potential Customers
CUST101013,1615.43,1,1615.43,4.0,0.0,6.06,158,2584.35,1,0.0,0,Potential Customers
CUST101014,5029.73,2,2514.865,3.0,0.0,4.03,228,7001.18,1,0.0,3,High Value Customers
CUST101015,3170.29,1,3170.29,2.0,0.0,5.06,276,3591.96,1,0.0,0,Potential Customers
CUST101016,3372.88,1,3372.88,3.0,0.0,8.64,3,3693.22,1,0.0,0,Potential Customers
CUST101017,6242.06,3,2080.686666666667,1.0,0.0,6.73,310,7485.62,1,0.0,3,High Value Customers
CUST101018,2994.96,2,1497.48,0.0,0.0,1.09,356,4022.45,1,0.0,0,Potential Customers
CUST101019,0.0,0,0.0,2.0,0.0,4.03,400,0.0,1,0.0,2,At-Risk Customers
CUST101020,1062.04,2,531.02,2.0,1.0,4.11,241,1781.74,1,0.0,0,Potential Customers
CUST101021,2077.75,1,2077.75,1.0,0.0,1.69,359,3352.99,1,0.0,0,Potential Customers
CUST101022,0.0,0,0.0,1.0,0.0,1.94,400,0.0,1,0.0,2,At-Risk Customers
CUST101023,0.0,0,0.0,4.0,0.0,11.57,400,89.14,1,0.0,2,At-Risk Customers
CUST101024,0.0,0,0.0,2.0,0.0,2.44,400,61.93,1,0.0,2,At-Risk Customers
CUST101025,0.0,0,0.0,2.0,0.0,3.02,400,0.0,1,0.0,2,At-Risk Customers
CUST101026,1413.96,2,706.98,0.0,0.0,2.32,24,2185.55,1,0.0,0,Potential Customers
CUST101027,2575.8,1,2575.8,4.0,0.0,5.42,119,3521.31,1,0.0,0,Potential Customers
CUST101028,2008.51,1,2008.51,1.0,0.0,4.02,69,2532.84,1,0.0,0,Potential Customers
CUST101029,2243.03,1,2243.03,6.0,0.0,15.75,215,3242.44,1,0.0,0,Potential Customers
CUST101030,2099.9,1,2099.9,1.0,0.0,2.79,163,2916.1,1,0.0,0,Potential Customers
CUST101031,0.0,0,0.0,1.0,0.0,5.85,400,83.15,1,0.0,2,At-Risk Customers
CUST101032,3217.08,2,1608.54,6.0,0.0,1.08,69,5027.46,1,1.0,0,Potential Customers
CUST101033,6873.8,3,2291.266666666667,1.0,1.0,1.5,290,8877.31,1,0.0,3,High Value Customers
CUST101034,778.72,1,778.72,3.0,0.0,10.3,51,1078.34,1,1.0,0,Potential Customers
CUST101035,767.2,2,383.6,4.0,0.0,8.79,360,1456.84,1,0.0,2,At-Risk Customers
CUST101036,3055.24,1,3055.24,1.0,2.0,5.53,168,3934.13,1,0.0,1,Loyal Customers
CUST101037,600.47,1,600.47,4.0,0.0,8.92,45,815.6,1,0.0,0,Potential Customers
CUST101038,518.1,2,259.05,1.0,1.0,1.91,150,1049.9,1,1.0,0,Potential Customers
CUST101039,7773.7,2,3886.85,3.0,0.0,12.9,108,9714.53,1,0.0,3,High Value Customers
CUST101040,9462.64,4,2365.66,4.0,0.0,1.97,181,11727.3,1,0.0,3,High Value Customers
CUST101041,11589.14840000001,3,3863.0494666666696,2.0,0.0,5.09,232,13159.24,1,0.0,3,High Value Customers
CUST101042,0.0,0,0.0,5.0,0.0,23.312000000000044,400,0.0,1,0.0,2,At-Risk Customers
CUST101043,5002.64,2,2501.32,2.0,3.0,2.19,148,6075.65,1,0.0,1,Loyal Customers
CUST101044,1875.78,1,1875.78,2.0,0.0,10.42,220,2624.78,1,0.0,0,Potential Customers
CUST101045,8747.11,4,2186.7775,1.0,0.0,7.98,11,11443.57,1,0.0,3,High Value Customers
CUST101046,0.0,0,0.0,2.0,0.0,2.79,400,0.0,1,0.0,2,At-Risk Customers
CUST101047,2320.13,1,2320.13,4.0,0.0,17.51,266,3275.18,1,1.0,0,Potential Customers
CUST101048,0.0,0,0.0,2.0,1.0,2.14,400,58.11,1,1.0,2,At-Risk Customers
CUST101049,6849.82,2,3424.91,2.0,0.0,3.95,205,7880.53,1,0.0,3,High Value Customers
CUST101050,5056.21,2,2528.105,4.0,0.0,6.35,260,6689.08,1,1.0,3,High Value Customers
CUST101051,367.99,1,367.99,3.0,0.0,3.79,57,687.01,1,0.0,0,Potential Customers
CUST101052,1582.93,1,1582.93,5.0,0.0,23.312000000000044,305,2470.28,1,0.0,0,Potential Customers
CUST101053,279.75,1,279.75,0.0,0.0,1.68,236,532.9,1,0.0,2,At-Risk Customers
CUST101054,1969.73,1,1969.73,3.0,0.0,12.59,276,3041.04,1,0.0,0,Potential Customers
CUST101055,2742.04,1,2742.04,1.0,0.0,0.83,239,3563.86,1,0.0,0,Potential Customers
CUST101056,1396.67,2,698.335,1.0,0.0,0.76,295,2099.84,1,0.0,0,Potential Customers
CUST101057,4468.21,2,2234.105,2.0,0.0,4.21,348,6558.37,1,0.0,3,High Value Customers
CUST101058,3846.99,2,1923.495,3.0,0.0,6.79,80,4672.94,1,0.0,0,Potential Customers
CUST101059,0.0,0,0.0,4.0,3.0,11.51,400,0.0,1,0.0,1,Loyal Customers
CUST101060,11327.26,3,3775.7533333333336,3.0,0.0,12.5,353,14814.38,1,1.0,3,High Value Customers
CUST101061,1549.29,1,1549.29,2.0,0.0,4.66,160,1916.97,1,0.0,0,Potential Customers
CUST101062,4593.96,2,2296.98,1.0,3.0,5.75,60,5780.31,1,1.0,1,Loyal Customers
CUST101063,7637.41,5,1527.482,4.0,0.0,4.81,136,9083.93,1,1.0,3,High Value Customers
CUST101064,3672.47,2,1836.235,4.0,0.0,11.8,322,5286.33,1,0.0,0,Potential Customers
CUST101065,1913.91,1,1913.91,0.0,0.0,1.71,44,2629.75,1,0.0,0,Potential Customers
CUST101066,1898.78,1,1898.78,4.0,0.0,2.55,19,2480.93,1,1.0,0,Potential Customers
CUST101067,3683.49,3,1227.83,3.0,0.0,7.38,42,5806.15,1,0.0,0,Potential Customers
CUST101068,318.52,1,318.52,4.0,0.0,8.47,87,688.53,1,1.0,0,Potential Customers
CUST101069,5302.02,3,1767.3400000000001,5.0,0.0,10.4,24,7367.24,1,0.0,3,High Value Customers
CUST101070,0.0,0,0.0,2.0,0.0,3.86,400,0.0,1,1.0,2,At-Risk Customers
CUST101071,1512.3,1,1512.3,1.0,0.0,2.86,43,1891.87,1,1.0,0,Potential Customers
CUST101072,385.31,1,385.31,2.0,0.0,6.64,288,686.72,1,0.0,2,At-Risk Customers
CUST101073,0.0,0,0.0,4.0,0.0,1.88,400,0.0,1,0.0,2,At-Risk Customers
CUST101074,576.47,1,576.47,5.0,0.0,13.02,182,813.15,1,0.0,0,Potential Customers
CUST101075,2915.58,1,2915.58,3.0,0.0,2.85,59,3890.66,1,0.0,0,Potential Customers
CUST101076,2202.79,1,2202.79,1.0,0.0,3.34,263,2797.86,1,0.0,0,Potential Customers
CUST101077,1541.91,1,1541.91,3.0,0.0,6.86,280,2171.29,1,0.0,0,Potential Customers
CUST101078,2572.46,1,2572.46,2.0,0.0,2.44,325,3948.48,1,0.0,0,Potential Customers
CUST101079,1579.66,1,1579.66,1.0,0.0,1.81,39,2237.09,1,0.0,0,Potential Customers
CUST101080,4292.16,2,2146.08,3.0,0.0,9.09,121,6248.92,1,0.0,0,Potential Customers
CUST101081,4773.72,2,2386.86,3.0,0.0,1.95,302,6211.01,1,0.0,3,High Value Customers
CUST101082,5927.25,3,1975.75,2.0,0.0,4.86,258,8745.18,1,0.0,3,High Value Customers
CUST101083,2127.15,3,709.0500000000001,1.0,0.0,4.12,228,3439.99,1,0.0,0,Potential Customers
CUST101084,0.0,0,0.0,2.0,0.0,1.07,400,62.74,1,0.0,2,At-Risk Customers
CUST101085,3027.62,1,3027.62,3.0,0.0,1.95,45,3585.31,1,0.0,0,Potential Customers
CUST101086,1425.65,2,712.825,3.0,0.0,5.2,73,2033.76,1,1.0,0,Potential Customers
CUST101087,0.0,0,0.0,2.0,0.0,9.61,400,0.0,1,0.0,2,At-Risk Customers
CUST101088,0.0,0,0.0,3.0,0.0,2.38,400,112.98,1,0.0,2,At-Risk Customers
CUST101089,8873.79,2,4436.895,3.0,0.0,2.18,129,10328.34,1,0.0,3,High Value Customers
CUST101090,4901.79,2,2450.895,8.0,0.0,6.31,132,5941.53,1,0.0,3,High Value Customers
CUST101091,4127.81,1,4127.81,3.0,0.0,7.11,53,5914.83,1,0.0,0,Potential Customers
CUST101092,3761.53,2,1880.765,7.0,0.0,7.8,100,5382.01,1,0.0,0,Potential Customers
CUST101093,4676.04,2,2338.02,4.0,1.0,4.73,231,6765.15,1,1.0,3,High Value Customers
CUST101094,2624.23,1,2624.23,4.0,0.0,2.8,310,3656.55,1,0.0,0,Potential Customers
CUST101095,0.0,0,0.0,7.0,0.0,7.02,400,58.07,1,0.0,2,At-Risk Customers
CUST101096,0.0,0,0.0,3.0,0.0,3.82,400,67.25,1,0.0,2,At-Risk Customers
CUST101097,0.0,0,0.0,3.0,0.0,6.49,400,5.81,1,0.0,2,At-Risk Customers
CUST101098,3558.61,2,1779.305,2.0,0.0,2.82,204,5615.99,1,0.0,0,Potential Customers
CUST101099,0.0,0,0.0,3.0,0.0,3.5,400,40.51,1,0.0,2,At-Risk Customers
CUST101100,3417.45,2,1708.725,3.0,0.0,5.9,235,4685.12,1,0.0,0,Potential Customers
CUST101101,6152.86,4,1538.215,2.0,0.0,0.96,107,9378.51,1,0.0,3,High Value Customers
CUST101102,7639.5,2,3819.75,2.0,0.0,10.35,287,10138.57,1,0.0,3,High Value Customers
CUST101103,2494.2,1,2494.2,1.0,0.0,3.91,280,3310.8,1,0.0,0,Potential Customers
CUST101104,3425.79,1,3425.79,2.0,0.0,0.76,176,4030.1,1,0.0,0,Potential Customers
CUST101105,5876.88,2,2938.44,2.0,2.0,4.56,27,8406.24,1,0.0,1,Loyal Customers
CUST101106,0.0,0,0.0,0.0,0.0,2.99,400,53.89,1,0.0,2,At-Risk Customers
CUST101107,1181.43,1,1181.43,1.0,0.0,1.95,75,1465.9,1,0.0,0,Potential Customers
CUST101108,1985.45,2,992.725,4.0,0.0,15.97,78,2802.61,1,1.0,0,Potential Customers
CUST101109,1760.14,1,1760.14,2.0,0.0,7.29,243,2431.28,1,0.0,0,Potential Customers
CUST101110,3359.69,2,1679.845,3.0,0.0,3.63,147,4296.08,1,0.0,0,Potential Customers
CUST101111,370.49,1,370.49,2.0,0.0,4.21,332,762.47,1,1.0,2,At-Risk Customers
CUST101112,1452.03,1,1452.03,1.0,0.0,4.89,36,2051.82,1,0.0,0,Potential Customers
CUST101113,1873.4,1,1873.4,1.0,0.0,1.3,42,2272.63,1,0.0,0,Potential Customers
CUST101114,1474.18,1,1474.18,6.0,2.0,23.312000000000044,97,1854.1,1,0.0,1,Loyal Customers
CUST101115,2398.06,1,2398.06,2.0,0.0,4.18,245,2971.81,1,0.0,0,Potential Customers
CUST101116,1507.72,1,1507.72,3.0,0.0,14.38,183,1853.04,1,0.0,0,Potential Customers
CUST101117,1048.12,1,1048.12,2.0,0.0,2.24,331,1736.19,1,0.0,2,At-Risk Customers
CUST101118,0.0,0,0.0,4.0,0.0,6.11,400,0.0,1,0.0,2,At-Risk Customers
CUST101119,0.0,0,0.0,1.0,0.0,1.77,400,0.0,1,0.0,2,At-Risk Customers
CUST101120,0.0,0,0.0,3.0,0.0,0.76,400,23.04,1,0.0,2,At-Risk Customers
CUST101121,0.0,0,0.0,4.0,0.0,7.64,400,113.62,1,0.0,2,At-Risk Customers
CUST101122,2811.15,2,1405.575,1.0,0.0,4.65,207,4237.04,1,0.0,0,Potential Customers
CUST101123,5604.47,3,1868.1566666666668,0.0,1.0,2.8,164,8156.47,1,0.0,3,High Value Customers
CUST101124,4022.67,2,2011.335,2.0,0.0,0.76,261,6075.9,1,0.0,0,Potential Customers
CUST101125,5324.81,2,2662.405,2.0,0.0,2.92,256,7226.04,1,0.0,3,High Value Customers
CUST101126,0.0,0,0.0,1.0,2.0,4.02,400,98.13,1,0.0,1,Loyal Customers
CUST101127,2281.64,1,2281.64,1.0,0.0,1.91,177,3197.05,1,0.0,0,Potential Customers
CUST101128,2757.67,1,2757.67,3.0,0.0,4.45,179,3608.85,1,0.0,0,Potential Customers
CUST101129,373.23,1,373.23,3.0,0.0,2.6,99,492.07,1,0.0,0,Potential Customers
CUST101130,0.0,0,0.0,1.0,0.0,1.75,400,0.0,1,0.0,2,At-Risk Customers
CUST101131,7874.9,3,2624.9666666666667,2.0,0.0,3.67,231,9374.02,1,0.0,3,High Value Customers
CUST101132,0.0,0,0.0,2.0,0.0,0.89,400,126.98,1,0.0,2,At-Risk Customers
CUST101133,8264.52,2,4132.26,2.0,0.0,5.76,208,11419.65,1,0.0,3,High Value Customers
CUST101134,0.0,0,0.0,3.0,0.0,4.34,400,0.0,1,0.0,2,At-Risk Customers
CUST101135,1966.89,1,1966.89,1.0,0.0,6.19,175,2427.9,1,0.0,0,Potential Customers
CUST101136,2628.01,1,2628.01,4.0,0.0,8.94,145,3311.48,1,0.0,0,Potential Customers
CUST101137,0.0,0,0.0,1.0,0.0,3.4,400,0.0,1,0.0,2,At-Risk Customers
CUST101138,4136.99,2,2068.495,1.0,0.0,0.76,283,5763.54,1,0.0,0,Potential Customers
CUST101139,1370.89,1,1370.89,3.0,0.0,3.39,336,2246.75,1,0.0,0,Potential Customers
CUST101140,4414.91,3,1471.6366666666665,3.0,0.0,1.82,133,6350.38,1,1.0,3,High Value Customers
CUST101141,2126.96,2,1063.48,2.0,0.0,11.06,178,2690.08,1,0.0,0,Potential Customers
CUST101142,1603.26,1,1603.26,2.0,0.0,3.13,242,1935.34,1,0.0,0,Potential Customers
CUST101143,1304.62,1,1304.62,3.0,0.0,7.31,304,1767.04,1,0.0,0,Potential Customers
CUST101144,1412.66,1,1412.66,3.0,0.0,11.28,97,1595.26,1,0.0,0,Potential Customers
CUST101145,0.0,0,0.0,2.0,0.0,2.4,400,91.49,1,0.0,2,At-Risk Customers
CUST101146,2933.95,3,977.9833333333332,2.0,0.0,4.28,5,4946.44,1,0.0,0,Potential Customers
CUST101147,1324.1,1,1324.1,2.0,0.0,4.17,269,1773.79,1,0.0,0,Potential Customers
CUST101148,677.81,1,677.81,4.0,0.0,19.0,279,1192.72,1,0.0,2,At-Risk Customers
CUST101149,0.0,0,0.0,2.0,0.0,9.84,400,0.0,1,0.0,2,At-Risk Customers
CUST101150,3570.53,2,1785.265,1.0,1.0,1.93,260,4850.17,1,0.0,0,Potential Customers
CUST101151,3064.19,5,612.838,2.0,0.0,2.64,235,5463.41,1,0.0,3,High Value Customers
CUST101152,2180.46,1,2180.46,2.0,0.0,2.93,7,3086.22,1,0.0,0,Potential Customers
CUST101153,261.98,1,261.98,2.0,0.0,2.3,201,580.83,1,1.0,2,At-Risk Customers
CUST101154,10030.81,4,2507.7025,2.0,0.0,3.25,22,13407.46,1,0.0,3,High Value Customers
CUST101155,548.54,1,548.54,2.0,0.0,2.8,50,744.06,1,0.0,0,Potential Customers
CUST101156,6476.53,3,2158.8433333333332,3.0,0.0,4.16,165,9279.92,1,0.0,3,High Value Customers
CUST101157,7171.23,4,1792.8075,0.0,0.0,3.74,316,9564.72,1,0.0,3,High Value Customers
CUST101158,2128.35,1,2128.35,3.0,0.0,9.09,100,2644.75,1,0.0,0,Potential Customers
CUST101159,2124.39,2,1062.195,3.0,0.0,2.38,268,3241.73,1,0.0,0,Potential Customers
CUST101160,3199.19,1,3199.19,3.0,0.0,1.26,226,3987.99,1,0.0,0,Potential Customers
CUST101161,2642.35,2,1321.175,0.0,1.0,2.87,191,3683.56,1,0.0,0,Potential Customers
CUST101162,295.7,1,295.7,0.0,0.0,2.64,215,578.2,1,1.0,2,At-Risk Customers
CUST101163,0.0,0,0.0,3.0,1.0,11.37,400,0.0,1,1.0,2,At-Risk Customers
CUST101164,2163.53,1,2163.53,5.0,0.0,7.33,44,2602.84,1,0.0,0,Potential Customers
CUST101165,10308.45,3,3436.15,3.0,0.0,10.06,162,14732.68,1,0.0,3,High Value Customers
CUST101166,0.0,0,0.0,3.0,0.0,7.96,400,0.0,1,0.0,2,At-Risk Customers
CUST101167,0.0,0,0.0,1.0,0.0,1.02,400,0.0,1,0.0,2,At-Risk Customers
CUST101168,1019.28,1,1019.28,0.0,0.0,2.23,134,1477.25,1,0.0,0,Potential Customers
CUST101169,1918.14,1,1918.14,0.0,0.0,1.42,208,2438.05,1,0.0,0,Potential Customers
CUST101170,0.0,0,0.0,3.0,0.0,12.15,400,0.0,1,0.0,2,At-Risk Customers
CUST101171,4362.82,2,2181.41,1.0,0.0,7.3,201,5836.16,1,0.0,0,Potential Customers
CUST101172,0.0,0,0.0,2.0,0.0,5.36,400,0.0,1,0.0,2,At-Risk Customers
CUST101173,609.84,2,304.92,3.0,0.0,2.72,103,1062.83,1,0.0,0,Potential Customers
CUST101174,338.82,1,338.82,2.0,0.0,2.95,133,885.42,1,0.0,0,Potential Customers
CUST101175,1190.33,1,1190.33,3.0,0.0,23.312000000000044,272,1614.41,1,0.0,0,Potential Customers
CUST101176,0.0,0,0.0,3.0,0.0,6.39,400,128.4,1,0.0,2,At-Risk Customers
CUST101177,0.0,0,0.0,3.0,0.0,4.36,400,93.58,1,0.0,2,At-Risk Customers
CUST101178,680.53,1,680.53,2.0,0.0,6.59,281,1304.29,1,0.0,2,At-Risk Customers
CUST101179,0.0,0,0.0,2.0,0.0,5.44,400,0.0,1,0.0,2,At-Risk Customers
CUST101180,2735.01,1,2735.01,3.0,0.0,7.23,356,4100.29,1,0.0,0,Potential Customers
CUST101181,3399.56,1,3399.56,3.0,0.0,5.82,197,4165.09,1,0.0,0,Potential Customers
CUST101182,0.0,0,0.0,3.0,0.0,8.77,400,96.84,1,1.0,2,At-Risk Customers
CUST101183,0.0,0,0.0,8.0,2.0,6.81,400,0.0,1,0.0,1,Loyal Customers
CUST101184,2280.41,1,2280.41,1.0,0.0,2.83,223,3002.76,1,0.0,0,Potential Customers
CUST101185,0.0,0,0.0,1.0,0.0,5.71,400,0.0,1,0.0,2,At-Risk Customers
CUST101186,0.0,0,0.0,2.0,0.0,5.04,400,0.0,1,0.0,2,At-Risk Customers
CUST101187,4678.14,3,1559.38,2.0,0.0,3.55,330,6212.99,1,0.0,3,High Value Customers
CUST101188,1542.83,1,1542.83,0.0,0.0,4.01,312,2139.7,1,0.0,0,Potential Customers
CUST101189,3057.24,2,1528.62,3.0,0.0,8.21,39,3887.88,1,1.0,0,Potential Customers
CUST101190,2528.64,1,2528.64,4.0,0.0,5.92,127,3292.11,1,0.0,0,Potential Customers
CUST101191,3950.1,1,3950.1,2.0,0.0,7.78,163,4700.52,1,0.0,0,Potential Customers
CUST101192,2029.89,1,2029.89,6.0,0.0,4.17,315,2779.37,1,0.0,0,Potential Customers
CUST101193,2005.73,1,2005.73,4.0,0.0,9.07,342,2479.02,1,0.0,0,Potential Customers
CUST101194,1643.74,1,1643.74,6.0,0.0,6.97,164,2277.51,1,0.0,0,Potential Customers
CUST101195,11589.14840000001,3,3863.0494666666696,1.0,0.0,2.31,263,15361.27,1,0.0,3,High Value Customers
CUST101196,3130.6,3,1043.5333333333333,1.0,0.0,3.16,303,4623.47,1,1.0,0,Potential Customers
CUST101197,0.0,0,0.0,1.0,0.0,2.24,400,0.0,1,0.0,2,At-Risk Customers
CUST101198,0.0,0,0.0,0.0,0.0,1.9,400,63.25,1,0.0,2,At-Risk Customers
CUST101199,5108.7,2,2554.35,4.0,3.0,23.312000000000044,143,6333.43,1,1.0,1,Loyal Customers
CUST101200,0.0,0,0.0,5.0,0.0,13.04,400,0.0,1,0.0,2,At-Risk Customers
CUST101201,1828.77,1,1828.77,1.0,0.0,9.11,271,2383.11,1,0.0,0,Potential Customers
CUST101202,1649.9,1,1649.9,4.0,0.0,5.55,352,2288.11,1,1.0,0,Potential Customers
CUST101203,1743.1,1,1743.1,2.0,0.0,2.77,175,2595.0,1,0.0,0,Potential Customers
CUST101204,2870.25,2,1435.125,0.0,3.0,1.87,86,4093.55,1,0.0,1,Loyal Customers
CUST101205,1639.62,1,1639.62,1.0,0.0,3.5,256,1954.16,1,0.0,0,Potential Customers
CUST101206,525.15,2,262.575,3.0,0.0,2.45,182,1399.63,1,0.0,0,Potential Customers
CUST101207,0.0,0,0.0,4.0,0.0,6.68,400,6.37,1,0.0,2,At-Risk Customers
CUST101208,0.0,0,0.0,3.0,1.0,4.51,400,7.11,1,0.0,2,At-Risk Customers
CUST101209,1690.74,1,1690.74,3.0,0.0,7.38,80,2642.35,1,1.0,0,Potential Customers
CUST101210,0.0,0,0.0,2.0,0.0,4.81,400,0.0,1,0.0,2,At-Risk Customers
CUST101211,11589.14840000001,4,2897.2871000000023,1.0,0.0,1.24,6,16680.03,1,0.0,3,High Value Customers
CUST101212,10619.47,4,2654.8675,1.0,0.0,3.59,91,13115.05,1,0.0,3,High Value Customers
CUST101213,4799.03,2,2399.515,1.0,0.0,5.32,166,6086.28,1,0.0,3,High Value Customers
CUST101214,0.0,0,0.0,1.0,0.0,4.92,400,0.0,1,0.0,2,At-Risk Customers
CUST101215,0.0,0,0.0,1.0,0.0,2.75,400,66.7,1,0.0,2,At-Risk Customers
CUST101216,0.0,0,0.0,1.0,0.0,2.88,400,68.22,1,0.0,2,At-Risk Customers
CUST101217,6195.01,3,2065.0033333333336,2.0,0.0,2.55,218,7962.21,1,0.0,3,High Value Customers
CUST101218,2053.65,1,2053.65,2.0,0.0,1.26,292,2822.57,1,0.0,0,Potential Customers
CUST101219,1899.71,1,1899.71,4.0,0.0,3.97,12,2670.35,1,1.0,0,Potential Customers
CUST101220,1147.64,1,1147.64,2.0,0.0,7.0,189,1525.2,1,0.0,0,Potential Customers
CUST101221,3129.36,1,3129.36,3.0,0.0,2.91,81,4124.49,1,0.0,0,Potential Customers
CUST101222,0.0,0,0.0,4.0,0.0,1.7,400,0.0,1,0.0,2,At-Risk Customers
CUST101223,1262.79,1,1262.79,1.0,0.0,8.13,265,1985.0,1,0.0,0,Potential Customers
CUST101224,1901.1,1,1901.1,2.0,0.0,10.53,31,2783.93,1,0.0,0,Potential Customers
CUST101225,3303.61,2,1651.805,2.0,0.0,2.98,33,4013.21,1,1.0,0,Potential Customers
CUST101226,5567.18,4,1391.795,4.0,3.0,2.1,57,6427.74,1,1.0,1,Loyal Customers
CUST101227,1225.66,2,612.83,3.0,0.0,3.66,35,2150.29,1,0.0,0,Potential Customers
CUST101228,8440.87,3,2813.6233333333334,3.0,0.0,4.94,81,12224.56,1,0.0,3,High Value Customers
CUST101229,970.83,2,485.415,0.0,0.0,2.96,227,1705.39,1,0.0,0,Potential Customers
CUST101230,839.88,1,839.88,0.0,0.0,18.112420197669532,281,1230.78,1,0.0,0,Potential Customers
CUST101231,7444.66,3,2481.5533333333333,0.0,0.0,7.94,30,10047.48,1,1.0,3,High Value Customers
CUST101232,1932.7,1,1932.7,4.0,0.0,4.8,160,2563.38,1,1.0,0,Potential Customers
CUST101233,1969.89,1,1969.89,1.0,0.0,11.99,14,2668.77,1,0.0,0,Potential Customers
CUST101234,6452.17,3,2150.7233333333334,2.0,0.0,4.18,190,8420.07,1,0.0,3,High Value Customers
CUST101235,1880.43,1,1880.43,4.0,0.0,11.37,106,2455.83,1,1.0,0,Potential Customers
CUST101236,0.0,0,0.0,1.0,0.0,3.46,400,49.6,1,0.0,2,At-Risk Customers
CUST101237,11589.14840000001,3,3863.0494666666696,1.0,0.0,2.66,318,20349.32,1,0.0,3,High Value Customers
CUST101238,4425.44,3,1475.1466666666665,0.0,0.0,2.86,63,6728.36,1,0.0,3,High Value Customers
CUST101239,0.0,0,0.0,8.0,0.0,23.312000000000044,400,0.0,1,0.0,2,At-Risk Customers
CUST101240,5570.43,4,1392.6075,5.0,0.0,3.56,159,7874.84,1,0.0,3,High Value Customers
CUST101241,0.0,0,0.0,3.0,0.0,12.27,400,13.4,1,0.0,2,At-Risk Customers
CUST101242,717.46,1,717.46,4.0,0.0,2.94,50,1276.76,1,0.0,0,Potential Customers
CUST101243,0.0,0,0.0,1.0,0.0,1.54,400,161.42,1,0.0,2,At-Risk Customers
CUST101244,0.0,0,0.0,1.0,0.0,6.61,400,0.0,1,0.0,2,At-Risk Customers
CUST101245,0.0,0,0.0,2.0,0.0,2.59,400,0.0,1,0.0,2,At-Risk Customers
CUST101246,3020.11,1,3020.11,3.0,0.0,5.02,296,3943.17,1,0.0,0,Potential Customers
CUST101247,905.22,2,452.61,4.0,0.0,4.67,157,1615.59,1,0.0,0,Potential Customers
CUST101248,2225.13,1,2225.13,3.0,0.0,4.62,99,2629.65,1,0.0,0,Potential Customers
CUST101249,1878.24,1,1878.24,4.0,0.0,12.86,7,2370.25,1,0.0,0,Potential Customers
CUST101250,1894.88,1,1894.88,3.0,0.0,4.84,264,2313.24,1,0.0,0,Potential Customers
CUST101251,2421.94,1,2421.94,1.0,0.0,4.41,108,2854.78,1,0.0,0,Potential Customers
CUST101252,6185.67,3,2061.89,1.0,0.0,3.16,261,8144.7,1,0.0,3,High Value Customers
CUST101253,990.2,1,990.2,1.0,0.0,5.91,127,1713.73,1,0.0,0,Potential Customers
CUST101254,748.06,1,748.06,2.0,0.0,5.54,164,1243.92,1,0.0,0,Potential Customers
CUST101255,10040.13,4,2510.0325,2.0,0.0,3.06,112,14468.12,1,0.0,3,High Value Customers
CUST101256,1055.45,1,1055.45,1.0,0.0,7.84,320,1735.58,1,0.0,0,Potential Customers
CUST101257,4136.85,4,1034.2125,0.0,0.0,3.51,245,5206.38,1,1.0,3,High Value Customers
CUST101258,0.0,0,0.0,1.0,0.0,6.09,400,0.0,1,0.0,2,At-Risk Customers
CUST101259,1056.33,1,1056.33,1.0,0.0,1.6,92,1707.22,1,0.0,0,Potential Customers
CUST101260,0.0,0,0.0,1.0,0.0,7.69,400,123.4,1,0.0,2,At-Risk Customers
CUST101261,2545.52,2,1272.76,2.0,0.0,2.45,187,3423.85,1,0.0,0,Potential Customers
CUST101262,671.49,1,671.49,1.0,0.0,6.51,89,1015.58,1,0.0,0,Potential Customers
CUST101263,1349.16,1,1349.16,2.0,0.0,9.94,153,1902.21,1,0.0,0,Potential Customers
CUST101264,0.0,0,0.0,1.0,0.0,5.4,400,0.0,1,0.0,2,At-Risk Customers
CUST101265,5509.2,2,2754.6,2.0,0.0,9.09,112,6416.23,1,0.0,3,High Value Customers
CUST101266,4453.92,1,4453.92,1.0,0.0,1.91,322,5640.76,1,0.0,3,High Value Customers
CUST101267,0.0,0,0.0,2.0,0.0,3.83,400,44.47,1,1.0,2,At-Risk Customers
CUST101268,1121.48,1,1121.48,0.0,0.0,2.58,238,1565.86,1,0.0,0,Potential Customers
CUST101269,555.79,1,555.79,3.0,0.0,2.55,77,978.84,1,1.0,0,Potential Customers
CUST101270,591.85,2,295.925,1.0,0.0,1.34,337,1209.89,1,0.0,2,At-Risk Customers
CUST101271,1896.4,1,1896.4,2.0,3.0,4.29,189,2654.6,1,0.0,1,Loyal Customers
CUST101272,1638.54,1,1638.54,2.0,0.0,7.83,41,2417.42,1,1.0,0,Potential Customers
CUST101273,0.0,0,0.0,4.0,0.0,9.84,400,4.87,1,0.0,2,At-Risk Customers
CUST101274,0.0,0,0.0,2.0,0.0,1.94,400,22.51,1,0.0,2,At-Risk Customers
CUST101275,2461.97,2,1230.985,2.0,0.0,2.9,25,3483.35,1,0.0,0,Potential Customers
CUST101276,1784.79,1,1784.79,5.0,0.0,2.41,341,2358.08,1,0.0,0,Potential Customers
CUST101277,0.0,0,0.0,2.0,0.0,2.3,400,236.18,1,0.0,2,At-Risk Customers
CUST101278,0.0,0,0.0,2.0,0.0,3.29,400,54.7,1,0.0,2,At-Risk Customers
CUST101279,2784.18,1,2784.18,5.0,0.0,4.11,241,3206.11,1,0.0,0,Potential Customers
CUST101280,1931.45,1,1931.45,2.0,0.0,3.31,297,2998.11,1,0.0,0,Potential Customers
CUST101281,0.0,0,0.0,0.0,0.0,1.53,400,180.05,1,0.0,2,At-Risk Customers
CUST101282,3194.23,1,3194.23,4.0,0.0,7.99,122,4422.75,1,0.0,0,Potential Customers
CUST101283,5943.07,2,2971.535,0.0,0.0,4.59,50,7936.53,1,0.0,3,High Value Customers
CUST101284,3672.52,2,1836.26,1.0,0.0,5.34,266,4717.08,1,0.0,0,Potential Customers
CUST101285,8630.75,2,4315.375,1.0,0.0,5.56,151,9655.26,1,0.0,3,High Value Customers
CUST101286,0.0,0,0.0,4.0,0.0,6.24,400,0.0,1,0.0,2,At-Risk Customers
CUST101287,724.89,1,724.89,3.0,0.0,4.52,27,1082.97,1,0.0,0,Potential Customers
CUST101288,5873.18,2,2936.59,0.0,0.0,2.26,339,8330.15,1,0.0,3,High Value Customers
CUST101289,563.07,1,563.07,7.0,0.0,11.71,119,778.41,1,1.0,0,Potential Customers
CUST101290,1302.49,1,1302.49,2.0,0.0,6.34,48,1602.34,1,0.0,0,Potential Customers
CUST101291,8154.69,3,2718.23,1.0,0.0,2.16,131,9864.8,1,0.0,3,High Value Customers
CUST101292,1225.91,2,612.955,1.0,0.0,2.18,159,2236.05,1,0.0,0,Potential Customers
CUST101293,2033.31,1,2033.31,3.0,0.0,16.33,54,2895.52,1,0.0,0,Potential Customers
CUST101294,0.0,0,0.0,2.0,0.0,3.62,400,30.06,1,0.0,2,At-Risk Customers
CUST101295,1067.32,1,1067.32,3.0,0.0,2.52,68,1659.38,1,0.0,0,Potential Customers
CUST101296,544.25,1,544.25,7.0,0.0,2.8,117,1060.51,1,0.0,0,Potential Customers
CUST101297,0.0,0,0.0,2.0,0.0,5.56,400,258.73,1,0.0,2,At-Risk Customers
CUST101298,0.0,0,0.0,3.0,0.0,2.91,400,195.92,1,0.0,2,At-Risk Customers
CUST101299,1421.47,1,1421.47,4.0,0.0,4.45,346,1694.94,1,0.0,0,Potential Customers
CUST101300,2232.41,1,2232.41,4.0,0.0,20.42,100,2746.66,1,0.0,0,Potential Customers
CUST101301,2936.61,2,1468.305,1.0,0.0,1.35,42,4150.46,1,0.0,0,Potential Customers
CUST101302,1802.38,1,1802.38,2.0,0.0,3.05,41,2664.43,1,0.0,0,Potential Customers
CUST101303,2757.23,2,1378.615,3.0,0.0,4.23,311,3668.13,1,0.0,0,Potential Customers
CUST101304,0.0,0,0.0,1.0,0.0,1.18,400,164.92,1,0.0,2,At-Risk Customers
CUST101305,328.98,1,328.98,1.0,0.0,5.82,1,523.34,1,0.0,0,Potential Customers
CUST101306,511.76,2,255.88,5.0,0.0,7.59,208,1055.65,1,0.0,0,Potential Customers
CUST101307,0.0,0,0.0,2.0,0.0,1.53,400,186.87,1,0.0,2,At-Risk Customers
CUST101308,0.0,0,0.0,1.0,0.0,3.83,400,0.0,1,0.0,2,At-Risk Customers
CUST101309,1352.22,1,1352.22,1.0,0.0,4.61,30,1716.75,1,0.0,0,Potential Customers
CUST101310,1311.23,2,655.615,1.0,0.0,6.06,106,1878.68,1,0.0,0,Potential Customers
CUST101311,2191.44,1,2191.44,7.0,0.0,23.312000000000044,329,2926.72,1,0.0,0,Potential Customers
CUST101312,6545.08,2,3272.54,3.0,3.0,2.41,77,8472.1,1,0.0,1,Loyal Customers
CUST101313,4591.22,3,1530.4066666666668,2.0,0.0,5.91,39,5634.0,1,0.0,3,High Value Customers
CUST101314,7483.9,4,1870.975,1.0,0.0,3.71,23,8851.34,1,0.0,3,High Value Customers
CUST101315,9739.83,3,3246.61,2.0,0.0,3.29,181,12582.21,1,0.0,3,High Value Customers
CUST101316,1042.65,1,1042.65,2.0,0.0,4.1,151,1536.61,1,0.0,0,Potential Customers
CUST101317,2788.41,1,2788.41,1.0,0.0,4.02,21,3535.2,1,0.0,0,Potential Customers
CUST101318,601.62,2,300.81,2.0,0.0,4.08,49,1020.14,1,0.0,0,Potential Customers
CUST101319,0.0,0,0.0,5.0,2.0,4.92,400,81.54,1,1.0,1,Loyal Customers
CUST101320,0.0,0,0.0,2.0,0.0,3.83,400,30.67,1,0.0,2,At-Risk Customers
CUST101321,0.0,0,0.0,1.0,0.0,2.1,400,90.46,1,0.0,2,At-Risk Customers
CUST101322,2191.57,1,2191.57,3.0,0.0,7.23,343,2722.43,1,0.0,0,Potential Customers
CUST101323,2252.42,1,2252.42,2.0,0.0,8.32,147,3206.88,1,0.0,0,Potential Customers
CUST101324,4901.12,4,1225.28,2.0,0.0,8.06,79,7950.48,1,0.0,3,High Value Customers
CUST101325,2757.16,2,1378.58,2.0,0.0,6.5,333,3821.76,1,0.0,0,Potential Customers
CUST101326,5021.64,3,1673.88,1.0,0.0,2.36,188,6594.83,1,0.0,3,High Value Customers
CUST101327,931.16,1,931.16,2.0,0.0,2.08,240,1323.83,1,0.0,0,Potential Customers
CUST101328,4967.38,3,1655.7933333333333,2.0,0.0,7.7,261,6515.01,1,0.0,3,High Value Customers
CUST101329,0.0,0,0.0,0.0,0.0,1.75,400,58.47,1,0.0,2,At-Risk Customers
CUST101330,10046.87,3,3348.956666666667,1.0,0.0,2.51,22,13830.37,1,0.0,3,High Value Customers
CUST101331,2785.31,1,2785.31,6.0,0.0,18.22,131,3871.19,1,0.0,0,Potential Customers
CUST101332,7171.89,2,3585.945,2.0,0.0,5.79,208,9703.77,1,0.0,3,High Value Customers
CUST101333,328.72,1,328.72,3.0,0.0,4.53,140,719.14,1,1.0,0,Potential Customers
CUST101334,8282.79,3,2760.9300000000003,3.0,0.0,1.11,207,11025.57,1,0.0,3,High Value Customers
CUST101335,1656.25,1,1656.25,0.0,0.0,2.54,69,2249.83,1,0.0,0,Potential Customers
CUST101336,10558.57,3,3519.523333333333,4.0,0.0,7.28,214,12343.84,1,0.0,3,High Value Customers
CUST101337,4964.93,3,1654.9766666666667,2.0,0.0,1.44,52,6719.07,1,0.0,3,High Value Customers
CUST101338,0.0,0,0.0,2.0,0.0,5.38,400,0.0,1,0.0,2,At-Risk Customers
CUST101339,0.0,0,0.0,1.0,0.0,1.54,400,0.0,1,0.0,2,At-Risk Customers
CUST101340,336.52,1,336.52,1.0,0.0,2.62,300,602.94,1,0.0,2,At-Risk Customers
CUST101341,1354.16,1,1354.16,3.0,0.0,1.35,274,1726.46,1,0.0,0,Potential Customers
CUST101342,3479.01,3,1159.67,2.0,0.0,4.33,311,4458.97,1,0.0,0,Potential Customers
CUST101343,1422.61,1,1422.61,1.0,0.0,1.23,181,1826.34,1,0.0,0,Potential Customers
CUST101344,1605.81,1,1605.81,1.0,0.0,3.82,51,2258.1,1,1.0,0,Potential Customers
CUST101345,0.0,0,0.0,1.0,0.0,6.34,400,58.57,1,0.0,2,At-Risk Customers
CUST101346,547.58,1,547.58,2.0,0.0,4.66,82,934.24,1,0.0,0,Potential Customers
CUST101347,2791.29,2,1395.645,2.0,0.0,5.61,301,3838.75,1,0.0,0,Potential Customers
CUST101348,7884.08,3,2628.0266666666666,4.0,0.0,4.75,304,9662.21,1,0.0,3,High Value Customers
CUST101349,0.0,0,0.0,2.0,0.0,3.81,400,0.0,1,0.0,2,At-Risk Customers
CUST101350,2203.88,1,2203.88,2.0,0.0,3.87,186,3105.9,1,0.0,0,Potential Customers
CUST101351,0.0,0,0.0,2.0,0.0,4.98,400,71.28,1,0.0,2,At-Risk Customers
CUST101352,0.0,0,0.0,2.0,0.0,1.89,400,0.0,1,0.0,2,At-Risk Customers
CUST101353,1381.28,1,1381.28,2.0,0.0,3.07,136,2003.78,1,0.0,0,Potential Customers
CUST101354,0.0,0,0.0,4.0,0.0,16.84,400,112.6,1,0.0,2,At-Risk Customers
CUST101355,2564.65,2,1282.325,1.0,0.0,5.69,265,3497.75,1,0.0,0,Potential Customers
CUST101356,1555.51,1,1555.51,4.0,0.0,9.72,17,2142.04,1,0.0,0,Potential Customers
CUST101357,1687.72,2,843.86,2.0,0.0,5.15,329,2866.51,1,0.0,0,Potential Customers
CUST101358,5269.25,2,2634.625,0.0,0.0,2.43,122,7000.85,1,0.0,3,High Value Customers
CUST101359,4976.1,3,1658.7,2.0,0.0,3.28,248,6970.96,1,0.0,3,High Value Customers
CUST101360,2095.75,1,2095.75,0.0,0.0,1.2,153,2971.7,1,0.0,0,Potential Customers
CUST101361,0.0,0,0.0,2.0,0.0,10.61,400,3.75,1,0.0,2,At-Risk Customers
CUST101362,1668.25,2,834.125,1.0,0.0,7.59,284,2756.08,1,0.0,0,Potential Customers
CUST101363,2701.46,1,2701.46,2.0,3.0,2.26,208,3838.04,1,1.0,1,Loyal Customers
CUST101364,2562.5,1,2562.5,1.0,0.0,6.92,276,2940.7,1,0.0,0,Potential Customers
CUST101365,1539.5,1,1539.5,2.0,0.0,6.5,217,2282.58,1,0.0,0,Potential Customers
CUST101366,0.0,0,0.0,3.0,0.0,4.28,400,31.09,1,0.0,2,At-Risk Customers
CUST101367,5822.82,3,1940.9399999999998,2.0,0.0,5.66,299,7941.03,1,1.0,3,High Value Customers
CUST101368,0.0,0,0.0,2.0,0.0,6.04,400,64.35,1,0.0,2,At-Risk Customers
CUST101369,809.05,1,809.05,2.0,0.0,5.31,16,1238.58,1,0.0,0,Potential Customers
CUST101370,1549.58,1,1549.58,1.0,0.0,4.51,234,2063.45,1,0.0,0,Potential Customers
CUST101371,0.0,0,0.0,1.0,0.0,4.31,400,0.0,1,0.0,2,At-Risk Customers
CUST101372,1700.3,1,1700.3,2.0,3.0,2.73,278,2467.28,1,0.0,1,Loyal Customers
CUST101373,2506.14,1,2506.14,1.0,0.0,7.66,356,3752.17,1,0.0,0,Potential Customers
CUST101374,634.5,1,634.5,2.0,2.0,16.23,91,938.29,1,0.0,1,Loyal Customers
CUST101375,0.0,0,0.0,4.0,0.0,1.85,400,0.0,1,0.0,2,At-Risk Customers
CUST101376,4005.3,3,1335.1000000000001,0.0,0.0,4.15,29,5858.11,1,0.0,3,High Value Customers
CUST101377,0.0,0,0.0,0.0,0.0,2.57,400,0.0,1,0.0,2,At-Risk Customers
CUST101378,0.0,0,0.0,5.0,0.0,5.96,400,0.0,1,0.0,2,At-Risk Customers
CUST101379,0.0,0,0.0,1.0,0.0,5.47,400,67.69,1,0.0,2,At-Risk Customers
CUST101380,6282.48,3,2094.16,2.0,0.0,4.46,204,9465.35,1,0.0,3,High Value Customers
CUST101381,11589.14840000001,4,2897.2871000000023,0.0,0.0,2.68,105,14083.66,1,1.0,3,High Value Customers
CUST101382,2863.55,1,2863.55,1.0,0.0,2.91,201,3426.66,1,0.0,0,Potential Customers
CUST101383,2703.51,2,1351.755,3.0,0.0,2.38,73,4094.88,1,0.0,0,Potential Customers
CUST101384,343.36,1,343.36,2.0,0.0,4.02,268,644.8,1,0.0,2,At-Risk Customers
CUST101385,0.0,0,0.0,4.0,0.0,9.59,400,0.0,1,0.0,2,At-Risk Customers
CUST101386,0.0,0,0.0,4.0,0.0,6.48,400,156.5,1,0.0,2,At-Risk Customers
CUST101387,0.0,0,0.0,4.0,1.0,10.01,400,0.0,1,1.0,2,At-Risk Customers
CUST101388,3312.8,2,1656.4,3.0,0.0,3.18,226,4237.45,1,1.0,0,Potential Customers
CUST101389,4624.93,2,2312.465,3.0,0.0,5.71,97,5477.0,1,0.0,0,Potential Customers
CUST101390,4750.25,2,2375.125,0.0,0.0,2.24,124,6199.23,1,1.0,3,High Value Customers
CUST101391,2895.41,2,1447.705,0.0,0.0,2.72,285,3462.24,1,0.0,0,Potential Customers
CUST101392,0.0,0,0.0,3.0,0.0,17.02,400,144.33,1,0.0,2,At-Risk Customers
CUST101393,0.0,0,0.0,1.0,0.0,3.12,400,0.0,1,0.0,2,At-Risk Customers
CUST101394,1731.41,1,1731.41,3.0,0.0,7.87,214,2153.84,1,0.0,0,Potential Customers
CUST101395,0.0,0,0.0,2.0,0.0,4.83,400,161.31,1,0.0,2,At-Risk Customers
CUST101396,5247.4,2,2623.7,1.0,0.0,1.53,206,7010.77,1,1.0,3,High Value Customers
CUST101397,961.48,1,961.48,3.0,0.0,3.69,230,1611.81,1,0.0,0,Potential Customers
CUST101398,0.0,0,0.0,3.0,0.0,5.28,400,93.72,1,0.0,2,At-Risk Customers
CUST101399,3144.62,1,3144.62,3.0,0.0,6.66,108,3708.86,1,0.0,0,Potential Customers
CUST101400,0.0,0,0.0,0.0,0.0,1.16,400,0.0,1,0.0,2,At-Risk Customers
CUST101401,0.0,0,0.0,2.0,0.0,2.06,400,0.0,1,0.0,2,At-Risk Customers
CUST101402,0.0,0,0.0,2.0,1.0,5.04,400,0.0,1,0.0,2,At-Risk Customers
CUST101403,0.0,0,0.0,0.0,0.0,2.1,400,0.0,1,0.0,2,At-Risk Customers
CUST101404,0.0,0,0.0,3.0,0.0,9.52,400,42.47,1,0.0,2,At-Risk Customers
CUST101405,3066.94,2,1533.47,4.0,1.0,3.88,281,4380.63,1,0.0,0,Potential Customers
CUST101406,8986.55,4,2246.6375,2.0,0.0,5.7,120,11575.79,1,0.0,3,High Value Customers
CUST101407,11589.14840000001,4,2897.2871000000023,7.0,0.0,10.05,305,16318.94,1,0.0,3,High Value Customers
CUST101408,0.0,0,0.0,2.0,0.0,1.73,400,0.0,1,0.0,2,At-Risk Customers
CUST101409,3361.22,2,1680.61,3.0,0.0,5.61,17,4426.58,1,0.0,0,Potential Customers
CUST101410,11589.14840000001,4,2897.2871000000023,1.0,0.0,4.46,210,15403.69,1,0.0,3,High Value Customers
CUST101411,2635.55,1,2635.55,1.0,0.0,4.55,110,3115.09,1,0.0,0,Potential Customers
CUST101412,7333.1,2,3666.55,4.0,0.0,3.47,231,10079.61,1,1.0,3,High Value Customers
CUST101413,606.18,1,606.18,2.0,0.0,4.53,90,724.12,1,0.0,0,Potential Customers
CUST101414,7419.23,4,1854.8075,2.0,0.0,0.76,229,9898.12,1,1.0,3,High Value Customers
CUST101415,0.0,0,0.0,1.0,0.0,9.69,400,0.0,1,0.0,2,At-Risk Customers
CUST101416,1995.61,2,997.805,0.0,2.0,1.59,67,3111.23,1,1.0,1,Loyal Customers
CUST101417,2274.78,1,2274.78,6.0,0.0,14.04,101,3008.65,1,1.0,0,Potential Customers
CUST101418,1943.05,1,1943.05,2.0,0.0,23.312000000000044,252,2486.54,1,0.0,0,Potential Customers
CUST101419,3644.42,2,1822.21,2.0,0.0,2.02,43,4985.06,1,0.0,0,Potential Customers
CUST101420,7702.29,3,2567.43,3.0,0.0,5.38,290,10712.58,1,0.0,3,High Value Customers
CUST101421,0.0,0,0.0,1.0,0.0,4.9,400,0.0,1,0.0,2,At-Risk Customers
CUST101422,7343.58,3,2447.86,1.0,0.0,5.56,286,9526.51,1,1.0,3,High Value Customers
CUST101423,1374.37,1,1374.37,2.0,0.0,5.22,236,2067.58,1,0.0,0,Potential Customers
CUST101424,1148.5,2,574.25,2.0,0.0,3.68,290,1615.27,1,0.0,0,Potential Customers
CUST101425,4486.31,2,2243.155,3.0,0.0,3.14,91,5724.88,1,0.0,0,Potential Customers
CUST101426,2172.28,1,2172.28,2.0,0.0,6.1,266,2724.2,1,0.0,0,Potential Customers
CUST101427,6872.52,3,2290.84,1.0,0.0,2.5,73,8972.4,1,0.0,3,High Value Customers
CUST101428,5630.32,3,1876.7733333333333,1.0,0.0,4.41,148,8105.14,1,0.0,3,High Value Customers
CUST101429,2084.22,1,2084.22,3.0,0.0,16.63659336674831,193,2641.64,1,0.0,0,Potential Customers
CUST101430,339.24,1,339.24,3.0,0.0,4.84,132,540.24,1,0.0,0,Potential Customers
CUST101431,0.0,0,0.0,4.0,0.0,4.34,400,0.0,1,0.0,2,At-Risk Customers
CUST101432,3009.09,1,3009.09,3.0,0.0,3.94,290,3512.17,1,0.0,0,Potential Customers
CUST101433,0.0,0,0.0,4.0,0.0,13.39,400,0.0,1,0.0,2,At-Risk Customers
CUST101434,0.0,0,0.0,6.0,0.0,11.55,400,16.17,1,0.0,2,At-Risk Customers
CUST101435,688.49,1,688.49,3.0,0.0,7.69,262,760.6,1,0.0,2,At-Risk Customers
CUST101436,1602.44,1,1602.44,1.0,0.0,7.57,315,2025.18,1,0.0,0,Potential Customers
CUST101437,299.93,1,299.93,1.0,0.0,4.37,362,709.7,1,0.0,2,At-Risk Customers
CUST101438,3691.56,1,3691.56,6.0,0.0,5.03,219,4125.7,1,0.0,0,Potential Customers
CUST101439,2571.06,1,2571.06,0.0,0.0,5.49,164,3542.46,1,0.0,0,Potential Customers
CUST101440,3911.18,2,1955.59,2.0,0.0,6.18,278,5400.28,1,0.0,0,Potential Customers
CUST101441,0.0,0,0.0,2.0,0.0,4.26,400,0.0,1,0.0,2,At-Risk Customers
CUST101442,0.0,0,0.0,4.0,1.0,5.93,400,0.0,1,0.0,2,At-Risk Customers
CUST101443,2737.44,1,2737.44,2.0,0.0,4.24,274,3221.39,1,0.0,0,Potential Customers
CUST101444,0.0,0,0.0,1.0,0.0,5.45,400,0.0,1,0.0,2,At-Risk Customers
CUST101445,0.0,0,0.0,3.0,0.0,7.71,400,0.0,1,0.0,2,At-Risk Customers
CUST101446,5882.55,3,1960.8500000000001,4.0,3.0,2.56,119,6957.52,1,1.0,1,Loyal Customers
CUST101447,2851.74,3,950.5799999999999,2.0,0.0,4.45,53,4135.34,1,1.0,0,Potential Customers
CUST101448,1919.98,1,1919.98,3.0,0.0,4.28,59,2824.36,1,0.0,0,Potential Customers
CUST101449,4432.94,2,2216.47,1.0,0.0,1.99,190,6230.13,1,0.0,3,High Value Customers
CUST101450,1508.36,1,1508.36,5.0,0.0,10.74,336,2148.45,1,0.0,0,Potential Customers
CUST101451,6393.44,2,3196.72,0.0,0.0,2.28,338,7481.59,1,0.0,3,High Value Customers
CUST101452,0.0,0,0.0,2.0,0.0,11.05,400,0.0,1,0.0,2,At-Risk Customers
CUST101453,0.0,0,0.0,3.0,0.0,1.58,400,14.77,1,0.0,2,At-Risk Customers
CUST101454,3031.47,2,1515.735,2.0,0.0,1.42,71,4096.81,1,0.0,0,Potential Customers
CUST101455,2428.49,1,2428.49,3.0,0.0,3.21,255,3212.09,1,0.0,0,Potential Customers
CUST101456,4376.46,3,1458.82,2.0,2.0,5.36,260,5575.92,1,1.0,1,Loyal Customers
CUST101457,2174.46,1,2174.46,3.0,0.0,5.34,62,2854.88,1,0.0,0,Potential Customers
CUST101458,5541.35,2,2770.675,5.0,0.0,10.03,218,7299.52,1,0.0,3,High Value Customers
CUST101459,1947.99,2,973.995,3.0,0.0,2.37,238,2803.6,1,0.0,0,Potential Customers
CUST101460,0.0,0,0.0,3.0,0.0,7.75,400,0.0,1,0.0,2,At-Risk Customers
CUST101461,1894.07,1,1894.07,0.0,0.0,1.27,221,2384.98,1,1.0,0,Potential Customers
CUST101462,1369.13,1,1369.13,1.0,0.0,2.06,349,2034.81,1,1.0,0,Potential Customers
CUST101463,3489.48,1,3489.48,4.0,2.0,3.37,76,4064.12,1,0.0,1,Loyal Customers
CUST101464,2723.82,1,2723.82,2.0,0.0,1.88,94,3462.36,1,0.0,0,Potential Customers
CUST101465,286.59,1,286.59,3.0,0.0,5.95,43,367.07,1,0.0,0,Potential Customers
CUST101466,6130.14,3,2043.38,5.0,0.0,2.57,325,9343.66,1,0.0,3,High Value Customers
CUST101467,3901.54,3,1300.5133333333333,2.0,0.0,8.18,230,4971.43,1,0.0,0,Potential Customers
CUST101468,2736.91,2,1368.455,5.0,0.0,7.45,228,4325.79,1,0.0,0,Potential Customers
CUST101469,2133.92,1,2133.92,2.0,0.0,2.53,64,2835.11,1,0.0,0,Potential Customers
CUST101470,1267.57,2,633.785,1.0,0.0,3.17,134,1956.44,1,0.0,0,Potential Customers
CUST101471,3394.34,2,1697.17,1.0,0.0,3.81,276,4907.58,1,0.0,0,Potential Customers
CUST101472,1142.75,2,571.375,3.0,0.0,10.47,45,2053.88,1,1.0,0,Potential Customers
CUST101473,1591.09,1,1591.09,2.0,0.0,2.1,137,2202.57,1,0.0,0,Potential Customers
CUST101474,872.2,2,436.1,0.0,0.0,0.77,209,1389.45,1,0.0,0,Potential Customers
CUST101475,2688.99,1,2688.99,6.0,0.0,3.01,175,3883.26,1,0.0,0,Potential Customers
CUST101476,0.0,0,0.0,4.0,0.0,2.13,400,0.0,1,0.0,2,At-Risk Customers
CUST101477,2463.89,1,2463.89,2.0,0.0,1.39,196,3595.75,1,0.0,0,Potential Customers
CUST101478,2961.78,2,1480.89,3.0,0.0,3.95,30,4170.18,1,0.0,0,Potential Customers
CUST101479,0.0,0,0.0,5.0,0.0,1.78,400,104.84,1,0.0,2,At-Risk Customers
CUST101480,3937.91,2,1968.955,2.0,0.0,5.14,354,5288.53,1,0.0,0,Potential Customers
CUST101481,4207.8,3,1402.6000000000001,3.0,1.0,1.75,91,5419.2,1,1.0,3,High Value Customers
CUST101482,0.0,0,0.0,10.0,0.0,23.312000000000044,400,42.71,1,0.0,2,At-Risk Customers
CUST101483,2087.91,1,2087.91,1.0,0.0,8.51,26,2662.46,1,0.0,0,Potential Customers
CUST101484,7699.68,3,2566.56,0.0,0.0,2.43,19,10745.04,1,0.0,3,High Value Customers
CUST101485,2309.2,1,2309.2,1.0,0.0,2.36,91,2787.23,1,0.0,0,Potential Customers
CUST101486,1826.94,1,1826.94,3.0,0.0,3.55,176,2692.95,1,0.0,0,Potential Customers
CUST101487,3036.75,2,1518.375,3.0,0.0,6.79,89,4154.86,1,0.0,0,Potential Customers
CUST101488,7025.69,2,3512.845,1.0,0.0,2.96,93,8090.25,1,1.0,3,High Value Customers
CUST101489,0.0,0,0.0,1.0,0.0,1.8,400,6.51,1,0.0,2,At-Risk Customers
CUST101490,3215.53,2,1607.765,3.0,0.0,1.47,33,4834.28,1,0.0,0,Potential Customers
CUST101491,1845.14,1,1845.14,2.0,0.0,4.0,347,2030.35,1,0.0,0,Potential Customers
CUST101492,0.0,0,0.0,1.0,0.0,2.44,400,21.42,1,0.0,2,At-Risk Customers
CUST101493,3999.26,2,1999.63,0.0,2.0,4.94,76,5732.93,1,0.0,1,Loyal Customers
CUST101494,2094.7,1,2094.7,1.0,0.0,0.92,275,3080.45,1,1.0,0,Potential Customers
CUST101495,2157.01,1,2157.01,5.0,1.0,5.64,116,2861.08,1,1.0,0,Potential Customers
CUST101496,0.0,0,0.0,4.0,2.0,3.24,400,39.04,1,0.0,1,Loyal Customers
CUST101497,1703.47,1,1703.47,2.0,0.0,1.19,200,2476.61,1,1.0,0,Potential Customers
CUST101498,4012.54,1,4012.54,1.0,0.0,5.23,247,5486.41,1,0.0,0,Potential Customers
CUST101499,0.0,0,0.0,1.0,0.0,5.75,400,176.28,1,0.0,2,At-Risk Customers
CUST101500,2130.38,2,1065.19,2.0,0.0,2.31,187,2861.64,1,0.0,0,Potential Customers
CUST101501,1615.38,1,1615.38,4.0,0.0,6.38,32,2269.12,1,0.0,0,Potential Customers
CUST101502,0.0,0,0.0,3.0,0.0,1.56,400,0.0,1,0.0,2,At-Risk Customers
CUST101503,0.0,0,0.0,0.0,0.0,0.81,400,27.65,1,0.0,2,At-Risk Customers
CUST101504,3084.09,2,1542.045,2.0,0.0,3.6,321,4494.33,1,1.0,0,Potential Customers
CUST101505,5753.93,2,2876.965,1.0,0.0,2.18,97,7759.31,1,0.0,3,High Value Customers
CUST101506,1895.03,1,1895.03,3.0,0.0,1.7,249,2579.67,1,0.0,0,Potential Customers
CUST101507,0.0,0,0.0,4.0,0.0,6.05,400,0.0,1,1.0,2,At-Risk Customers
CUST101508,0.0,0,0.0,1.0,0.0,4.71,400,0.0,1,0.0,2,At-Risk Customers
CUST101509,1173.59,2,586.795,3.0,0.0,12.78,293,1743.17,1,0.0,0,Potential Customers
CUST101510,0.0,0,0.0,0.0,0.0,5.43,400,0.0,1,0.0,2,At-Risk Customers
CUST101511,0.0,0,0.0,1.0,0.0,5.97,400,0.0,1,0.0,2,At-Risk Customers
CUST101512,6802.78,2,3401.39,3.0,0.0,2.2,174,8777.25,1,1.0,3,High Value Customers
CUST101513,654.67,1,654.67,1.0,0.0,0.91,34,1154.31,1,0.0,0,Potential Customers
CUST101514,6557.88,2,3278.94,3.0,0.0,16.19,210,7729.66,1,0.0,3,High Value Customers
CUST101515,0.0,0,0.0,3.0,3.0,5.73,400,6.1,1,1.0,1,Loyal Customers
CUST101516,2304.54,2,1152.27,5.0,0.0,12.46,43,3434.95,1,1.0,0,Potential Customers
CUST101517,4764.8,2,2382.4,1.0,0.0,1.77,99,6243.18,1,0.0,3,High Value Customers
CUST101518,5064.31,2,2532.155,5.0,0.0,8.2,189,7425.28,1,0.0,3,High Value Customers
CUST101519,4887.81,2,2443.905,4.0,0.0,4.96,57,7152.77,1,0.0,3,High Value Customers
CUST101520,0.0,0,0.0,3.0,0.0,8.53,400,0.0,1,1.0,2,At-Risk Customers
CUST101521,3035.57,1,3035.57,1.0,0.0,6.09,63,3590.16,1,0.0,0,Potential Customers
CUST101522,2508.99,1,2508.99,3.0,0.0,3.45,14,3341.77,1,0.0,0,Potential Customers
CUST101523,2445.18,1,2445.18,2.0,0.0,4.94,138,3000.05,1,0.0,0,Potential Customers
CUST101524,6006.71,2,3003.355,1.0,0.0,3.17,182,8064.68,1,0.0,3,High Value Customers
CUST101525,1562.01,1,1562.01,3.0,0.0,7.29,148,1694.46,1,0.0,0,Potential Customers
CUST101526,4151.89,2,2075.945,2.0,0.0,2.32,270,5765.82,1,0.0,0,Potential Customers
CUST101527,2172.02,1,2172.02,3.0,0.0,2.48,230,2689.16,1,0.0,0,Potential Customers
CUST101528,1750.61,1,1750.61,2.0,0.0,3.62,255,2198.1,1,1.0,0,Potential Customers
CUST101529,3081.42,2,1540.71,1.0,0.0,6.24,211,4541.99,1,0.0,0,Potential Customers
CUST101530,3401.28,3,1133.76,4.0,0.0,4.21,179,4224.64,1,0.0,0,Potential Customers
CUST101531,0.0,0,0.0,1.0,0.0,3.23,400,48.1,1,0.0,2,At-Risk Customers
CUST101532,0.0,0,0.0,3.0,1.0,8.49,400,10.83,1,0.0,2,At-Risk Customers
CUST101533,9133.75,6,1522.2916666666667,3.0,0.0,6.12,98,12762.48,1,0.0,3,High Value Customers
CUST101534,1697.48,1,1697.48,2.0,0.0,2.94,17,1989.79,1,0.0,0,Potential Customers
CUST101535,4472.72,2,2236.36,1.0,0.0,1.95,354,6360.81,1,0.0,3,High Value Customers
CUST101536,0.0,0,0.0,5.0,0.0,3.59,400,0.0,1,0.0,2,At-Risk Customers
CUST101537,2670.05,1,2670.05,3.0,0.0,2.62,319,3121.18,1,0.0,0,Potential Customers
CUST101538,3605.78,2,1802.89,1.0,0.0,2.36,270,4808.77,1,0.0,0,Potential Customers
CUST101539,8299.35,3,2766.4500000000003,3.0,0.0,6.85,271,11549.8,1,0.0,3,High Value Customers
CUST101540,3458.55,3,1152.8500000000001,4.0,0.0,8.93,170,5101.77,1,0.0,0,Potential Customers
CUST101541,7214.64,3,2404.88,4.0,0.0,3.89,38,8956.6,1,0.0,3,High Value Customers
CUST101542,0.0,0,0.0,1.0,0.0,4.04,400,0.0,1,0.0,2,At-Risk Customers
CUST101543,5596.47,3,1865.49,2.0,0.0,2.42,149,6889.16,1,0.0,3,High Value Customers
CUST101544,11589.14840000001,6,1931.5247333333348,1.0,0.0,1.93,74,17665.59,1,0.0,3,High Value Customers
CUST101545,0.0,0,0.0,6.0,0.0,7.08,400,31.29,1,0.0,2,At-Risk Customers
CUST101546,0.0,0,0.0,4.0,0.0,1.67,400,0.0,1,0.0,2,At-Risk Customers
CUST101547,1678.6,1,1678.6,5.0,0.0,2.63,234,2693.43,1,0.0,0,Potential Customers
CUST101548,5860.5,2,2930.25,3.0,0.0,2.57,75,8160.76,1,0.0,3,High Value Customers
CUST101549,0.0,0,0.0,2.0,0.0,5.46,400,0.0,1,0.0,2,At-Risk Customers
CUST101550,0.0,0,0.0,0.0,0.0,3.53,400,0.0,1,0.0,2,At-Risk Customers
CUST101551,0.0,0,0.0,1.0,0.0,2.72,400,118.4,1,0.0,2,At-Risk Customers
CUST101552,0.0,0,0.0,1.0,0.0,10.5,400,58.79,1,0.0,2,At-Risk Customers
CUST101553,0.0,0,0.0,3.0,0.0,12.69,400,0.0,1,0.0,2,At-Risk Customers
CUST101554,909.72,1,909.72,4.0,0.0,5.33,143,1578.14,1,0.0,0,Potential Customers
CUST101555,3505.3,2,1752.65,1.0,0.0,4.48,281,4971.56,1,0.0,0,Potential Customers
CUST101556,1859.22,1,1859.22,1.0,0.0,2.85,122,2208.45,1,0.0,0,Potential Customers
CUST101557,2962.52,1,2962.52,3.0,0.0,4.0,82,3958.4,1,0.0,0,Potential Customers
CUST101558,0.0,0,0.0,3.0,0.0,1.74,400,389.82,1,0.0,2,At-Risk Customers
CUST101559,2177.06,1,2177.06,1.0,0.0,8.1,145,3111.5,1,0.0,0,Potential Customers
CUST101560,4059.36,2,2029.68,1.0,0.0,3.7,203,5430.76,1,0.0,0,Potential Customers
CUST101561,0.0,0,0.0,1.0,0.0,2.51,400,0.0,1,0.0,2,At-Risk Customers
CUST101562,1009.98,3,336.66,1.0,0.0,3.22,326,2252.44,1,0.0,0,Potential Customers
CUST101563,3948.2,3,1316.0666666666666,2.0,0.0,6.65,296,6164.57,1,1.0,3,High Value Customers
CUST101564,4360.95,2,2180.475,3.0,0.0,3.39,164,6473.12,1,1.0,3,High Value Customers
CUST101565,2330.44,1,2330.44,4.0,0.0,2.34,283,2699.48,1,1.0,0,Potential Customers
CUST101566,3276.18,3,1092.06,2.0,0.0,0.94,235,4806.36,1,0.0,0,Potential Customers
CUST101567,1361.14,2,680.57,2.0,0.0,3.84,56,2348.31,1,1.0,0,Potential Customers
CUST101568,3098.24,2,1549.12,3.0,0.0,5.27,88,4497.37,1,0.0,0,Potential Customers
CUST101569,6322.01,3,2107.3366666666666,0.0,0.0,2.88,63,9486.07,1,0.0,3,High Value Customers
CUST101570,292.67,1,292.67,0.0,0.0,2.33,317,528.3,1,0.0,2,At-Risk Customers
CUST101571,0.0,0,0.0,1.0,0.0,1.84,400,14.47,1,0.0,2,At-Risk Customers
CUST101572,2740.39,3,913.4633333333333,2.0,0.0,3.12,43,4301.46,1,0.0,0,Potential Customers
CUST101573,3263.42,1,3263.42,3.0,0.0,1.86,52,4320.78,1,1.0,0,Potential Customers
CUST101574,4410.89,2,2205.445,4.0,0.0,1.85,182,6089.58,1,0.0,0,Potential Customers
CUST101575,1638.88,1,1638.88,3.0,0.0,2.9,253,2148.01,1,0.0,0,Potential Customers
CUST101576,0.0,0,0.0,2.0,0.0,15.16,400,132.36,1,0.0,2,At-Risk Customers
CUST101577,1115.22,1,1115.22,6.0,0.0,20.79,302,1766.19,1,0.0,0,Potential Customers
CUST101578,338.11,1,338.11,2.0,0.0,9.25,260,658.08,1,0.0,2,At-Risk Customers
CUST101579,7249.98,3,2416.66,2.0,0.0,6.37,235,8754.55,1,0.0,3,High Value Customers
CUST101580,7198.96,3,2399.653333333333,2.0,0.0,1.04,98,8646.76,1,0.0,3,High Value Customers
CUST101581,0.0,0,0.0,9.0,0.0,23.312000000000044,400,0.0,1,0.0,2,At-Risk Customers
CUST101582,321.24,1,321.24,2.0,0.0,5.34,107,607.28,1,0.0,0,Potential Customers
CUST101583,0.0,0,0.0,2.0,0.0,1.88,400,43.72,1,0.0,2,At-Risk Customers
CUST101584,2776.1,2,1388.05,8.0,0.0,23.312000000000044,317,3829.26,1,1.0,0,Potential Customers
CUST101585,11589.14840000001,4,2897.2871000000023,5.0,0.0,3.79,105,17767.96,1,0.0,3,High Value Customers
CUST101586,0.0,0,0.0,2.0,0.0,7.27,400,45.47,1,0.0,2,At-Risk Customers
CUST101587,1732.23,1,1732.23,2.0,0.0,3.25,352,2436.97,1,0.0,0,Potential Customers
CUST101588,0.0,0,0.0,1.0,0.0,6.03,400,0.0,1,0.0,2,At-Risk Customers
CUST101589,0.0,0,0.0,2.0,0.0,6.56,400,0.0,1,0.0,2,At-Risk Customers
CUST101590,855.91,2,427.955,1.0,0.0,7.4,261,1601.69,1,0.0,0,Potential Customers
CUST101591,0.0,0,0.0,1.0,0.0,9.96,400,241.23,1,0.0,2,At-Risk Customers
CUST101592,11589.14840000001,5,2317.8296800000016,3.0,0.0,4.52,70,31151.64,1,1.0,3,High Value Customers
CUST101593,3316.97,2,1658.485,3.0,1.0,4.7,260,5010.31,1,1.0,0,Potential Customers
CUST101594,3489.68,2,1744.84,6.0,0.0,3.92,22,5079.38,1,0.0,0,Potential Customers
CUST101595,0.0,0,0.0,1.0,0.0,1.95,400,0.0,1,0.0,2,At-Risk Customers
CUST101596,359.54,1,359.54,3.0,0.0,2.15,208,562.14,1,0.0,2,At-Risk Customers
CUST101597,933.14,1,933.14,0.0,0.0,3.27,333,1483.87,1,0.0,2,At-Risk Customers
CUST101598,2221.35,1,2221.35,2.0,0.0,9.81,333,2919.36,1,0.0,0,Potential Customers
CUST101599,747.56,1,747.56,2.0,0.0,4.02,200,1098.91,1,0.0,0,Potential Customers
CUST101600,5899.09,3,1966.3633333333335,3.0,0.0,3.8,66,8272.6,1,0.0,3,High Value Customers
CUST101601,2029.05,1,2029.05,4.0,0.0,3.37,276,2662.87,1,0.0,0,Potential Customers
CUST101602,1306.4,1,1306.4,3.0,0.0,1.79,71,1720.56,1,0.0,0,Potential Customers
CUST101603,2372.24,1,2372.24,1.0,0.0,2.16,118,2860.55,1,1.0,0,Potential Customers
CUST101604,2380.07,1,2380.07,4.0,0.0,4.52,189,2834.9,1,0.0,0,Potential Customers
CUST101605,1452.58,1,1452.58,0.0,0.0,4.08,212,2188.41,1,0.0,0,Potential Customers
CUST101606,2344.1,1,2344.1,2.0,0.0,6.99,99,3198.34,1,0.0,0,Potential Customers
CUST101607,0.0,0,0.0,1.0,0.0,3.48,400,40.13,1,0.0,2,At-Risk Customers
CUST101608,694.94,2,347.47,4.0,0.0,6.03,151,1106.31,1,1.0,0,Potential Customers
CUST101609,11589.14840000001,5,2317.8296800000016,3.0,0.0,1.39,324,15811.18,1,0.0,3,High Value Customers
CUST101610,0.0,0,0.0,2.0,0.0,2.09,400,0.0,1,0.0,2,At-Risk Customers
CUST101611,930.9,1,930.9,2.0,0.0,4.88,140,1581.64,1,0.0,0,Potential Customers
CUST101612,6364.91,3,2121.6366666666668,1.0,0.0,4.1,285,7525.41,1,0.0,3,High Value Customers
CUST101613,0.0,0,0.0,1.0,0.0,6.8,400,0.0,1,0.0,2,At-Risk Customers
CUST101614,574.76,2,287.38,1.0,0.0,9.23,286,1480.42,1,0.0,0,Potential Customers
CUST101615,1358.18,1,1358.18,3.0,0.0,9.53,54,1845.93,1,0.0,0,Potential Customers
CUST101616,1168.48,1,1168.48,7.0,0.0,12.31,78,1798.53,1,0.0,0,Potential Customers
CUST101617,2139.69,1,2139.69,2.0,1.0,14.51,42,2876.62,1,1.0,0,Potential Customers
CUST101618,2447.02,3,815.6733333333333,1.0,0.0,3.16,307,4160.78,1,0.0,0,Potential Customers
CUST101619,7321.31,3,2440.436666666667,2.0,0.0,20.28,200,9704.91,1,1.0,3,High Value Customers
CUST101620,0.0,0,0.0,4.0,3.0,23.312000000000044,400,0.0,1,0.0,1,Loyal Customers
CUST101621,2140.47,1,2140.47,2.0,0.0,1.63,91,2659.62,1,1.0,0,Potential Customers
CUST101622,7903.28,2,3951.64,0.0,0.0,2.69,140,9799.92,1,0.0,3,High Value Customers
CUST101623,6675.11,4,1668.7775,1.0,0.0,5.22,293,8985.49,1,0.0,3,High Value Customers
CUST101624,1065.21,1,1065.21,3.0,0.0,4.77,50,1805.16,1,0.0,0,Potential Customers
CUST101625,0.0,0,0.0,2.0,0.0,1.25,400,0.0,1,0.0,2,At-Risk Customers
CUST101626,6912.76,3,2304.2533333333336,1.0,0.0,2.09,245,9988.95,1,0.0,3,High Value Customers
CUST101627,2471.73,2,1235.865,1.0,0.0,4.72,312,3470.32,1,0.0,0,Potential Customers
CUST101628,1642.02,1,1642.02,1.0,0.0,3.48,275,2274.17,1,0.0,0,Potential Customers
CUST101629,3038.95,2,1519.475,2.0,1.0,6.26,66,4384.14,1,0.0,0,Potential Customers
CUST101630,1304.31,1,1304.31,4.0,3.0,15.94,137,1564.17,1,1.0,1,Loyal Customers
CUST101631,3753.37,2,1876.685,0.0,0.0,1.7,277,5073.63,1,0.0,0,Potential Customers
CUST101632,6355.75,3,2118.5833333333335,3.0,0.0,20.49,250,7781.06,1,1.0,3,High Value Customers
CUST101633,1455.09,1,1455.09,4.0,0.0,15.13,281,1757.32,1,0.0,0,Potential Customers
CUST101634,7548.98,2,3774.49,4.0,0.0,1.21,201,8709.66,1,0.0,3,High Value Customers
CUST101635,7435.78,3,2478.5933333333332,2.0,0.0,1.76,326,10650.17,1,0.0,3,High Value Customers
CUST101636,1779.02,1,1779.02,0.0,0.0,3.06,335,2866.29,1,0.0,0,Potential Customers
CUST101637,1472.09,1,1472.09,5.0,0.0,2.08,21,2034.62,1,0.0,0,Potential Customers
CUST101638,1239.95,1,1239.95,2.0,0.0,6.09,104,1696.77,1,0.0,0,Potential Customers
CUST101639,0.0,0,0.0,2.0,1.0,6.32,400,97.35,1,0.0,2,At-Risk Customers
CUST101640,5491.13,2,2745.565,1.0,0.0,4.48,213,7531.4,1,0.0,3,High Value Customers
CUST101641,2868.13,1,2868.13,3.0,0.0,5.27,70,3692.73,1,0.0,0,Potential Customers
CUST101642,5767.49,2,2883.745,3.0,0.0,3.69,201,6944.08,1,0.0,3,High Value Customers
CUST101643,1394.99,1,1394.99,3.0,0.0,5.35,116,1978.98,1,0.0,0,Potential Customers
CUST101644,1309.21,1,1309.21,5.0,0.0,15.47,100,2030.79,1,0.0,0,Potential Customers
CUST101645,1336.39,3,445.46333333333337,1.0,0.0,0.76,270,2453.83,1,0.0,0,Potential Customers
CUST101646,0.0,0,0.0,1.0,0.0,4.11,400,68.24,1,0.0,2,At-Risk Customers
CUST101647,6652.66,2,3326.33,1.0,0.0,5.61,293,9017.05,1,0.0,3,High Value Customers
CUST101648,6631.78,3,2210.5933333333332,2.0,0.0,3.78,192,7992.53,1,0.0,3,High Value Customers
CUST101649,2024.15,1,2024.15,3.0,0.0,5.05,353,2669.71,1,0.0,0,Potential Customers
CUST101650,0.0,0,0.0,2.0,0.0,9.39,400,125.68,1,0.0,2,At-Risk Customers
CUST101651,5218.36,3,1739.4533333333331,1.0,0.0,2.83,41,7420.26,1,0.0,3,High Value Customers
CUST101652,1020.76,1,1020.76,3.0,0.0,19.03,245,1418.69,1,0.0,0,Potential Customers
CUST101653,7111.87,3,2370.6233333333334,2.0,0.0,1.43,1,8969.07,1,1.0,3,High Value Customers
CUST101654,4464.26,3,1488.0866666666668,4.0,0.0,6.26,169,6081.76,1,0.0,3,High Value Customers
CUST101655,11589.14840000001,5,2317.8296800000016,1.0,0.0,4.02,240,19712.94,1,0.0,3,High Value Customers
CUST101656,0.0,0,0.0,2.0,0.0,4.86,400,14.81,1,0.0,2,At-Risk Customers
CUST101657,0.0,0,0.0,6.0,0.0,6.91,400,129.03,1,0.0,2,At-Risk Customers
CUST101658,0.0,0,0.0,6.0,0.0,2.63,400,0.0,1,0.0,2,At-Risk Customers
CUST101659,0.0,0,0.0,1.0,0.0,8.77,400,39.79,1,0.0,2,At-Risk Customers
CUST101660,2000.91,1,2000.91,4.0,0.0,16.16,303,2733.1,1,0.0,0,Potential Customers
CUST101661,0.0,0,0.0,4.0,0.0,3.31,400,109.96,1,0.0,2,At-Risk Customers
CUST101662,0.0,0,0.0,2.0,0.0,2.82,400,214.47,1,0.0,2,At-Risk Customers
CUST101663,6181.36,2,3090.68,3.0,0.0,9.83,183,7785.85,1,0.0,3,High Value Customers
CUST101664,4434.07,4,1108.5175,4.0,0.0,8.07,238,6121.51,1,0.0,3,High Value Customers
CUST101665,3105.72,3,1035.24,0.0,0.0,1.36,72,4944.6,1,0.0,0,Potential Customers
CUST101666,6912.78,2,3456.39,1.0,0.0,5.97,226,9640.29,1,0.0,3,High Value Customers
CUST101667,0.0,0,0.0,0.0,0.0,6.98,400,34.39,1,0.0,2,At-Risk Customers
CUST101668,4257.37,2,2128.685,1.0,0.0,3.9,134,5194.75,1,0.0,0,Potential Customers
CUST101669,1168.9,2,584.45,2.0,0.0,11.59,272,1643.49,1,0.0,0,Potential Customers
CUST101670,4570.06,2,2285.03,2.0,0.0,1.32,201,6001.0,1,0.0,3,High Value Customers
CUST101671,3592.55,2,1796.275,3.0,0.0,0.9,298,5152.21,1,0.0,0,Potential Customers
CUST101672,7738.67,3,2579.556666666667,3.0,0.0,8.55,254,10256.16,1,1.0,3,High Value Customers
CUST101673,0.0,0,0.0,1.0,0.0,2.3,400,0.0,1,0.0,2,At-Risk Customers
CUST101674,0.0,0,0.0,4.0,0.0,3.96,400,0.0,1,0.0,2,At-Risk Customers
CUST101675,5985.47,2,2992.735,1.0,0.0,1.83,108,7030.46,1,0.0,3,High Value Customers
CUST101676,5385.87,3,1795.29,7.0,3.0,7.36,121,7543.56,1,0.0,1,Loyal Customers
CUST101677,3723.52,2,1861.76,2.0,0.0,5.15,263,4946.24,1,0.0,0,Potential Customers
CUST101678,892.04,3,297.34666666666664,4.0,0.0,3.7,242,2142.82,1,1.0,0,Potential Customers
CUST101679,0.0,0,0.0,5.0,2.0,1.71,400,18.98,1,0.0,1,Loyal Customers
CUST101680,0.0,0,0.0,4.0,0.0,3.62,400,0.0,1,0.0,2,At-Risk Customers
CUST101681,2319.0,1,2319.0,4.0,0.0,5.12,224,3331.07,1,0.0,0,Potential Customers
CUST101682,5636.46,2,2818.23,0.0,0.0,2.79,254,6711.01,1,0.0,3,High Value Customers
CUST101683,2119.28,1,2119.28,0.0,0.0,2.86,268,2503.31,1,0.0,0,Potential Customers
CUST101684,0.0,0,0.0,1.0,0.0,4.08,400,0.0,1,0.0,2,At-Risk Customers
CUST101685,0.0,0,0.0,2.0,0.0,6.5,400,94.46,1,0.0,2,At-Risk Customers
CUST101686,0.0,0,0.0,3.0,0.0,5.46,400,24.8,1,0.0,2,At-Risk Customers
CUST101687,4756.74,3,1585.58,3.0,0.0,9.24,306,6431.93,1,0.0,3,High Value Customers
CUST101688,2971.27,2,1485.635,2.0,0.0,3.81,230,4192.81,1,0.0,0,Potential Customers
CUST101689,2560.45,1,2560.45,2.0,0.0,8.24,275,3401.15,1,0.0,0,Potential Customers
CUST101690,2147.55,1,2147.55,1.0,0.0,1.79,70,3029.18,1,0.0,0,Potential Customers
CUST101691,0.0,0,0.0,1.0,0.0,5.36,400,47.4,1,1.0,2,At-Risk Customers
CUST101692,0.0,0,0.0,2.0,0.0,5.16,400,154.73,1,0.0,2,At-Risk Customers
CUST101693,0.0,0,0.0,6.0,0.0,21.12,400,38.82,1,0.0,2,At-Risk Customers
CUST101694,0.0,0,0.0,1.0,0.0,2.54,400,302.28,1,0.0,2,At-Risk Customers
CUST101695,0.0,0,0.0,1.0,0.0,1.75,400,0.0,1,0.0,2,At-Risk Customers
CUST101696,0.0,0,0.0,2.0,0.0,2.37,400,242.65,1,0.0,2,At-Risk Customers
CUST101697,4650.77,3,1550.256666666667,3.0,0.0,2.61,185,6540.27,1,0.0,3,High Value Customers
CUST101698,1730.11,2,865.055,1.0,0.0,5.4,37,2496.04,1,0.0,0,Potential Customers
CUST101699,599.31,1,599.31,2.0,0.0,1.68,272,916.22,1,1.0,2,At-Risk Customers
CUST101700,0.0,0,0.0,5.0,0.0,5.16,400,102.64,1,0.0,2,At-Risk Customers
CUST101701,0.0,0,0.0,3.0,0.0,4.15,400,0.0,1,0.0,2,At-Risk Customers
CUST101702,0.0,0,0.0,3.0,0.0,7.69,400,184.46,1,0.0,2,At-Risk Customers
CUST101703,2203.35,2,1101.675,2.0,0.0,6.26,301,2691.17,1,0.0,0,Potential Customers
CUST101704,2235.02,2,1117.51,3.0,0.0,7.24,197,3706.05,1,0.0,0,Potential Customers
CUST101705,3322.31,1,3322.31,3.0,0.0,5.72,157,4550.17,1,1.0,0,Potential Customers
CUST101706,3324.63,1,3324.63,3.0,0.0,9.18,139,4526.98,1,1.0,0,Potential Customers
CUST101707,927.76,1,927.76,1.0,0.0,1.43,68,1377.85,1,0.0,0,Potential Customers
CUST101708,3787.48,2,1893.74,3.0,0.0,1.46,123,4798.59,1,0.0,0,Potential Customers
CUST101709,0.0,0,0.0,2.0,0.0,4.0,400,59.14,1,0.0,2,At-Risk Customers
CUST101710,3989.59,1,3989.59,4.0,0.0,4.3,32,4965.42,1,0.0,0,Potential Customers
CUST101711,2101.0,1,2101.0,2.0,0.0,1.98,357,2998.04,1,1.0,0,Potential Customers
CUST101712,7367.36,3,2455.7866666666664,1.0,0.0,6.0,184,9481.71,1,0.0,3,High Value Customers
CUST101713,0.0,0,0.0,4.0,0.0,1.63,400,184.62,1,0.0,2,At-Risk Customers
CUST101714,1665.14,1,1665.14,2.0,0.0,3.36,207,2186.11,1,0.0,0,Potential Customers
CUST101715,11589.14840000001,5,2317.8296800000016,1.0,0.0,4.0,190,18143.01,1,0.0,3,High Value Customers
CUST101716,329.85,1,329.85,1.0,0.0,6.05,132,685.1,1,1.0,0,Potential Customers
CUST101717,3382.21,3,1127.4033333333334,2.0,0.0,2.85,316,5841.32,1,1.0,0,Potential Customers
CUST101718,927.91,1,927.91,1.0,0.0,9.5,45,1173.44,1,0.0,0,Potential Customers
CUST101719,3294.38,1,3294.38,2.0,0.0,13.15,216,4675.06,1,0.0,0,Potential Customers
CUST101720,3068.43,1,3068.43,1.0,0.0,11.9,355,3736.29,1,0.0,0,Potential Customers
CUST101721,5416.02,2,2708.01,4.0,0.0,14.37,162,7341.87,1,0.0,3,High Value Customers
CUST101722,0.0,0,0.0,2.0,0.0,8.55,400,37.1,1,0.0,2,At-Risk Customers
CUST101723,0.0,0,0.0,3.0,0.0,6.24,400,0.0,1,0.0,2,At-Risk Customers
CUST101724,1121.86,1,1121.86,1.0,0.0,2.4,35,1745.7,1,0.0,0,Potential Customers
CUST101725,2109.57,1,2109.57,1.0,0.0,2.73,320,2631.54,1,0.0,0,Potential Customers
CUST101726,0.0,0,0.0,2.0,3.0,7.88,400,23.46,1,0.0,1,Loyal Customers
CUST101727,5384.19,3,1794.7299999999998,2.0,0.0,1.17,96,6927.05,1,1.0,3,High Value Customers
CUST101728,4342.58,2,2171.29,2.0,0.0,10.24,72,5753.48,1,0.0,0,Potential Customers
CUST101729,2601.04,1,2601.04,1.0,3.0,2.65,325,3022.1,1,0.0,1,Loyal Customers
CUST101730,0.0,0,0.0,1.0,0.0,2.79,400,0.0,1,0.0,2,At-Risk Customers
CUST101731,11589.14840000001,6,1931.5247333333348,3.0,0.0,23.312000000000044,98,15569.49,1,0.0,3,High Value Customers
CUST101732,0.0,0,0.0,2.0,0.0,4.93,400,90.43,1,0.0,2,At-Risk Customers
CUST101733,3240.13,2,1620.065,2.0,0.0,3.02,262,4876.35,1,0.0,0,Potential Customers
CUST101734,2556.08,1,2556.08,3.0,0.0,2.14,90,2956.13,1,0.0,0,Potential Customers
CUST101735,0.0,0,0.0,1.0,0.0,1.42,400,0.0,1,0.0,2,At-Risk Customers
CUST101736,4184.45,3,1394.8166666666666,1.0,0.0,0.89,355,5938.35,1,0.0,3,High Value Customers
CUST101737,1530.09,2,765.045,6.0,0.0,11.29,174,2455.57,1,0.0,0,Potential Customers
CUST101738,0.0,0,0.0,1.0,0.0,3.48,400,178.71,1,0.0,2,At-Risk Customers
CUST101739,9034.54,3,3011.513333333334,3.0,0.0,2.18,307,12799.63,1,0.0,3,High Value Customers
CUST101740,2112.42,1,2112.42,2.0,0.0,6.86,347,2801.22,1,0.0,0,Potential Customers
CUST101741,1685.91,1,1685.91,1.0,0.0,2.35,337,2203.55,1,0.0,0,Potential Customers
CUST101742,3448.05,1,3448.05,2.0,0.0,2.38,125,3996.77,1,0.0,0,Potential Customers
CUST101743,276.83,1,276.83,3.0,0.0,9.33,262,493.73,1,0.0,2,At-Risk Customers
CUST101744,1929.8,1,1929.8,2.0,0.0,6.81,177,2803.2,1,0.0,0,Potential Customers
CUST101745,4346.71,4,1086.6775,1.0,0.0,4.61,227,5430.02,1,0.0,3,High Value Customers
CUST101746,931.36,1,931.36,0.0,0.0,2.75,154,1137.47,1,1.0,0,Potential Customers
CUST101747,1560.96,1,1560.96,3.0,0.0,4.78,101,2247.28,1,0.0,0,Potential Customers
CUST101748,6884.29,5,1376.858,2.0,0.0,6.09,108,8914.39,1,0.0,3,High Value Customers
CUST101749,623.6,2,311.8,4.0,0.0,4.86,103,1282.48,1,0.0,0,Potential Customers
CUST101750,0.0,0,0.0,2.0,0.0,9.49,400,0.0,1,0.0,2,At-Risk Customers
CUST101751,1511.86,1,1511.86,0.0,0.0,2.01,103,2432.97,1,0.0,0,Potential Customers
CUST101752,2643.31,1,2643.31,4.0,0.0,3.38,336,3615.4,1,0.0,0,Potential Customers
CUST101753,2335.04,1,2335.04,2.0,0.0,5.99,300,3279.7,1,1.0,0,Potential Customers
CUST101754,0.0,0,0.0,2.0,0.0,2.72,400,0.0,1,0.0,2,At-Risk Customers
CUST101755,1547.92,1,1547.92,3.0,0.0,7.9,116,2162.93,1,0.0,0,Potential Customers
CUST101756,7157.24,2,3578.62,3.0,1.0,10.38,359,9870.37,1,0.0,3,High Value Customers
CUST101757,1141.76,1,1141.76,4.0,0.0,4.02,355,1728.75,1,0.0,2,At-Risk Customers
CUST101758,0.0,0,0.0,3.0,0.0,5.3,400,139.66,1,1.0,2,At-Risk Customers
CUST101759,0.0,0,0.0,3.0,0.0,3.5,400,159.93,1,1.0,2,At-Risk Customers
CUST101760,1414.92,2,707.46,2.0,0.0,3.3,33,2132.62,1,0.0,0,Potential Customers
CUST101761,0.0,0,0.0,2.0,0.0,9.96,400,10.63,1,0.0,2,At-Risk Customers
CUST101762,3414.16,2,1707.08,2.0,0.0,2.26,16,4333.0,1,0.0,0,Potential Customers
CUST101763,0.0,0,0.0,3.0,0.0,7.23,400,0.0,1,0.0,2,At-Risk Customers
CUST101764,1154.53,1,1154.53,2.0,0.0,2.87,176,1870.65,1,0.0,0,Potential Customers
CUST101765,0.0,0,0.0,4.0,2.0,2.24,400,20.65,1,0.0,1,Loyal Customers
CUST101766,2093.39,3,697.7966666666666,4.0,0.0,8.21,103,2806.93,1,0.0,0,Potential Customers
CUST101767,1390.02,1,1390.02,1.0,0.0,6.6,270,1929.99,1,0.0,0,Potential Customers
CUST101768,2861.53,1,2861.53,1.0,0.0,2.57,163,3725.23,1,0.0,0,Potential Customers
CUST101769,1376.49,1,1376.49,3.0,0.0,3.6,258,2148.42,1,1.0,0,Potential Customers
CUST101770,0.0,0,0.0,6.0,0.0,3.72,400,136.75,1,0.0,2,At-Risk Customers
CUST101771,575.62,1,575.62,1.0,0.0,4.78,352,956.02,1,1.0,2,At-Risk Customers
CUST101772,0.0,0,0.0,1.0,1.0,2.88,400,0.0,1,1.0,2,At-Risk Customers
CUST101773,0.0,0,0.0,4.0,0.0,4.02,400,0.0,1,0.0,2,At-Risk Customers
CUST101774,2299.35,1,2299.35,4.0,0.0,1.87,317,2963.23,1,0.0,0,Potential Customers
CUST101775,1102.58,1,1102.58,3.0,0.0,1.4,15,1372.61,1,0.0,0,Potential Customers
CUST101776,0.0,0,0.0,6.0,0.0,3.74,400,198.31,1,0.0,2,At-Risk Customers
CUST101777,3509.51,2,1754.755,1.0,0.0,1.01,341,4721.25,1,0.0,0,Potential Customers
CUST101778,928.24,1,928.24,0.0,0.0,2.35,236,1185.86,1,0.0,0,Potential Customers
CUST101779,0.0,0,0.0,3.0,0.0,2.6,400,133.43,1,0.0,2,At-Risk Customers
CUST101780,0.0,0,0.0,1.0,0.0,4.1,400,26.88,1,0.0,2,At-Risk Customers
CUST101781,2782.73,2,1391.365,1.0,0.0,3.53,147,3982.55,1,0.0,0,Potential Customers
CUST101782,4327.97,3,1442.6566666666668,2.0,0.0,4.78,69,6152.61,1,0.0,3,High Value Customers
CUST101783,2674.48,1,2674.48,1.0,0.0,2.35,195,3217.98,1,0.0,0,Potential Customers
CUST101784,6193.17,2,3096.585,3.0,0.0,3.11,68,7244.76,1,0.0,3,High Value Customers
CUST101785,0.0,0,0.0,3.0,0.0,6.08,400,0.0,1,0.0,2,At-Risk Customers
CUST101786,2179.16,1,2179.16,1.0,0.0,0.83,191,2655.39,1,0.0,0,Potential Customers
CUST101787,2983.57,2,1491.785,1.0,0.0,5.44,62,4556.82,1,0.0,0,Potential Customers
CUST101788,7553.6,3,2517.866666666667,0.0,0.0,0.9,130,9003.38,1,0.0,3,High Value Customers
CUST101789,4447.09,2,2223.545,1.0,0.0,4.09,208,5641.47,1,0.0,0,Potential Customers
CUST101790,1738.74,1,1738.74,1.0,0.0,5.84,4,2640.58,1,0.0,0,Potential Customers
CUST101791,2517.52,1,2517.52,3.0,0.0,5.03,304,3397.85,1,0.0,0,Potential Customers
CUST101792,0.0,0,0.0,1.0,0.0,2.63,400,0.0,1,0.0,2,At-Risk Customers
CUST101793,2150.15,2,1075.075,1.0,0.0,4.85,75,3094.04,1,0.0,0,Potential Customers
CUST101794,2276.02,1,2276.02,2.0,0.0,2.1,201,3564.2,1,0.0,0,Potential Customers
CUST101795,0.0,0,0.0,2.0,0.0,10.67,400,0.0,1,0.0,2,At-Risk Customers
CUST101796,1540.55,1,1540.55,3.0,0.0,7.26,96,2556.94,1,0.0,0,Potential Customers
CUST101797,9123.18,5,1824.636,3.0,0.0,2.09,177,11785.53,1,0.0,3,High Value Customers
CUST101798,2239.36,2,1119.68,1.0,0.0,10.63,129,3230.28,1,0.0,0,Potential Customers
CUST101799,0.0,0,0.0,2.0,0.0,4.65,400,0.0,1,0.0,2,At-Risk Customers
CUST101800,4088.67,2,2044.335,1.0,0.0,1.84,294,5840.76,1,1.0,0,Potential Customers
CUST101801,1974.68,1,1974.68,3.0,0.0,9.18,57,2587.38,1,0.0,0,Potential Customers
CUST101802,2705.12,1,2705.12,8.0,0.0,12.81,182,3158.37,1,0.0,0,Potential Customers
CUST101803,0.0,0,0.0,4.0,0.0,3.39,400,0.0,1,0.0,2,At-Risk Customers
CUST101804,0.0,0,0.0,0.0,0.0,5.24,400,84.44,1,0.0,2,At-Risk Customers
CUST101805,751.36,1,751.36,2.0,0.0,4.02,297,1075.24,1,0.0,2,At-Risk Customers
CUST101806,2438.93,1,2438.93,2.0,0.0,6.08,242,3411.58,1,0.0,0,Potential Customers
CUST101807,0.0,0,0.0,3.0,0.0,7.07,400,107.18,1,0.0,2,At-Risk Customers
CUST101808,10093.1,3,3364.366666666667,2.0,0.0,8.09,249,13919.69,1,0.0,3,High Value Customers
CUST101809,6384.93,2,3192.465,1.0,0.0,1.11,238,9069.86,1,0.0,3,High Value Customers
CUST101810,2461.77,3,820.59,4.0,0.0,2.82,5,3695.24,1,0.0,0,Potential Customers
CUST101811,0.0,0,0.0,5.0,0.0,7.97,400,0.0,1,0.0,2,At-Risk Customers
CUST101812,1486.23,1,1486.23,2.0,0.0,2.49,175,1916.11,1,0.0,0,Potential Customers
CUST101813,1396.33,1,1396.33,2.0,0.0,5.17,53,2034.3,1,0.0,0,Potential Customers
CUST101814,3515.19,2,1757.595,1.0,0.0,2.14,341,5495.08,1,0.0,0,Potential Customers
CUST101815,0.0,0,0.0,4.0,2.0,6.52,400,50.71,1,1.0,1,Loyal Customers
CUST101816,1153.72,1,1153.72,2.0,0.0,4.16,229,1633.22,1,0.0,0,Potential Customers
CUST101817,2862.85,2,1431.425,3.0,0.0,6.19,6,4571.29,1,0.0,0,Potential Customers
CUST101818,0.0,0,0.0,3.0,0.0,5.35,400,89.36,1,0.0,2,At-Risk Customers
CUST101819,0.0,0,0.0,1.0,0.0,1.52,400,79.06,1,0.0,2,At-Risk Customers
CUST101820,5382.74,2,2691.37,3.0,0.0,17.57,11,6997.08,1,0.0,3,High Value Customers
CUST101821,0.0,0,0.0,1.0,3.0,1.62,400,158.7,1,1.0,1,Loyal Customers
CUST101822,1833.87,1,1833.87,4.0,0.0,23.1,307,2185.46,1,0.0,0,Potential Customers
CUST101823,4007.24,2,2003.62,2.0,0.0,0.89,267,4730.34,1,1.0,0,Potential Customers
CUST101824,0.0,0,0.0,4.0,0.0,4.25,400,128.1,1,0.0,2,At-Risk Customers
CUST101825,4025.34,2,2012.67,2.0,0.0,1.51,280,5138.93,1,0.0,0,Potential Customers
CUST101826,674.45,2,337.225,4.0,0.0,12.57,210,1628.58,1,0.0,0,Potential Customers
CUST101827,5975.06,2,2987.53,2.0,0.0,1.99,156,7908.87,1,0.0,3,High Value Customers
CUST101828,0.0,0,0.0,1.0,0.0,1.88,400,0.0,1,0.0,2,At-Risk Customers
CUST101829,3303.63,1,3303.63,0.0,0.0,4.15,348,4337.07,1,0.0,0,Potential Customers
CUST101830,4577.12,2,2288.56,4.0,0.0,11.04,129,5849.5,1,0.0,0,Potential Customers
CUST101831,0.0,0,0.0,4.0,0.0,9.61,400,0.0,1,0.0,2,At-Risk Customers
CUST101832,0.0,0,0.0,0.0,0.0,3.47,400,167.08,1,0.0,2,At-Risk Customers
CUST101833,1161.84,1,1161.84,5.0,0.0,3.24,167,1623.45,1,0.0,0,Potential Customers
CUST101834,9197.34,4,2299.335,3.0,0.0,5.84,311,11830.4,1,1.0,3,High Value Customers
CUST101835,5390.7,3,1796.8999999999999,1.0,0.0,3.89,234,7631.09,1,0.0,3,High Value Customers
CUST101836,6467.97,3,2155.9900000000002,2.0,0.0,4.29,32,8364.98,1,0.0,3,High Value Customers
CUST101837,0.0,0,0.0,1.0,0.0,3.67,400,0.0,1,0.0,2,At-Risk Customers
CUST101838,7369.65,3,2456.5499999999997,1.0,0.0,6.22,46,10087.88,1,0.0,3,High Value Customers
CUST101839,2352.39,1,2352.39,3.0,0.0,5.56,346,3306.54,1,0.0,0,Potential Customers
CUST101840,3097.06,3,1032.3533333333332,6.0,3.0,11.76,8,4390.53,1,1.0,1,Loyal Customers
CUST101841,1119.24,1,1119.24,2.0,0.0,2.6,128,1824.31,1,0.0,0,Potential Customers
CUST101842,0.0,0,0.0,1.0,0.0,2.58,400,73.96,1,0.0,2,At-Risk Customers
CUST101843,1827.02,1,1827.02,1.0,0.0,3.8,172,2355.47,1,0.0,0,Potential Customers
CUST101844,989.01,1,989.01,1.0,0.0,3.52,305,1818.97,1,0.0,0,Potential Customers
CUST101845,10079.02,3,3359.6733333333336,3.0,3.0,7.42,229,13683.64,1,0.0,1,Loyal Customers
CUST101846,3534.04,2,1767.02,1.0,0.0,1.94,193,4327.53,1,0.0,0,Potential Customers
CUST101847,3658.76,2,1829.38,3.0,0.0,9.87,246,5107.97,1,0.0,0,Potential Customers
CUST101848,2543.06,1,2543.06,3.0,0.0,3.32,206,3883.2,1,0.0,0,Potential Customers
CUST101849,1159.4,1,1159.4,3.0,0.0,9.27,237,1726.82,1,0.0,0,Potential Customers
CUST101850,0.0,0,0.0,3.0,0.0,23.312000000000044,400,0.0,1,0.0,2,At-Risk Customers
CUST101851,3543.66,2,1771.83,0.0,0.0,8.32,114,4740.18,1,0.0,0,Potential Customers
CUST101852,949.6,1,949.6,3.0,0.0,6.28,349,1240.19,1,1.0,2,At-Risk Customers
CUST101853,5109.04,3,1703.0133333333333,2.0,0.0,8.85,183,6562.88,1,0.0,3,High Value Customers
CUST101854,1783.06,1,1783.06,1.0,0.0,3.3,350,2672.43,1,0.0,0,Potential Customers
CUST101855,2921.74,1,2921.74,1.0,0.0,4.87,61,4183.31,1,0.0,0,Potential Customers
CUST101856,1370.47,1,1370.47,4.0,0.0,2.53,275,1629.65,1,0.0,0,Potential Customers
CUST101857,1651.63,1,1651.63,0.0,0.0,2.65,149,2118.22,1,0.0,0,Potential Customers
CUST101858,0.0,0,0.0,6.0,0.0,5.03,400,0.0,1,0.0,2,At-Risk Customers
CUST101859,1848.48,1,1848.48,3.0,1.0,4.34,293,2327.54,1,0.0,0,Potential Customers
CUST101860,1585.82,1,1585.82,5.0,0.0,5.48,222,1974.98,1,0.0,0,Potential Customers
CUST101861,1678.33,3,559.4433333333333,2.0,0.0,4.45,271,3210.09,1,1.0,0,Potential Customers
CUST101862,1338.16,1,1338.16,5.0,0.0,3.33,276,1922.82,1,0.0,0,Potential Customers
CUST101863,3531.24,2,1765.62,2.0,0.0,7.74,337,4409.17,1,0.0,0,Potential Customers
CUST101864,0.0,0,0.0,2.0,0.0,2.63,400,0.0,1,0.0,2,At-Risk Customers
CUST101865,2964.89,3,988.2966666666666,2.0,0.0,4.83,41,4806.98,1,0.0,0,Potential Customers
CUST101866,2795.48,1,2795.48,5.0,2.0,9.06,359,3368.63,1,0.0,1,Loyal Customers
CUST101867,10775.31,3,3591.77,2.0,0.0,6.66,169,12171.43,1,1.0,3,High Value Customers
CUST101868,708.64,1,708.64,1.0,0.0,3.97,208,956.03,1,0.0,0,Potential Customers
CUST101869,3443.81,3,1147.9366666666667,2.0,0.0,1.15,209,5124.48,1,1.0,0,Potential Customers
CUST101870,0.0,0,0.0,2.0,0.0,3.2,400,41.25,1,0.0,2,At-Risk Customers
CUST101871,5375.17,3,1791.7233333333334,4.0,0.0,17.94,251,6902.24,1,0.0,3,High Value Customers
CUST101872,3509.19,2,1754.595,5.0,3.0,3.41,287,4687.43,1,1.0,1,Loyal Customers
CUST101873,2291.09,1,2291.09,1.0,0.0,4.04,288,3145.47,1,0.0,0,Potential Customers
CUST101874,0.0,0,0.0,4.0,0.0,4.57,400,60.46,1,0.0,2,At-Risk Customers
CUST101875,0.0,0,0.0,3.0,0.0,5.47,400,88.54,1,0.0,2,At-Risk Customers
CUST101876,759.78,1,759.78,1.0,0.0,23.312000000000044,346,1129.7,1,1.0,2,At-Risk Customers
CUST101877,3840.78,2,1920.39,2.0,0.0,6.89,324,5022.72,1,0.0,0,Potential Customers
CUST101878,1573.87,1,1573.87,3.0,0.0,5.4,312,2510.35,1,0.0,0,Potential Customers
CUST101879,0.0,0,0.0,1.0,0.0,1.21,400,60.77,1,0.0,2,At-Risk Customers
CUST101880,1115.28,1,1115.28,4.0,0.0,0.76,159,1503.28,1,0.0,0,Potential Customers
CUST101881,2446.22,1,2446.22,0.0,0.0,2.78,346,3336.69,1,0.0,0,Potential Customers
CUST101882,8375.16,3,2791.72,0.0,0.0,1.74,161,9515.14,1,0.0,3,High Value Customers
CUST101883,299.1,1,299.1,5.0,0.0,5.04,121,530.9,1,1.0,0,Potential Customers
CUST101884,0.0,0,0.0,3.0,0.0,3.12,400,0.0,1,0.0,2,At-Risk Customers
CUST101885,0.0,0,0.0,2.0,0.0,5.64,400,51.88,1,0.0,2,At-Risk Customers
CUST101886,0.0,0,0.0,1.0,0.0,5.69,400,282.99,1,0.0,2,At-Risk Customers
CUST101887,0.0,0,0.0,1.0,0.0,2.01,400,166.09,1,0.0,2,At-Risk Customers
CUST101888,1682.4,1,1682.4,1.0,0.0,3.14,352,2402.43,1,0.0,0,Potential Customers
CUST101889,1397.4,1,1397.4,1.0,0.0,2.75,229,1976.76,1,0.0,0,Potential Customers
CUST101890,0.0,0,0.0,3.0,0.0,7.79,400,0.5,1,0.0,2,At-Risk Customers
CUST101891,0.0,0,0.0,2.0,0.0,3.59,400,0.0,1,0.0,2,At-Risk Customers
CUST101892,625.79,2,312.895,4.0,0.0,9.73,359,1023.53,1,1.0,2,At-Risk Customers
CUST101893,0.0,0,0.0,6.0,0.0,10.12,400,67.73,1,0.0,2,At-Risk Customers
CUST101894,677.49,1,677.49,4.0,0.0,3.69,277,1065.49,1,1.0,2,At-Risk Customers
CUST101895,1421.92,2,710.96,2.0,0.0,2.68,353,2184.94,1,0.0,0,Potential Customers
CUST101896,2244.88,1,2244.88,0.0,0.0,2.2,145,3228.66,1,0.0,0,Potential Customers
CUST101897,1294.59,2,647.295,2.0,0.0,6.67,209,2023.66,1,0.0,0,Potential Customers
CUST101898,0.0,0,0.0,3.0,0.0,3.78,400,18.41,1,1.0,2,At-Risk Customers
CUST101899,3729.45,2,1864.725,0.0,0.0,2.43,347,4690.42,1,0.0,0,Potential Customers
CUST101900,3333.17,2,1666.585,1.0,0.0,7.6,181,4695.44,1,0.0,0,Potential Customers
CUST101901,2417.91,1,2417.91,2.0,0.0,7.7,358,3381.19,1,0.0,0,Potential Customers
CUST101902,846.5,2,423.25,1.0,0.0,2.09,347,1868.5,1,0.0,2,At-Risk Customers
CUST101903,3851.21,3,1283.7366666666667,0.0,0.0,5.22,306,4949.32,1,0.0,0,Potential Customers
CUST101904,2484.08,1,2484.08,2.0,0.0,6.12,184,3076.41,1,1.0,0,Potential Customers
CUST101905,3817.84,1,3817.84,2.0,0.0,13.34,50,5233.2,1,0.0,0,Potential Customers
CUST101906,1840.27,1,1840.27,3.0,0.0,3.61,278,2181.7,1,0.0,0,Potential Customers
CUST101907,316.2,1,316.2,3.0,0.0,4.06,205,675.23,1,0.0,2,At-Risk Customers
CUST101908,5775.47,2,2887.735,3.0,0.0,6.44,159,7088.48,1,0.0,3,High Value Customers
CUST101909,540.0,1,540.0,2.0,0.0,9.86,75,1124.71,1,0.0,0,Potential Customers
CUST101910,888.64,1,888.64,1.0,0.0,5.37,233,1530.74,1,0.0,0,Potential Customers
CUST101911,2599.73,1,2599.73,4.0,0.0,4.75,329,3248.68,1,0.0,0,Potential Customers
CUST101912,0.0,0,0.0,5.0,0.0,2.74,400,170.5,1,0.0,2,At-Risk Customers
CUST101913,0.0,0,0.0,2.0,2.0,3.23,400,14.44,1,0.0,1,Loyal Customers
CUST101914,2685.84,1,2685.84,1.0,0.0,3.65,280,4113.26,1,1.0,0,Potential Customers
CUST101915,4169.54,1,4169.54,1.0,0.0,6.63,256,5024.21,1,0.0,0,Potential Customers
CUST101916,700.83,2,350.415,1.0,0.0,5.55,364,1743.84,1,0.0,2,At-Risk Customers
CUST101917,1798.42,2,899.21,2.0,0.0,2.5,99,2964.31,1,1.0,0,Potential Customers
CUST101918,792.82,1,792.82,3.0,0.0,7.35,86,941.2,1,1.0,0,Potential Customers
CUST101919,3619.16,1,3619.16,2.0,0.0,3.6,293,4770.56,1,0.0,0,Potential Customers
CUST101920,0.0,0,0.0,1.0,0.0,3.64,400,0.0,1,0.0,2,At-Risk Customers
CUST101921,0.0,0,0.0,2.0,0.0,6.94,400,0.0,1,0.0,2,At-Risk Customers
CUST101922,0.0,0,0.0,4.0,0.0,7.58,400,0.0,1,0.0,2,At-Risk Customers
CUST101923,1030.86,1,1030.86,0.0,0.0,5.17,107,1595.05,1,0.0,0,Potential Customers
CUST101924,1961.52,1,1961.52,7.0,2.0,15.03,268,2641.19,1,0.0,1,Loyal Customers
CUST101925,609.42,1,609.42,0.0,0.0,1.09,34,868.58,1,1.0,0,Potential Customers
CUST101926,3233.08,1,3233.08,2.0,0.0,7.97,245,3825.56,1,0.0,0,Potential Customers
CUST101927,9055.52,3,3018.5066666666667,2.0,0.0,2.01,255,10381.84,1,0.0,3,High Value Customers
CUST101928,336.86,1,336.86,1.0,0.0,4.01,336,404.21,1,0.0,2,At-Risk Customers
CUST101929,0.0,0,0.0,3.0,0.0,4.13,400,83.89,1,0.0,2,At-Risk Customers
CUST101930,6685.34,4,1671.335,1.0,0.0,3.92,190,7887.06,1,0.0,3,High Value Customers
CUST101931,5366.29,3,1788.7633333333333,1.0,0.0,2.16,57,7021.31,1,0.0,3,High Value Customers
CUST101932,0.0,0,0.0,4.0,0.0,1.58,400,0.0,1,0.0,2,At-Risk Customers
CUST101933,0.0,0,0.0,1.0,0.0,1.06,400,97.5,1,1.0,2,At-Risk Customers
CUST101934,0.0,0,0.0,2.0,0.0,3.53,400,0.0,1,0.0,2,At-Risk Customers
CUST101935,836.86,2,418.43,1.0,0.0,4.48,77,1459.2,1,0.0,0,Potential Customers
CUST101936,3412.8,2,1706.4,4.0,0.0,6.18,240,4623.57,1,0.0,0,Potential Customers
CUST101937,1915.7,1,1915.7,4.0,0.0,9.2,276,2622.26,1,0.0,0,Potential Customers
CUST101938,1185.45,1,1185.45,3.0,0.0,7.35,320,1721.01,1,1.0,0,Potential Customers
CUST101939,0.0,0,0.0,2.0,0.0,8.15,400,163.24,1,0.0,2,At-Risk Customers
CUST101940,2620.15,1,2620.15,0.0,0.0,2.03,44,3064.02,1,0.0,0,Potential Customers
CUST101941,4010.18,2,2005.09,4.0,0.0,8.84,50,6186.95,1,0.0,0,Potential Customers
CUST101942,670.11,1,670.11,1.0,0.0,5.3,169,928.49,1,1.0,0,Potential Customers
CUST101943,0.0,0,0.0,3.0,3.0,1.64,400,0.0,1,0.0,1,Loyal Customers
CUST101944,0.0,0,0.0,3.0,0.0,8.63,400,0.0,1,0.0,2,At-Risk Customers
CUST101945,1478.83,2,739.415,1.0,0.0,2.2,125,2137.29,1,1.0,0,Potential Customers
CUST101946,2136.3,1,2136.3,2.0,3.0,1.98,236,3080.53,1,1.0,1,Loyal Customers
CUST101947,0.0,0,0.0,1.0,0.0,12.01,400,98.52,1,0.0,2,At-Risk Customers
CUST101948,2672.48,1,2672.48,1.0,0.0,4.82,113,3806.71,1,0.0,0,Potential Customers
CUST101949,0.0,0,0.0,4.0,0.0,1.97,400,0.0,1,0.0,2,At-Risk Customers
CUST101950,1397.42,1,1397.42,1.0,0.0,2.8,355,1953.37,1,0.0,0,Potential Customers
CUST101951,2625.88,1,2625.88,2.0,1.0,8.55,272,3250.02,1,0.0,0,Potential Customers
CUST101952,4190.16,4,1047.54,0.0,0.0,1.76,364,6260.42,1,0.0,3,High Value Customers
CUST101953,0.0,0,0.0,2.0,0.0,3.69,400,167.44,1,0.0,2,At-Risk Customers
CUST101954,0.0,0,0.0,2.0,0.0,3.69,400,37.86,1,0.0,2,At-Risk Customers
CUST101955,0.0,0,0.0,4.0,3.0,23.312000000000044,400,0.0,1,0.0,1,Loyal Customers
CUST101956,2099.26,1,2099.26,1.0,0.0,1.47,84,2882.83,1,0.0,0,Potential Customers
CUST101957,615.57,2,307.785,3.0,0.0,1.51,48,1285.27,1,0.0,0,Potential Customers
CUST101958,0.0,0,0.0,1.0,0.0,2.74,400,104.51,1,0.0,2,At-Risk Customers
CUST101959,0.0,0,0.0,1.0,0.0,2.61,400,0.0,1,0.0,2,At-Risk Customers
CUST101960,3408.51,3,1136.17,3.0,0.0,4.18,188,4453.36,1,0.0,0,Potential Customers
CUST101961,2266.96,1,2266.96,3.0,0.0,2.93,320,3303.92,1,0.0,0,Potential Customers
CUST101962,0.0,0,0.0,2.0,0.0,7.38,400,87.36,1,0.0,2,At-Risk Customers
CUST101963,1436.36,1,1436.36,3.0,0.0,4.34,209,1772.77,1,1.0,0,Potential Customers
CUST101964,2174.92,2,1087.46,4.0,0.0,2.07,23,3173.24,1,0.0,0,Potential Customers
CUST101965,2621.37,1,2621.37,0.0,0.0,3.45,244,3788.72,1,0.0,0,Potential Customers
CUST101966,0.0,0,0.0,1.0,2.0,3.38,400,0.0,1,0.0,1,Loyal Customers
CUST101967,829.77,1,829.77,2.0,0.0,9.08,364,1396.45,1,1.0,2,At-Risk Customers
CUST101968,0.0,0,0.0,2.0,0.0,7.48,400,191.63,1,0.0,2,At-Risk Customers
CUST101969,753.09,2,376.545,1.0,0.0,6.73,280,1669.3,1,0.0,0,Potential Customers
CUST101970,2578.89,2,1289.445,1.0,0.0,2.45,19,3958.24,1,0.0,0,Potential Customers
CUST101971,4074.68,2,2037.34,1.0,0.0,5.08,290,4858.32,1,0.0,0,Potential Customers
CUST101972,0.0,0,0.0,1.0,0.0,1.82,400,135.22,1,1.0,2,At-Risk Customers
CUST101973,0.0,0,0.0,4.0,0.0,6.45,400,19.32,1,0.0,2,At-Risk Customers
CUST101974,4196.96,2,2098.48,5.0,0.0,9.57,182,5928.57,1,0.0,0,Potential Customers
CUST101975,3928.2,2,1964.1,2.0,0.0,0.95,276,5019.55,1,0.0,0,Potential Customers
CUST101976,2715.28,4,678.82,1.0,0.0,3.85,58,4111.16,1,0.0,0,Potential Customers
CUST101977,8747.42,2,4373.71,2.0,0.0,3.85,47,12230.86,1,0.0,3,High Value Customers
CUST101978,0.0,0,0.0,2.0,0.0,7.73,400,13.22,1,0.0,2,At-Risk Customers
CUST101979,444.64,1,444.64,2.0,0.0,2.71,179,673.5,1,0.0,0,Potential Customers
CUST101980,0.0,0,0.0,2.0,0.0,2.69,400,0.0,1,0.0,2,At-Risk Customers
CUST101981,2655.83,1,2655.83,3.0,0.0,4.6,52,3336.95,1,0.0,0,Potential Customers
CUST101982,1344.68,1,1344.68,5.0,0.0,6.29,69,1647.54,1,0.0,0,Potential Customers
CUST101983,3936.35,1,3936.35,3.0,0.0,4.75,300,5382.83,1,0.0,0,Potential Customers
CUST101984,0.0,0,0.0,1.0,0.0,7.62,400,0.0,1,0.0,2,At-Risk Customers
CUST101985,1294.65,1,1294.65,1.0,0.0,6.66,349,2022.98,1,0.0,0,Potential Customers
CUST101986,1820.41,1,1820.41,1.0,0.0,2.86,91,2807.78,1,0.0,0,Potential Customers
CUST101987,1924.52,1,1924.52,4.0,0.0,4.18,99,2457.63,1,0.0,0,Potential Customers
CUST101988,10104.99,4,2526.2475,1.0,0.0,6.04,212,14827.08,1,0.0,3,High Value Customers
CUST101989,3610.67,2,1805.335,3.0,0.0,2.36,280,5261.9,1,0.0,0,Potential Customers
CUST101990,0.0,0,0.0,1.0,0.0,2.56,400,64.39,1,0.0,2,At-Risk Customers
CUST101991,11589.14840000001,4,2897.2871000000023,1.0,0.0,1.48,54,20349.54,1,0.0,3,High Value Customers
CUST101992,3270.04,1,3270.04,4.0,0.0,9.41,161,4308.45,1,0.0,0,Potential Customers
CUST101993,0.0,0,0.0,7.0,0.0,18.79,400,163.45,1,0.0,2,At-Risk Customers
CUST101994,2068.09,2,1034.045,2.0,0.0,2.57,222,3215.86,1,1.0,0,Potential Customers
CUST101995,0.0,0,0.0,3.0,0.0,6.17,400,0.0,1,0.0,2,At-Risk Customers
CUST101996,6321.18,3,2107.06,1.0,0.0,9.88,60,8542.16,1,0.0,3,High Value Customers
CUST101997,726.7,1,726.7,0.0,0.0,1.82,73,1019.88,1,0.0,0,Potential Customers
CUST101998,9169.95,4,2292.4875,2.0,0.0,5.26,248,11389.68,1,0.0,3,High Value Customers
CUST101999,0.0,0,0.0,3.0,3.0,10.45,400,40.63,1,0.0,1,Loyal Customers
CUST102000,531.07,2,265.535,3.0,0.0,3.44,236,954.44,1,0.0,0,Potential Customers
CUST102001,0.0,0,0.0,2.0,0.0,3.91,400,0.0,1,0.0,2,At-Risk Customers
CUST102002,0.0,0,0.0,2.0,0.0,10.89,400,91.2,1,0.0,2,At-Risk Customers
CUST102003,4861.87,2,2430.935,1.0,3.0,3.08,181,6554.23,1,1.0,1,Loyal Customers
CUST102004,0.0,0,0.0,2.0,0.0,2.78,400,0.0,1,0.0,2,At-Risk Customers
CUST102005,0.0,0,0.0,2.0,0.0,3.65,400,105.89,1,0.0,2,At-Risk Customers
CUST102006,274.08,1,274.08,5.0,2.0,14.87,100,600.39,1,0.0,1,Loyal Customers
CUST102007,5146.24,4,1286.56,1.0,2.0,7.27,123,7628.76,1,1.0,1,Loyal Customers
CUST102008,288.23,1,288.23,2.0,0.0,6.07,194,685.29,1,0.0,0,Potential Customers
CUST102009,2194.45,1,2194.45,5.0,0.0,6.03,199,3083.3,1,0.0,0,Potential Customers
CUST102010,11588.78,4,2897.195,1.0,0.0,1.91,288,14779.62,1,1.0,3,High Value Customers
CUST102011,735.63,1,735.63,2.0,0.0,6.2,11,1290.34,1,0.0,0,Potential Customers
CUST102012,0.0,0,0.0,2.0,0.0,3.12,400,0.0,1,0.0,2,At-Risk Customers
CUST102013,736.29,1,736.29,0.0,0.0,3.68,167,1145.19,1,0.0,0,Potential Customers
CUST102014,2456.72,1,2456.72,2.0,0.0,3.55,338,2883.56,1,0.0,0,Potential Customers
CUST102015,6289.2,2,3144.6,3.0,0.0,8.17,356,8332.28,1,0.0,3,High Value Customers
CUST102016,0.0,0,0.0,7.0,0.0,15.24,400,0.0,1,0.0,2,At-Risk Customers
CUST102017,4954.49,2,2477.245,1.0,0.0,2.24,206,5828.54,1,0.0,3,High Value Customers
CUST102018,2572.27,1,2572.27,4.0,0.0,8.98,78,3185.74,1,0.0,0,Potential Customers
CUST102019,3572.77,2,1786.385,1.0,0.0,3.83,341,4792.53,1,1.0,0,Potential Customers
CUST102020,0.0,0,0.0,4.0,0.0,7.41,400,0.0,1,0.0,2,At-Risk Customers
CUST102021,6010.52,2,3005.26,6.0,0.0,5.38,63,8344.11,1,0.0,3,High Value Customers
CUST102022,11589.14840000001,4,2897.2871000000023,1.0,0.0,2.84,236,15618.73,1,0.0,3,High Value Customers
CUST102023,2466.68,1,2466.68,1.0,0.0,2.81,163,3257.83,1,0.0,0,Potential Customers
CUST102024,0.0,0,0.0,1.0,0.0,3.76,400,0.0,1,1.0,2,At-Risk Customers
CUST102025,1919.32,1,1919.32,0.0,0.0,5.62,13,2651.7,1,1.0,0,Potential Customers
CUST102026,0.0,0,0.0,5.0,0.0,6.2,400,0.0,1,0.0,2,At-Risk Customers
CUST102027,3797.13,1,3797.13,5.0,0.0,23.312000000000044,132,5233.48,1,0.0,0,Potential Customers
CUST102028,0.0,0,0.0,0.0,0.0,6.42,400,137.64,1,0.0,2,At-Risk Customers
CUST102029,2647.66,1,2647.66,0.0,0.0,1.77,311,3703.03,1,0.0,0,Potential Customers
CUST102030,3212.96,2,1606.48,2.0,0.0,10.59,338,4539.77,1,0.0,0,Potential Customers
CUST102031,0.0,0,0.0,2.0,0.0,6.67,400,317.03,1,0.0,2,At-Risk Customers
CUST102032,1873.18,1,1873.18,1.0,0.0,3.92,54,2704.22,1,0.0,0,Potential Customers
CUST102033,1053.49,1,1053.49,5.0,0.0,2.02,235,1379.79,1,0.0,0,Potential Customers
CUST102034,2019.02,1,2019.02,2.0,0.0,3.62,323,2555.63,1,0.0,0,Potential Customers
CUST102035,0.0,0,0.0,4.0,0.0,23.312000000000044,400,0.0,1,0.0,2,At-Risk Customers
CUST102036,6890.98,2,3445.49,1.0,0.0,6.24,90,9346.86,1,0.0,3,High Value Customers
CUST102037,2992.91,1,2992.91,2.0,0.0,11.38,209,3611.78,1,1.0,0,Potential Customers
CUST102038,6605.31,3,2201.77,1.0,0.0,10.96,272,9432.21,1,0.0,3,High Value Customers
CUST102039,2335.01,1,2335.01,6.0,0.0,5.08,321,2579.47,1,0.0,0,Potential Customers
CUST102040,3094.78,2,1547.39,1.0,0.0,0.76,242,4184.94,1,0.0,0,Potential Customers
CUST102041,2651.57,2,1325.785,0.0,0.0,2.34,109,3613.39,1,0.0,0,Potential Customers
CUST102042,656.7,2,328.35,1.0,0.0,1.5,42,1580.13,1,0.0,0,Potential Customers
CUST102043,2063.52,1,2063.52,4.0,0.0,4.02,154,2761.9,1,0.0,0,Potential Customers
CUST102044,6487.15,2,3243.575,1.0,0.0,6.3,342,7922.87,1,0.0,3,High Value Customers
CUST102045,2158.85,2,1079.425,1.0,0.0,3.78,349,3239.79,1,1.0,0,Potential Customers
CUST102046,0.0,0,0.0,1.0,0.0,3.05,400,150.2,1,0.0,2,At-Risk Customers
CUST102047,2328.46,2,1164.23,3.0,3.0,9.38,268,3476.41,1,1.0,1,Loyal Customers
CUST102048,5301.73,2,2650.865,2.0,0.0,2.34,288,6761.92,1,0.0,3,High Value Customers
CUST102049,2034.04,1,2034.04,3.0,0.0,1.78,187,2589.23,1,0.0,0,Potential Customers
CUST102050,0.0,0,0.0,1.0,0.0,1.68,400,0.0,1,0.0,2,At-Risk Customers
CUST102051,6458.77,3,2152.9233333333336,2.0,0.0,4.73,166,8914.13,1,0.0,3,High Value Customers
CUST102052,0.0,0,0.0,1.0,0.0,2.48,400,2.7,1,0.0,2,At-Risk Customers
CUST102053,0.0,0,0.0,4.0,0.0,8.82,400,0.0,1,0.0,2,At-Risk Customers
CUST102054,9441.57,4,2360.3925,3.0,1.0,4.33,325,13581.72,1,0.0,3,High Value Customers
CUST102055,0.0,0,0.0,2.0,0.0,1.64,400,0.0,1,0.0,2,At-Risk Customers
CUST102056,1623.74,1,1623.74,1.0,0.0,3.66,35,2261.73,1,1.0,0,Potential Customers
CUST102057,0.0,0,0.0,3.0,0.0,2.18,400,87.76,1,0.0,2,At-Risk Customers
CUST102058,5496.07,2,2748.035,5.0,0.0,3.94,210,7396.41,1,0.0,3,High Value Customers
CUST102059,11589.14840000001,5,2317.8296800000016,5.0,0.0,9.2,203,26993.16,1,0.0,3,High Value Customers
CUST102060,1545.71,1,1545.71,1.0,0.0,3.84,124,1868.04,1,0.0,0,Potential Customers
CUST102061,6105.57,4,1526.3925,2.0,0.0,2.68,350,8344.51,1,1.0,3,High Value Customers
CUST102062,0.0,0,0.0,2.0,0.0,5.82,400,88.13,1,0.0,2,At-Risk Customers
CUST102063,1597.01,1,1597.01,1.0,0.0,3.16,76,2343.8,1,0.0,0,Potential Customers
CUST102064,0.0,0,0.0,5.0,0.0,6.19,400,96.29,1,0.0,2,At-Risk Customers
CUST102065,1710.01,1,1710.01,1.0,0.0,5.35,167,2524.49,1,1.0,0,Potential Customers
CUST102066,0.0,0,0.0,1.0,0.0,2.03,400,24.39,1,0.0,2,At-Risk Customers
CUST102067,7038.64,2,3519.32,2.0,0.0,1.69,231,9224.54,1,0.0,3,High Value Customers
CUST102068,3951.34,2,1975.67,3.0,3.0,3.28,184,4985.95,1,1.0,1,Loyal Customers
CUST102069,5269.31,2,2634.655,2.0,0.0,5.65,210,7072.4,1,0.0,3,High Value Customers
CUST102070,869.59,1,869.59,5.0,0.0,14.23,243,1521.8,1,0.0,0,Potential Customers
CUST102071,2252.95,1,2252.95,1.0,0.0,1.92,180,3078.63,1,0.0,0,Potential Customers
CUST102072,0.0,0,0.0,2.0,0.0,2.09,400,93.06,1,0.0,2,At-Risk Customers
CUST102073,3713.42,1,3713.42,4.0,0.0,8.34,233,4635.76,1,1.0,0,Potential Customers
CUST102074,0.0,0,0.0,1.0,0.0,4.81,400,181.91,1,0.0,2,At-Risk Customers
CUST102075,4089.45,2,2044.725,1.0,0.0,3.7,327,5070.46,1,0.0,0,Potential Customers
CUST102076,2020.96,1,2020.96,1.0,0.0,6.71,354,2476.57,1,0.0,0,Potential Customers
CUST102077,0.0,0,0.0,3.0,0.0,9.99,400,40.3,1,0.0,2,At-Risk Customers
CUST102078,1262.21,1,1262.21,3.0,0.0,8.66,56,1639.48,1,0.0,0,Potential Customers
CUST102079,3163.55,1,3163.55,3.0,0.0,2.56,348,4701.38,1,0.0,0,Potential Customers
CUST102080,0.0,0,0.0,2.0,0.0,5.69,400,0.0,1,0.0,2,At-Risk Customers
CUST102081,5144.5,2,2572.25,2.0,0.0,9.24,326,7403.1,1,0.0,3,High Value Customers
CUST102082,1714.84,1,1714.84,2.0,0.0,3.42,337,2465.51,1,1.0,0,Potential Customers
CUST102083,0.0,0,0.0,3.0,0.0,5.44,400,46.91,1,0.0,2,At-Risk Customers
CUST102084,4127.6,2,2063.8,1.0,0.0,2.78,300,5452.15,1,0.0,0,Potential Customers
CUST102085,0.0,0,0.0,3.0,0.0,2.15,400,0.0,1,0.0,2,At-Risk Customers
CUST102086,0.0,0,0.0,3.0,0.0,5.6,400,0.0,1,0.0,2,At-Risk Customers
CUST102087,2757.66,5,551.5319999999999,1.0,0.0,8.0,178,4128.43,1,1.0,0,Potential Customers
CUST102088,2283.9,1,2283.9,2.0,0.0,7.16,323,2687.57,1,0.0,0,Potential Customers
CUST102089,2263.69,1,2263.69,3.0,0.0,1.65,108,3311.37,1,0.0,0,Potential Customers
CUST102090,7800.39,3,2600.13,3.0,0.0,10.53,213,9221.27,1,0.0,3,High Value Customers
CUST102091,3504.3,1,3504.3,7.0,0.0,6.32,324,4688.93,1,1.0,0,Potential Customers
CUST102092,8887.71,4,2221.9275,3.0,0.0,9.27,34,11417.87,1,0.0,3,High Value Customers
CUST102093,0.0,0,0.0,2.0,0.0,2.2,400,0.0,1,0.0,2,At-Risk Customers
CUST102094,0.0,0,0.0,2.0,0.0,7.61,400,25.33,1,0.0,2,At-Risk Customers
CUST102095,1713.67,1,1713.67,5.0,0.0,6.61,162,2321.29,1,1.0,0,Potential Customers
CUST102096,1074.8,1,1074.8,0.0,0.0,1.74,1,1622.99,1,0.0,0,Potential Customers
CUST102097,3586.57,3,1195.5233333333333,2.0,0.0,5.77,50,4931.61,1,0.0,0,Potential Customers
CUST102098,3139.93,2,1569.965,1.0,0.0,2.06,51,4577.63,1,1.0,0,Potential Customers
CUST102099,1069.64,1,1069.64,2.0,0.0,4.29,214,1805.79,1,0.0,0,Potential Customers
CUST102100,0.0,0,0.0,5.0,0.0,21.49,400,0.0,1,0.0,2,At-Risk Customers
CUST102101,3038.42,2,1519.21,2.0,0.0,5.2,227,3769.56,1,0.0,0,Potential Customers
CUST102102,900.75,1,900.75,3.0,0.0,3.92,169,1186.86,1,0.0,0,Potential Customers
CUST102103,5854.84,2,2927.42,0.0,0.0,1.5,343,6912.29,1,0.0,3,High Value Customers
CUST102104,0.0,0,0.0,1.0,0.0,5.2,400,0.0,1,0.0,2,At-Risk Customers
CUST102105,2592.95,1,2592.95,2.0,0.0,3.82,171,3445.78,1,0.0,0,Potential Customers
CUST102106,2250.78,1,2250.78,1.0,0.0,1.04,338,3118.31,1,0.0,0,Potential Customers
CUST102107,2538.21,1,2538.21,2.0,0.0,1.98,266,3261.13,1,0.0,0,Potential Customers
CUST102108,2792.87,1,2792.87,5.0,0.0,7.92,248,3838.44,1,0.0,0,Potential Customers
CUST102109,7322.45,4,1830.6125,3.0,0.0,10.49,166,8874.59,1,0.0,3,High Value Customers
CUST102110,2950.44,2,1475.22,2.0,0.0,4.47,190,3726.22,1,0.0,0,Potential Customers
CUST102111,2403.32,2,1201.66,6.0,0.0,8.62,237,3147.08,1,0.0,0,Potential Customers
CUST102112,1424.45,1,1424.45,5.0,0.0,4.35,274,2004.96,1,1.0,0,Potential Customers
CUST102113,0.0,0,0.0,2.0,0.0,2.5,400,0.0,1,0.0,2,At-Risk Customers
CUST102114,3131.1,1,3131.1,2.0,0.0,19.84,245,4052.13,1,0.0,0,Potential Customers
CUST102115,1726.09,1,1726.09,3.0,0.0,1.58,283,1986.19,1,1.0,0,Potential Customers
CUST102116,2330.67,1,2330.67,0.0,0.0,5.72,310,2982.85,1,0.0,0,Potential Customers
CUST102117,2792.97,2,1396.485,2.0,0.0,2.7,308,4062.79,1,0.0,0,Potential Customers
CUST102118,832.12,3,277.37333333333333,1.0,0.0,3.67,40,1541.91,1,0.0,0,Potential Customers
CUST102119,971.42,1,971.42,2.0,2.0,12.93,274,1420.76,1,0.0,1,Loyal Customers
CUST102120,2518.84,1,2518.84,3.0,0.0,4.39,285,3461.67,1,0.0,0,Potential Customers
CUST102121,6994.49,3,2331.4966666666664,5.0,0.0,3.39,66,10116.28,1,0.0,3,High Value Customers
CUST102122,1536.04,1,1536.04,1.0,0.0,2.9,291,2491.98,1,1.0,0,Potential Customers
CUST102123,1015.36,3,338.4533333333333,1.0,0.0,6.3,77,2511.54,1,1.0,0,Potential Customers
CUST102124,3303.58,3,1101.1933333333334,1.0,0.0,2.19,300,5479.8,1,1.0,0,Potential Customers
CUST102125,2474.72,1,2474.72,4.0,0.0,4.54,32,3088.52,1,0.0,0,Potential Customers
CUST102126,0.0,0,0.0,3.0,0.0,3.87,400,35.67,1,0.0,2,At-Risk Customers
CUST102127,0.0,0,0.0,3.0,0.0,2.46,400,0.0,1,0.0,2,At-Risk Customers
CUST102128,0.0,0,0.0,2.0,0.0,1.56,400,8.09,1,0.0,2,At-Risk Customers
CUST102129,581.62,2,290.81,1.0,0.0,4.35,263,1543.51,1,0.0,0,Potential Customers
CUST102130,5541.84,3,1847.28,4.0,0.0,3.28,286,7653.01,1,0.0,3,High Value Customers
CUST102131,0.0,0,0.0,3.0,0.0,4.97,400,0.0,1,0.0,2,At-Risk Customers
CUST102132,282.66,1,282.66,1.0,0.0,0.93,254,647.21,1,0.0,2,At-Risk Customers
CUST102133,2600.41,2,1300.205,1.0,0.0,3.08,269,4123.0,1,0.0,0,Potential Customers
CUST102134,4329.49,2,2164.745,2.0,0.0,7.72,106,5557.19,1,0.0,0,Potential Customers
CUST102135,2225.44,1,2225.44,1.0,0.0,1.34,33,2917.14,1,1.0,0,Potential Customers
CUST102136,2213.87,1,2213.87,4.0,0.0,15.79,166,3078.34,1,0.0,0,Potential Customers
CUST102137,1596.45,2,798.225,2.0,0.0,5.48,201,2736.19,1,0.0,0,Potential Customers
CUST102138,0.0,0,0.0,1.0,0.0,3.85,400,0.0,1,0.0,2,At-Risk Customers
CUST102139,0.0,0,0.0,0.0,0.0,4.58,400,0.0,1,0.0,2,At-Risk Customers
CUST102140,1538.27,1,1538.27,1.0,0.0,2.34,96,1919.46,1,0.0,0,Potential Customers
CUST102141,3220.02,2,1610.01,3.0,0.0,11.47,300,4670.9,1,1.0,0,Potential Customers
CUST102142,2267.13,1,2267.13,3.0,0.0,4.81,224,3079.84,1,0.0,0,Potential Customers
CUST102143,8242.21,2,4121.105,3.0,0.0,4.45,121,10394.7,1,1.0,3,High Value Customers
CUST102144,0.0,0,0.0,2.0,0.0,8.56,400,206.15,1,0.0,2,At-Risk Customers
CUST102145,2219.92,1,2219.92,4.0,0.0,5.57,38,2583.25,1,0.0,0,Potential Customers
CUST102146,1065.51,2,532.755,1.0,0.0,2.64,67,1603.72,1,0.0,0,Potential Customers
CUST102147,2530.3,1,2530.3,2.0,0.0,4.15,252,3419.45,1,0.0,0,Potential Customers
CUST102148,1163.44,1,1163.44,4.0,0.0,6.31,58,1714.18,1,0.0,0,Potential Customers
CUST102149,6887.25,3,2295.75,4.0,0.0,4.42,148,9915.16,1,0.0,3,High Value Customers
CUST102150,4109.02,3,1369.6733333333334,2.0,0.0,1.65,253,5676.66,1,0.0,3,High Value Customers
CUST102151,2969.11,2,1484.555,6.0,3.0,11.3,304,4074.77,1,1.0,1,Loyal Customers
CUST102152,0.0,0,0.0,2.0,0.0,4.75,400,0.0,1,0.0,2,At-Risk Customers
CUST102153,0.0,0,0.0,3.0,0.0,3.22,400,0.0,1,0.0,2,At-Risk Customers
CUST102154,0.0,0,0.0,3.0,0.0,6.69,400,68.22,1,0.0,2,At-Risk Customers
CUST102155,3221.73,2,1610.865,2.0,0.0,3.0,26,3813.55,1,0.0,0,Potential Customers
CUST102156,0.0,0,0.0,1.0,0.0,1.45,400,0.0,1,0.0,2,At-Risk Customers
CUST102157,2660.21,1,2660.21,1.0,0.0,23.312000000000044,40,3465.57,1,0.0,0,Potential Customers
CUST102158,1913.97,1,1913.97,4.0,0.0,6.77,304,2321.09,1,0.0,0,Potential Customers
CUST102159,1627.36,2,813.68,1.0,0.0,3.5,103,2728.71,1,0.0,0,Potential Customers
CUST102160,3601.25,2,1800.625,2.0,0.0,3.6,181,4723.82,1,0.0,0,Potential Customers
CUST102161,4954.21,2,2477.105,3.0,0.0,3.71,30,6700.04,1,0.0,3,High Value Customers
CUST102162,0.0,0,0.0,1.0,0.0,3.94,400,0.0,1,0.0,2,At-Risk Customers
CUST102163,330.81,1,330.81,1.0,3.0,4.69,184,991.43,1,1.0,1,Loyal Customers
CUST102164,2215.46,1,2215.46,5.0,0.0,7.39,363,3032.97,1,0.0,0,Potential Customers
CUST102165,0.0,0,0.0,4.0,0.0,7.08,400,243.22,1,0.0,2,At-Risk Customers
CUST102166,1941.34,1,1941.34,2.0,0.0,17.53,151,2392.24,1,0.0,0,Potential Customers
CUST102167,4318.63,2,2159.315,3.0,0.0,14.33,338,6046.05,1,0.0,0,Potential Customers
CUST102168,0.0,0,0.0,3.0,0.0,2.31,400,49.52,1,0.0,2,At-Risk Customers
CUST102169,3931.19,2,1965.595,4.0,0.0,3.6,329,4927.53,1,0.0,0,Potential Customers
CUST102170,731.77,1,731.77,2.0,0.0,7.0,141,1161.75,1,0.0,0,Potential Customers
CUST102171,4863.99,3,1621.33,1.0,0.0,1.2,103,6297.4,1,0.0,3,High Value Customers
CUST102172,604.67,1,604.67,0.0,0.0,5.26,241,833.95,1,1.0,0,Potential Customers
CUST102173,0.0,0,0.0,1.0,0.0,2.32,400,125.9,1,0.0,2,At-Risk Customers
CUST102174,3396.19,2,1698.095,2.0,0.0,4.07,194,4184.96,1,0.0,0,Potential Customers
CUST102175,2898.3,3,966.1,2.0,0.0,4.26,166,4160.21,1,0.0,0,Potential Customers
CUST102176,0.0,0,0.0,2.0,0.0,1.22,400,0.0,1,0.0,2,At-Risk Customers
CUST102177,2938.8,2,1469.4,5.0,3.0,22.93,64,3714.9,1,0.0,1,Loyal Customers
CUST102178,2112.26,3,704.0866666666667,3.0,0.0,2.89,243,2943.73,1,0.0,0,Potential Customers
CUST102179,4512.65,2,2256.325,6.0,3.0,11.55,38,5788.86,1,0.0,1,Loyal Customers
CUST102180,2334.69,3,778.23,2.0,0.0,1.34,288,3637.22,1,0.0,0,Potential Customers
CUST102181,0.0,0,0.0,0.0,0.0,2.67,400,114.57,1,0.0,2,At-Risk Customers
CUST102182,3827.49,2,1913.745,3.0,0.0,7.29,134,4937.01,1,0.0,0,Potential Customers
CUST102183,0.0,0,0.0,4.0,0.0,3.52,400,15.08,1,0.0,2,At-Risk Customers
CUST102184,4124.35,2,2062.175,3.0,0.0,7.3,86,5251.7,1,0.0,0,Potential Customers
CUST102185,0.0,0,0.0,2.0,0.0,6.5,400,75.56,1,0.0,2,At-Risk Customers
CUST102186,2245.22,1,2245.22,3.0,0.0,2.33,137,2708.77,1,0.0,0,Potential Customers
CUST102187,0.0,0,0.0,4.0,0.0,9.81,400,172.47,1,0.0,2,At-Risk Customers
CUST102188,3366.49,1,3366.49,6.0,0.0,6.23,171,4293.99,1,0.0,0,Potential Customers
CUST102189,1539.8,1,1539.8,2.0,0.0,1.51,163,1834.21,1,0.0,0,Potential Customers
CUST102190,1840.26,1,1840.26,3.0,0.0,4.47,175,2654.02,1,0.0,0,Potential Customers
CUST102191,5258.89,3,1752.9633333333334,3.0,0.0,6.56,81,7523.91,1,0.0,3,High Value Customers
CUST102192,2373.52,1,2373.52,1.0,0.0,3.87,146,3031.62,1,1.0,0,Potential Customers
CUST102193,0.0,0,0.0,2.0,0.0,4.3,400,0.0,1,0.0,2,At-Risk Customers
CUST102194,2694.0,4,673.5,2.0,0.0,5.84,224,3641.82,1,0.0,0,Potential Customers
CUST102195,0.0,0,0.0,1.0,3.0,1.32,400,0.0,1,1.0,1,Loyal Customers
CUST102196,5427.65,3,1809.2166666666665,1.0,0.0,3.61,71,7201.42,1,0.0,3,High Value Customers
CUST102197,1703.5,1,1703.5,2.0,0.0,3.19,66,2278.01,1,0.0,0,Potential Customers
CUST102198,886.76,1,886.76,4.0,0.0,7.04,198,1120.17,1,1.0,0,Potential Customers
CUST102199,879.03,1,879.03,3.0,0.0,2.8,254,1362.67,1,0.0,0,Potential Customers
CUST102200,2660.46,2,1330.23,4.0,0.0,16.22,239,4079.91,1,0.0,0,Potential Customers
CUST102201,0.0,0,0.0,0.0,0.0,2.75,400,163.92,1,0.0,2,At-Risk Customers
CUST102202,5790.32,2,2895.16,1.0,0.0,1.88,331,7145.09,1,0.0,3,High Value Customers
CUST102203,0.0,0,0.0,5.0,0.0,9.79,400,0.0,1,0.0,2,At-Risk Customers
CUST102204,0.0,0,0.0,3.0,0.0,6.28,400,0.0,1,0.0,2,At-Risk Customers
CUST102205,3454.23,1,3454.23,4.0,0.0,5.41,51,4453.32,1,0.0,0,Potential Customers
CUST102206,2171.88,1,2171.88,3.0,0.0,3.48,25,2634.03,1,0.0,0,Potential Customers
CUST102207,3255.08,1,3255.08,1.0,0.0,3.22,144,3939.47,1,0.0,0,Potential Customers
CUST102208,7934.49,3,2644.83,2.0,0.0,5.69,57,11696.48,1,0.0,3,High Value Customers
CUST102209,3491.96,2,1745.98,0.0,0.0,2.77,159,5437.37,1,0.0,0,Potential Customers
CUST102210,7038.95,3,2346.3166666666666,3.0,0.0,14.33,58,9280.73,1,1.0,3,High Value Customers
CUST102211,3761.09,3,1253.6966666666667,4.0,0.0,4.87,180,5676.35,1,0.0,0,Potential Customers
CUST102212,3308.15,1,3308.15,3.0,0.0,3.41,21,4294.31,1,0.0,0,Potential Customers
CUST102213,3633.61,2,1816.805,3.0,0.0,3.08,137,4264.4,1,0.0,0,Potential Customers
CUST102214,551.21,1,551.21,3.0,0.0,1.76,292,1122.23,1,0.0,2,At-Risk Customers
CUST102215,0.0,0,0.0,3.0,0.0,6.76,400,0.0,1,0.0,2,At-Risk Customers
CUST102216,0.0,0,0.0,3.0,0.0,2.37,400,0.0,1,1.0,2,At-Risk Customers
CUST102217,11589.14840000001,5,2317.8296800000016,3.0,0.0,3.71,322,19069.47,1,0.0,3,High Value Customers
CUST102218,2230.05,1,2230.05,7.0,0.0,23.312000000000044,224,3047.54,1,1.0,0,Potential Customers
CUST102219,0.0,0,0.0,2.0,0.0,4.02,400,80.7,1,0.0,2,At-Risk Customers
CUST102220,0.0,0,0.0,2.0,0.0,3.78,400,0.0,1,0.0,2,At-Risk Customers
CUST102221,3928.65,2,1964.325,1.0,0.0,1.56,173,5292.97,1,1.0,0,Potential Customers
CUST102222,1940.35,1,1940.35,3.0,0.0,2.78,197,2770.01,1,0.0,0,Potential Customers
CUST102223,0.0,0,0.0,1.0,0.0,3.67,400,47.41,1,0.0,2,At-Risk Customers
CUST102224,0.0,0,0.0,2.0,0.0,1.63,400,0.0,1,0.0,2,At-Risk Customers
CUST102225,0.0,0,0.0,5.0,0.0,5.4,400,48.32,1,0.0,2,At-Risk Customers
CUST102226,1907.75,1,1907.75,3.0,0.0,11.33,256,2375.33,1,1.0,0,Potential Customers
CUST102227,4794.36,2,2397.18,2.0,0.0,5.12,112,6126.57,1,0.0,3,High Value Customers
CUST102228,3693.33,1,3693.33,1.0,0.0,7.3,219,5065.03,1,0.0,0,Potential Customers
CUST102229,4686.16,2,2343.08,3.0,0.0,12.64,210,5360.59,1,1.0,0,Potential Customers
CUST102230,0.0,0,0.0,3.0,0.0,6.2,400,0.0,1,1.0,2,At-Risk Customers
CUST102231,0.0,0,0.0,0.0,0.0,0.78,400,0.0,1,0.0,2,At-Risk Customers
CUST102232,1747.37,1,1747.37,1.0,0.0,4.6,263,2117.67,1,0.0,0,Potential Customers
CUST102233,942.32,1,942.32,3.0,0.0,0.76,210,1301.69,1,0.0,0,Potential Customers
CUST102234,2934.8,1,2934.8,3.0,0.0,2.45,362,4218.91,1,0.0,0,Potential Customers
CUST102235,0.0,0,0.0,2.0,3.0,1.42,400,0.0,1,1.0,1,Loyal Customers
CUST102236,1832.04,1,1832.04,2.0,0.0,4.91,142,2210.27,1,0.0,0,Potential Customers
CUST102237,0.0,0,0.0,2.0,3.0,2.16,400,49.47,1,0.0,1,Loyal Customers
CUST102238,2167.25,1,2167.25,3.0,0.0,5.0,118,2825.24,1,0.0,0,Potential Customers
CUST102239,0.0,0,0.0,1.0,0.0,7.01,400,101.27,1,0.0,2,At-Risk Customers
CUST102240,1217.77,1,1217.77,1.0,0.0,2.07,38,1674.06,1,0.0,0,Potential Customers
CUST102241,2139.17,1,2139.17,3.0,0.0,4.83,46,3364.9,1,0.0,0,Potential Customers
CUST102242,0.0,0,0.0,0.0,0.0,0.76,400,53.38,1,0.0,2,At-Risk Customers
CUST102243,1054.59,1,1054.59,2.0,0.0,1.43,312,1459.13,1,0.0,0,Potential Customers
CUST102244,0.0,0,0.0,4.0,0.0,9.85,400,16.67,1,0.0,2,At-Risk Customers
CUST102245,1083.85,2,541.925,0.0,0.0,2.19,314,1723.22,1,0.0,0,Potential Customers
CUST102246,1322.89,1,1322.89,5.0,0.0,2.81,60,2028.89,1,0.0,0,Potential Customers
CUST102247,1915.69,1,1915.69,2.0,0.0,2.29,349,2462.76,1,0.0,0,Potential Customers
CUST102248,5375.38,2,2687.69,2.0,0.0,1.21,104,6311.78,1,0.0,3,High Value Customers
CUST102249,945.23,2,472.615,2.0,0.0,1.97,130,1492.29,1,0.0,0,Potential Customers
CUST102250,2457.14,1,2457.14,2.0,0.0,4.04,107,3542.76,1,0.0,0,Potential Customers
CUST102251,1023.26,2,511.63,2.0,2.0,3.1,327,1440.11,1,1.0,1,Loyal Customers
CUST102252,0.0,0,0.0,2.0,0.0,8.6,400,0.0,1,0.0,2,At-Risk Customers
CUST102253,2950.01,1,2950.01,0.0,0.0,2.63,193,4202.89,1,1.0,0,Potential Customers
CUST102254,2251.8,1,2251.8,3.0,0.0,4.02,267,2980.3,1,0.0,0,Potential Customers
CUST102255,0.0,0,0.0,1.0,0.0,2.77,400,69.42,1,0.0,2,At-Risk Customers
CUST102256,7654.41,3,2551.47,3.0,0.0,7.8,63,10002.94,1,0.0,3,High Value Customers
CUST102257,0.0,0,0.0,2.0,0.0,1.49,400,0.0,1,0.0,2,At-Risk Customers
CUST102258,4961.43,2,2480.715,5.0,0.0,5.67,57,7038.99,1,0.0,3,High Value Customers
CUST102259,0.0,0,0.0,3.0,0.0,5.38,400,0.0,1,0.0,2,At-Risk Customers
CUST102260,2669.37,2,1334.685,1.0,0.0,2.28,108,3673.64,1,0.0,0,Potential Customers
CUST102261,1940.9,1,1940.9,1.0,0.0,3.78,193,2843.2,1,0.0,0,Potential Customers
CUST102262,5631.84,2,2815.92,3.0,0.0,5.32,18,7654.05,1,0.0,3,High Value Customers
CUST102263,7033.35,2,3516.675,2.0,0.0,2.5,356,9125.42,1,0.0,3,High Value Customers
CUST102264,0.0,0,0.0,0.0,0.0,2.46,400,136.64,1,0.0,2,At-Risk Customers
CUST102265,2550.6,2,1275.3,3.0,0.0,1.71,332,3944.33,1,0.0,0,Potential Customers
CUST102266,1501.09,1,1501.09,3.0,0.0,16.7,92,2214.88,1,1.0,0,Potential Customers
CUST102267,3821.46,2,1910.73,0.0,0.0,2.92,362,5322.75,1,0.0,0,Potential Customers
CUST102268,442.22,1,442.22,1.0,0.0,1.72,82,1017.66,1,0.0,0,Potential Customers
CUST102269,4052.01,2,2026.005,2.0,0.0,1.18,243,5127.19,1,0.0,0,Potential Customers
CUST102270,4002.12,4,1000.53,0.0,0.0,2.31,198,6053.46,1,0.0,3,High Value Customers
CUST102271,2282.3,1,2282.3,2.0,0.0,4.89,274,2839.85,1,0.0,0,Potential Customers
CUST102272,0.0,0,0.0,2.0,0.0,3.39,400,0.0,1,0.0,2,At-Risk Customers
CUST102273,1467.97,1,1467.97,5.0,0.0,5.18,156,1849.46,1,0.0,0,Potential Customers
CUST102274,4166.4,3,1388.8,2.0,0.0,6.69,235,6570.1,1,0.0,3,High Value Customers
CUST102275,832.31,3,277.43666666666667,1.0,0.0,3.65,208,1160.45,1,1.0,0,Potential Customers
CUST102276,1398.94,1,1398.94,1.0,0.0,3.71,80,1886.91,1,0.0,0,Potential Customers
CUST102277,8914.87,4,2228.7175,5.0,0.0,12.13,139,12649.35,1,0.0,3,High Value Customers
CUST102278,1710.83,1,1710.83,2.0,0.0,6.79,282,2211.44,1,0.0,0,Potential Customers
CUST102279,1078.96,1,1078.96,2.0,0.0,5.31,362,1515.8,1,0.0,2,At-Risk Customers
CUST102280,0.0,0,0.0,3.0,0.0,3.19,400,0.0,1,0.0,2,At-Risk Customers
CUST102281,4376.53,2,2188.265,5.0,0.0,6.51,178,5805.8,1,0.0,0,Potential Customers
CUST102282,608.46,1,608.46,1.0,0.0,5.19,285,973.63,1,0.0,2,At-Risk Customers
CUST102283,1267.74,1,1267.74,2.0,0.0,5.05,100,1803.87,1,0.0,0,Potential Customers
CUST102284,540.58,1,540.58,4.0,0.0,6.7,146,1160.58,1,0.0,0,Potential Customers
CUST102285,0.0,0,0.0,0.0,0.0,5.09,400,30.25,1,0.0,2,At-Risk Customers
CUST102286,0.0,0,0.0,3.0,0.0,1.4,400,0.0,1,0.0,2,At-Risk Customers
CUST102287,4368.81,3,1456.2700000000002,1.0,0.0,4.21,169,6302.67,1,0.0,3,High Value Customers
CUST102288,0.0,0,0.0,0.0,0.0,1.86,400,98.82,1,0.0,2,At-Risk Customers
CUST102289,2263.0,2,1131.5,2.0,0.0,6.32,137,3607.05,1,1.0,0,Potential Customers
CUST102290,2277.25,1,2277.25,1.0,0.0,1.35,113,3159.65,1,0.0,0,Potential Customers
CUST102291,5566.94,3,1855.6466666666665,2.0,0.0,3.97,162,7879.52,1,0.0,3,High Value Customers
CUST102292,2256.5,1,2256.5,1.0,0.0,4.22,279,2873.95,1,0.0,0,Potential Customers
CUST102293,2931.45,1,2931.45,2.0,0.0,1.82,338,3745.78,1,0.0,0,Potential Customers
CUST102294,0.0,0,0.0,2.0,0.0,3.83,400,0.0,1,0.0,2,At-Risk Customers
CUST102295,1622.02,1,1622.02,1.0,0.0,6.94,29,2432.15,1,1.0,0,Potential Customers
CUST102296,0.0,0,0.0,3.0,0.0,2.75,400,158.15,1,0.0,2,At-Risk Customers
CUST102297,0.0,0,0.0,3.0,0.0,4.97,400,74.7,1,0.0,2,At-Risk Customers
CUST102298,8366.75,3,2788.9166666666665,2.0,0.0,5.79,123,10349.35,1,0.0,3,High Value Customers
CUST102299,0.0,0,0.0,1.0,0.0,1.92,400,0.0,1,0.0,2,At-Risk Customers
CUST102300,4129.98,2,2064.99,3.0,0.0,4.17,231,5218.9,1,0.0,0,Potential Customers
CUST102301,1295.02,1,1295.02,2.0,0.0,3.5,122,1818.81,1,0.0,0,Potential Customers
CUST102302,0.0,0,0.0,1.0,1.0,4.02,400,0.0,1,0.0,2,At-Risk Customers
CUST102303,4724.48,3,1574.8266666666666,3.0,0.0,1.32,268,6526.33,1,0.0,3,High Value Customers
CUST102304,4891.58,2,2445.79,1.0,0.0,1.51,273,6775.27,1,0.0,3,High Value Customers
CUST102305,2367.28,3,789.0933333333334,2.0,0.0,9.53,221,3874.33,1,0.0,0,Potential Customers
CUST102306,642.49,2,321.245,2.0,0.0,6.89,251,1304.89,1,0.0,0,Potential Customers
CUST102307,1732.8,1,1732.8,2.0,0.0,4.73,160,2407.27,1,0.0,0,Potential Customers
CUST102308,1125.19,1,1125.19,2.0,0.0,7.62,216,1676.62,1,0.0,0,Potential Customers
CUST102309,1400.07,1,1400.07,0.0,0.0,1.6,235,1924.72,1,0.0,0,Potential Customers
CUST102310,747.36,1,747.36,2.0,0.0,3.46,21,1106.14,1,1.0,0,Potential Customers
CUST102311,0.0,0,0.0,2.0,0.0,3.24,400,17.09,1,0.0,2,At-Risk Customers
CUST102312,1151.62,1,1151.62,1.0,0.0,2.37,30,1457.14,1,1.0,0,Potential Customers
CUST102313,5818.2,2,2909.1,5.0,0.0,1.83,142,7148.61,1,0.0,3,High Value Customers
CUST102314,2260.82,1,2260.82,6.0,0.0,10.19,112,3128.63,1,0.0,0,Potential Customers
CUST102315,1686.88,1,1686.88,1.0,0.0,2.61,93,2097.25,1,0.0,0,Potential Customers
CUST102316,0.0,0,0.0,1.0,0.0,5.56,400,0.0,1,0.0,2,At-Risk Customers
CUST102317,3705.68,2,1852.84,1.0,0.0,5.12,109,4382.17,1,1.0,0,Potential Customers
CUST102318,5247.86,4,1311.965,3.0,0.0,8.43,154,7392.53,1,0.0,3,High Value Customers
CUST102319,0.0,0,0.0,7.0,2.0,6.78,400,30.39,1,0.0,1,Loyal Customers
CUST102320,260.88,1,260.88,4.0,0.0,3.27,123,202.57,1,1.0,0,Potential Customers
CUST102321,10360.74,3,3453.58,1.0,0.0,1.67,269,13574.56,1,1.0,3,High Value Customers
CUST102322,2719.23,1,2719.23,2.0,0.0,7.57,227,3163.21,1,0.0,0,Potential Customers
CUST102323,0.0,0,0.0,4.0,0.0,9.54,400,183.77,1,0.0,2,At-Risk Customers
CUST102324,0.0,0,0.0,6.0,0.0,22.74,400,0.0,1,0.0,2,At-Risk Customers
CUST102325,1376.49,1,1376.49,4.0,0.0,8.04,255,1722.01,1,0.0,0,Potential Customers
CUST102326,0.0,0,0.0,2.0,0.0,2.59,400,210.88,1,0.0,2,At-Risk Customers
CUST102327,3170.05,2,1585.025,3.0,0.0,2.84,86,4761.35,1,0.0,0,Potential Customers
CUST102328,4084.68,2,2042.34,1.0,0.0,0.95,82,5489.61,1,0.0,0,Potential Customers
CUST102329,2298.87,2,1149.435,0.0,0.0,2.3,159,3483.2,1,0.0,0,Potential Customers
CUST102330,0.0,0,0.0,0.0,0.0,1.67,400,147.98,1,0.0,2,At-Risk Customers
CUST102331,3254.06,1,3254.06,2.0,0.0,6.12,57,4666.17,1,0.0,0,Potential Customers
CUST102332,2391.58,2,1195.79,3.0,0.0,7.93,73,3617.64,1,0.0,0,Potential Customers
CUST102333,1805.03,1,1805.03,5.0,0.0,19.7,222,2557.39,1,0.0,0,Potential Customers
CUST102334,1325.39,1,1325.39,8.0,1.0,23.312000000000044,279,2054.07,1,0.0,1,Loyal Customers
CUST102335,0.0,0,0.0,3.0,0.0,4.83,400,0.0,1,0.0,2,At-Risk Customers
CUST102336,0.0,0,0.0,2.0,0.0,2.7,400,97.57,1,0.0,2,At-Risk Customers
CUST102337,0.0,0,0.0,1.0,0.0,3.08,400,0.0,1,0.0,2,At-Risk Customers
CUST102338,0.0,0,0.0,0.0,0.0,2.5,400,0.0,1,0.0,2,At-Risk Customers
CUST102339,0.0,0,0.0,6.0,0.0,20.92,400,115.28,1,0.0,2,At-Risk Customers
CUST102340,834.43,1,834.43,3.0,0.0,0.76,153,1248.66,1,0.0,0,Potential Customers
CUST102341,721.5,2,360.75,5.0,0.0,12.61,76,1437.5,1,0.0,0,Potential Customers
CUST102342,0.0,0,0.0,2.0,0.0,2.11,400,0.0,1,1.0,2,At-Risk Customers
CUST102343,1246.97,2,623.485,3.0,0.0,3.08,21,2203.65,1,0.0,0,Potential Customers
CUST102344,2643.65,1,2643.65,0.0,0.0,0.76,231,3268.94,1,0.0,0,Potential Customers
CUST102345,3660.85,2,1830.425,2.0,2.0,4.02,64,4687.08,1,0.0,1,Loyal Customers
CUST102346,1814.31,1,1814.31,6.0,0.0,7.07,144,2119.73,1,0.0,0,Potential Customers
CUST102347,2175.67,1,2175.67,1.0,2.0,1.89,103,2714.66,1,1.0,1,Loyal Customers
CUST102348,3289.74,1,3289.74,3.0,0.0,8.8,341,4088.04,1,0.0,0,Potential Customers
CUST102349,689.76,1,689.76,4.0,0.0,7.69,303,968.67,1,0.0,2,At-Risk Customers
CUST102350,656.73,1,656.73,1.0,0.0,2.8,87,1144.39,1,0.0,0,Potential Customers
CUST102351,0.0,0,0.0,2.0,0.0,0.96,400,0.0,1,0.0,2,At-Risk Customers
CUST102352,1923.88,1,1923.88,2.0,0.0,3.48,323,2695.5,1,0.0,0,Potential Customers
CUST102353,2798.25,1,2798.25,2.0,0.0,8.41,345,3759.88,1,1.0,0,Potential Customers
CUST102354,1386.09,1,1386.09,2.0,0.0,2.14,342,2122.02,1,0.0,0,Potential Customers
CUST102355,0.0,0,0.0,1.0,1.0,8.64,400,0.0,1,1.0,2,At-Risk Customers
CUST102356,1615.08,1,1615.08,4.0,0.0,2.22,330,1855.08,1,1.0,0,Potential Customers
CUST102357,2610.92,2,1305.46,1.0,0.0,3.81,114,3851.51,1,0.0,0,Potential Customers
CUST102358,2696.11,3,898.7033333333334,2.0,0.0,2.42,139,4283.93,1,1.0,0,Potential Customers
CUST102359,2935.78,1,2935.78,2.0,0.0,4.52,132,3514.59,1,0.0,0,Potential Customers
CUST102360,1946.97,2,973.485,1.0,0.0,7.21,290,3030.53,1,0.0,0,Potential Customers
CUST102361,446.32,1,446.32,4.0,0.0,12.7,290,779.51,1,0.0,2,At-Risk Customers
CUST102362,2496.96,2,1248.48,2.0,0.0,4.69,42,3395.51,1,0.0,0,Potential Customers
CUST102363,1943.59,2,971.795,0.0,0.0,1.36,286,2700.71,1,0.0,0,Potential Customers
CUST102364,0.0,0,0.0,2.0,0.0,6.31,400,0.0,1,0.0,2,At-Risk Customers
CUST102365,599.27,1,599.27,1.0,0.0,3.29,217,1321.15,1,0.0,0,Potential Customers
CUST102366,6158.65,3,2052.883333333333,2.0,0.0,3.24,110,8520.66,1,0.0,3,High Value Customers
CUST102367,0.0,0,0.0,2.0,0.0,4.37,400,86.73,1,0.0,2,At-Risk Customers
CUST102368,4992.62,2,2496.31,2.0,2.0,6.0,298,5972.67,1,0.0,1,Loyal Customers
CUST102369,1943.66,1,1943.66,3.0,0.0,3.04,321,2754.64,1,0.0,0,Potential Customers
CUST102370,1931.3,1,1931.3,5.0,0.0,6.09,126,2602.86,1,0.0,0,Potential Customers
CUST102371,2242.01,1,2242.01,3.0,0.0,5.38,32,2909.44,1,0.0,0,Potential Customers
CUST102372,0.0,0,0.0,4.0,0.0,6.09,400,227.67,1,0.0,2,At-Risk Customers
CUST102373,286.73,1,286.73,2.0,0.0,7.51,50,752.55,1,0.0,0,Potential Customers
CUST102374,0.0,0,0.0,3.0,3.0,0.87,400,0.0,1,1.0,1,Loyal Customers
CUST102375,0.0,0,0.0,1.0,0.0,3.08,400,0.0,1,0.0,2,At-Risk Customers
CUST102376,0.0,0,0.0,1.0,0.0,3.64,400,71.8,1,0.0,2,At-Risk Customers
CUST102377,0.0,0,0.0,3.0,0.0,3.41,400,0.0,1,0.0,2,At-Risk Customers
CUST102378,7467.29,2,3733.645,2.0,0.0,2.21,283,8618.66,1,0.0,3,High Value Customers
CUST102379,2179.06,1,2179.06,2.0,0.0,2.57,177,2501.83,1,0.0,0,Potential Customers
CUST102380,0.0,0,0.0,2.0,0.0,5.84,400,16.28,1,0.0,2,At-Risk Customers
CUST102381,2568.18,1,2568.18,4.0,0.0,5.6,95,3442.35,1,0.0,0,Potential Customers
CUST102382,2758.14,1,2758.14,1.0,0.0,4.15,244,3613.64,1,0.0,0,Potential Customers
CUST102383,6382.54,2,3191.27,7.0,0.0,2.01,147,7299.03,1,0.0,3,High Value Customers
CUST102384,340.77,1,340.77,2.0,0.0,7.4,13,743.55,1,0.0,0,Potential Customers
CUST102385,2400.61,2,1200.305,2.0,0.0,7.04,157,3718.05,1,0.0,0,Potential Customers
CUST102386,2019.88,1,2019.88,1.0,2.0,8.83,240,2663.44,1,0.0,1,Loyal Customers
CUST102387,0.0,0,0.0,5.0,0.0,2.35,400,138.21,1,0.0,2,At-Risk Customers
CUST102388,3166.57,1,3166.57,8.0,0.0,23.312000000000044,312,4144.95,1,1.0,0,Potential Customers
CUST102389,2127.35,3,709.1166666666667,3.0,0.0,4.73,95,2948.18,1,0.0,0,Potential Customers
CUST102390,11589.14840000001,4,2897.2871000000023,1.0,0.0,2.39,31,18059.31,1,0.0,3,High Value Customers
CUST102391,574.63,2,287.315,4.0,0.0,21.44,184,1540.14,1,0.0,0,Potential Customers
CUST102392,959.37,1,959.37,4.0,0.0,6.84,363,1423.06,1,0.0,2,At-Risk Customers
CUST102393,1799.85,1,1799.85,2.0,0.0,4.67,183,2404.07,1,0.0,0,Potential Customers
CUST102394,2383.32,1,2383.32,4.0,0.0,5.09,229,3265.68,1,0.0,0,Potential Customers
CUST102395,3186.97,3,1062.3233333333333,3.0,0.0,9.95,53,3867.56,1,1.0,0,Potential Customers
CUST102396,475.71,1,475.71,1.0,0.0,4.84,206,1097.79,1,0.0,0,Potential Customers
CUST102397,3719.52,2,1859.76,2.0,0.0,1.21,88,4671.22,1,0.0,0,Potential Customers
CUST102398,1400.58,1,1400.58,2.0,0.0,4.0,278,1955.98,1,0.0,0,Potential Customers
CUST102399,4507.5,2,2253.75,3.0,0.0,7.61,240,5654.96,1,0.0,0,Potential Customers
CUST102400,3388.6,3,1129.5333333333333,6.0,0.0,3.92,245,4612.8,1,0.0,0,Potential Customers
CUST102401,2042.64,2,1021.32,1.0,0.0,2.03,75,2960.39,1,0.0,0,Potential Customers
CUST102402,1374.51,1,1374.51,2.0,0.0,3.95,327,1741.85,1,0.0,0,Potential Customers
CUST102403,2544.28,2,1272.14,2.0,0.0,7.43,347,3992.27,1,0.0,0,Potential Customers
CUST102404,0.0,0,0.0,3.0,0.0,9.91,400,88.29,1,0.0,2,At-Risk Customers
CUST102405,0.0,0,0.0,1.0,0.0,1.87,400,0.0,1,0.0,2,At-Risk Customers
CUST102406,0.0,0,0.0,4.0,0.0,1.78,400,5.99,1,0.0,2,At-Risk Customers
CUST102407,0.0,0,0.0,1.0,0.0,3.89,400,22.93,1,0.0,2,At-Risk Customers
CUST102408,1489.2,1,1489.2,3.0,0.0,2.5,100,2327.25,1,1.0,0,Potential Customers
CUST102409,458.9,1,458.9,1.0,0.0,2.71,277,1156.52,1,0.0,2,At-Risk Customers
CUST102410,5001.04,2,2500.52,3.0,0.0,3.36,4,6317.95,1,1.0,3,High Value Customers
CUST102411,1018.26,1,1018.26,4.0,0.0,6.93,185,1543.19,1,0.0,0,Potential Customers
CUST102412,0.0,0,0.0,5.0,0.0,2.25,400,165.59,1,0.0,2,At-Risk Customers
CUST102413,1661.42,1,1661.42,4.0,1.0,1.79,336,2636.59,1,0.0,0,Potential Customers
CUST102414,1807.91,1,1807.91,1.0,0.0,2.42,19,2802.88,1,0.0,0,Potential Customers
CUST102415,2761.48,3,920.4933333333333,2.0,0.0,1.41,66,3613.56,1,0.0,0,Potential Customers
CUST102416,1790.24,1,1790.24,2.0,0.0,4.21,280,2377.34,1,0.0,0,Potential Customers
CUST102417,2724.55,1,2724.55,0.0,0.0,4.38,312,3726.59,1,0.0,0,Potential Customers
CUST102418,1554.65,1,1554.65,3.0,0.0,8.22,56,2104.82,1,0.0,0,Potential Customers
CUST102419,0.0,0,0.0,1.0,0.0,1.93,400,0.0,1,0.0,2,At-Risk Customers
CUST102420,7173.57,3,2391.19,1.0,0.0,4.42,43,8672.61,1,0.0,3,High Value Customers
CUST102421,0.0,0,0.0,3.0,0.0,5.13,400,251.29,1,0.0,2,At-Risk Customers
CUST102422,1590.62,2,795.31,1.0,0.0,1.37,49,2087.74,1,0.0,0,Potential Customers
CUST102423,0.0,0,0.0,2.0,0.0,4.73,400,0.0,1,0.0,2,At-Risk Customers
CUST102424,3800.52,1,3800.52,0.0,0.0,4.85,247,4833.34,1,0.0,0,Potential Customers
CUST102425,0.0,0,0.0,1.0,0.0,3.71,400,100.8,1,0.0,2,At-Risk Customers
CUST102426,0.0,0,0.0,3.0,0.0,4.02,400,0.0,1,0.0,2,At-Risk Customers
CUST102427,923.01,1,923.01,3.0,0.0,3.84,310,1563.72,1,0.0,2,At-Risk Customers
CUST102428,1526.75,1,1526.75,1.0,0.0,1.03,70,1866.19,1,0.0,0,Potential Customers
CUST102429,1260.25,1,1260.25,1.0,0.0,5.09,183,2027.46,1,0.0,0,Potential Customers
CUST102430,3557.44,1,3557.44,2.0,0.0,6.82,316,4956.01,1,0.0,0,Potential Customers
CUST102431,1710.32,1,1710.32,2.0,0.0,3.48,140,2269.23,1,0.0,0,Potential Customers
CUST102432,0.0,0,0.0,1.0,0.0,9.93,400,18.69,1,0.0,2,At-Risk Customers
CUST102433,637.17,2,318.585,1.0,0.0,2.49,304,1312.66,1,0.0,0,Potential Customers
CUST102434,0.0,0,0.0,2.0,0.0,2.44,400,0.0,1,0.0,2,At-Risk Customers
CUST102435,5225.3,2,2612.65,3.0,0.0,3.34,69,7456.35,1,0.0,3,High Value Customers
CUST102436,0.0,0,0.0,4.0,0.0,19.78,400,0.0,1,0.0,2,At-Risk Customers
CUST102437,0.0,0,0.0,1.0,0.0,3.32,400,72.87,1,0.0,2,At-Risk Customers
CUST102438,0.0,0,0.0,5.0,0.0,18.18,400,107.9,1,0.0,2,At-Risk Customers
CUST102439,0.0,0,0.0,1.0,0.0,3.95,400,52.78,1,0.0,2,At-Risk Customers
CUST102440,0.0,0,0.0,2.0,0.0,2.3,400,186.4,1,0.0,2,At-Risk Customers
CUST102441,0.0,0,0.0,6.0,0.0,15.91,400,78.53,1,0.0,2,At-Risk Customers
CUST102442,5926.47,4,1481.6175,2.0,0.0,4.61,242,8136.15,1,0.0,3,High Value Customers
CUST102443,1796.31,1,1796.31,3.0,0.0,3.3,232,2307.59,1,0.0,0,Potential Customers
CUST102444,5704.22,2,2852.11,2.0,0.0,7.41,86,7944.8,1,0.0,3,High Value Customers
CUST102445,2085.58,1,2085.58,4.0,0.0,9.71,127,2802.92,1,0.0,0,Potential Customers
CUST102446,1342.89,2,671.445,3.0,0.0,2.7,360,2156.77,1,0.0,0,Potential Customers
CUST102447,0.0,0,0.0,3.0,0.0,7.62,400,195.06,1,0.0,2,At-Risk Customers
CUST102448,0.0,0,0.0,0.0,0.0,3.46,400,37.96,1,0.0,2,At-Risk Customers
CUST102449,0.0,0,0.0,4.0,0.0,2.04,400,0.0,1,1.0,2,At-Risk Customers
CUST102450,2021.4,1,2021.4,1.0,0.0,2.47,152,2386.32,1,0.0,0,Potential Customers
CUST102451,335.55,1,335.55,1.0,0.0,1.79,342,606.02,1,0.0,2,At-Risk Customers
CUST102452,1101.08,1,1101.08,1.0,3.0,4.31,321,1707.2,1,0.0,1,Loyal Customers
CUST102453,585.9,1,585.9,4.0,0.0,4.32,1,337.17,1,0.0,0,Potential Customers
CUST102454,0.0,0,0.0,2.0,0.0,9.02,400,114.6,1,0.0,2,At-Risk Customers
CUST102455,4774.95,2,2387.475,3.0,0.0,7.45,56,6420.43,1,1.0,3,High Value Customers
CUST102456,2013.49,1,2013.49,1.0,0.0,3.06,182,2664.57,1,0.0,0,Potential Customers
CUST102457,2364.31,2,1182.155,2.0,0.0,3.54,364,2933.55,1,0.0,0,Potential Customers
CUST102458,0.0,0,0.0,0.0,1.0,2.57,400,0.0,1,0.0,2,At-Risk Customers
CUST102459,2437.74,1,2437.74,3.0,0.0,4.38,337,2705.71,1,0.0,0,Potential Customers
CUST102460,0.0,0,0.0,5.0,0.0,3.47,400,22.69,1,0.0,2,At-Risk Customers
CUST102461,9545.68,3,3181.8933333333334,2.0,0.0,4.2,202,10984.55,1,1.0,3,High Value Customers
CUST102462,2821.66,2,1410.83,2.0,0.0,11.29,337,3638.2,1,0.0,0,Potential Customers
CUST102463,0.0,0,0.0,2.0,0.0,11.7,400,220.43,1,1.0,2,At-Risk Customers
CUST102464,1969.57,2,984.785,5.0,0.0,2.62,230,2716.45,1,0.0,0,Potential Customers
CUST102465,0.0,0,0.0,3.0,0.0,6.99,400,237.61,1,0.0,2,At-Risk Customers
CUST102466,2585.79,2,1292.895,3.0,1.0,6.41,172,3690.26,1,1.0,0,Potential Customers
CUST102467,1418.42,1,1418.42,0.0,0.0,2.76,228,2312.87,1,1.0,0,Potential Customers
CUST102468,2918.88,1,2918.88,3.0,0.0,10.9,9,3310.64,1,0.0,0,Potential Customers
CUST102469,6490.22,3,2163.4066666666668,3.0,0.0,1.44,224,8365.41,1,0.0,3,High Value Customers
CUST102470,0.0,0,0.0,3.0,0.0,8.61,400,0.0,1,0.0,2,At-Risk Customers
CUST102471,0.0,0,0.0,4.0,0.0,3.74,400,0.0,1,0.0,2,At-Risk Customers
CUST102472,0.0,0,0.0,2.0,0.0,1.92,400,9.11,1,0.0,2,At-Risk Customers
CUST102473,8098.72,4,2024.68,2.0,0.0,3.57,305,9354.28,1,0.0,3,High Value Customers
CUST102474,0.0,0,0.0,6.0,0.0,15.1,400,288.58,1,0.0,2,At-Risk Customers
CUST102475,4207.75,2,2103.875,3.0,3.0,23.312000000000044,5,6000.02,1,0.0,1,Loyal Customers
CUST102476,0.0,0,0.0,1.0,0.0,2.35,400,238.91,1,0.0,2,At-Risk Customers
CUST102477,1514.84,1,1514.84,1.0,0.0,3.95,114,2168.61,1,0.0,0,Potential Customers
CUST102478,9374.19,3,3124.73,2.0,0.0,3.56,5,13128.55,1,0.0,3,High Value Customers
CUST102479,0.0,0,0.0,3.0,0.0,4.0,400,0.0,1,0.0,2,At-Risk Customers
CUST102480,1179.9,2,589.95,4.0,0.0,12.65,123,1912.66,1,1.0,0,Potential Customers
CUST102481,6987.67,4,1746.9175,3.0,0.0,3.08,113,9196.62,1,0.0,3,High Value Customers
CUST102482,3748.3,2,1874.15,2.0,0.0,2.35,120,4894.01,1,0.0,0,Potential Customers
CUST102483,580.1,1,580.1,0.0,0.0,2.97,143,1036.02,1,0.0,0,Potential Customers
CUST102484,4367.76,2,2183.88,3.0,0.0,3.56,294,6657.1,1,0.0,3,High Value Customers
CUST102485,5403.01,2,2701.505,1.0,0.0,6.95,224,6376.55,1,0.0,3,High Value Customers
CUST102486,2195.43,2,1097.715,2.0,0.0,4.43,198,3029.16,1,0.0,0,Potential Customers
CUST102487,3251.41,2,1625.705,1.0,0.0,6.46,143,4306.94,1,1.0,0,Potential Customers
CUST102488,6578.64,2,3289.32,2.0,0.0,8.51,50,7244.26,1,0.0,3,High Value Customers
CUST102489,3182.66,2,1591.33,1.0,0.0,3.33,231,4466.9,1,0.0,0,Potential Customers
CUST102490,0.0,0,0.0,2.0,0.0,3.86,400,0.0,1,0.0,2,At-Risk Customers
CUST102491,2385.0,1,2385.0,4.0,0.0,5.72,58,3168.26,1,0.0,0,Potential Customers
CUST102492,843.93,1,843.93,2.0,0.0,2.63,129,1350.07,1,0.0,0,Potential Customers
CUST102493,3023.42,3,1007.8066666666667,3.0,0.0,4.18,74,5038.56,1,0.0,0,Potential Customers
CUST102494,0.0,0,0.0,1.0,0.0,8.51,400,0.0,1,0.0,2,At-Risk Customers
CUST102495,1586.73,1,1586.73,1.0,0.0,4.42,187,1940.09,1,0.0,0,Potential Customers
CUST102496,3872.12,2,1936.06,4.0,0.0,9.9,339,4997.65,1,0.0,0,Potential Customers
CUST102497,3758.35,1,3758.35,0.0,0.0,2.14,292,4266.6,1,0.0,0,Potential Customers
CUST102498,641.02,2,320.51,3.0,0.0,5.14,279,1246.2,1,1.0,0,Potential Customers
CUST102499,1280.3,1,1280.3,4.0,0.0,6.08,254,1868.87,1,0.0,0,Potential Customers
CUST102500,2126.89,1,2126.89,1.0,0.0,5.06,56,2491.68,1,0.0,0,Potential Customers
CUST102501,0.0,0,0.0,3.0,0.0,3.31,400,0.0,1,0.0,2,At-Risk Customers
CUST102502,4326.2,2,2163.1,1.0,0.0,1.46,40,5521.28,1,0.0,0,Potential Customers
CUST102503,0.0,0,0.0,4.0,1.0,8.87,400,111.04,1,0.0,2,At-Risk Customers
CUST102504,0.0,0,0.0,1.0,0.0,1.51,400,18.27,1,0.0,2,At-Risk Customers
CUST102505,2557.36,2,1278.68,2.0,0.0,1.59,124,3523.8,1,0.0,0,Potential Customers
CUST102506,8449.29,3,2816.4300000000003,2.0,0.0,6.09,252,12051.73,1,0.0,3,High Value Customers
CUST102507,713.14,1,713.14,4.0,0.0,3.13,285,1279.93,1,0.0,2,At-Risk Customers
CUST102508,0.0,0,0.0,0.0,0.0,4.48,400,0.0,1,0.0,2,At-Risk Customers
CUST102509,0.0,0,0.0,2.0,0.0,1.65,400,0.0,1,0.0,2,At-Risk Customers
CUST102510,3077.44,3,1025.8133333333333,2.0,0.0,4.97,221,4389.02,1,0.0,0,Potential Customers
CUST102511,4319.6,5,863.9200000000001,2.0,0.0,7.28,211,6715.82,1,1.0,3,High Value Customers
CUST102512,1407.16,2,703.58,4.0,0.0,1.36,11,2116.38,1,0.0,0,Potential Customers
CUST102513,2139.7,1,2139.7,1.0,0.0,4.84,65,3039.63,1,0.0,0,Potential Customers
CUST102514,2374.11,1,2374.11,2.0,0.0,7.63,150,3072.58,1,0.0,0,Potential Customers
CUST102515,5212.33,3,1737.4433333333334,2.0,3.0,1.59,340,6841.13,1,1.0,1,Loyal Customers
CUST102516,1934.96,1,1934.96,1.0,0.0,4.49,240,2565.09,1,0.0,0,Potential Customers
CUST102517,4514.52,2,2257.26,1.0,0.0,4.2,340,6141.14,1,0.0,3,High Value Customers
CUST102518,2780.65,2,1390.325,3.0,0.0,5.21,112,4393.8,1,0.0,0,Potential Customers
CUST102519,5790.14,4,1447.535,2.0,0.0,3.35,166,7797.78,1,0.0,3,High Value Customers
CUST102520,0.0,0,0.0,1.0,0.0,1.46,400,62.58,1,0.0,2,At-Risk Customers
CUST102521,3878.3,2,1939.15,1.0,0.0,3.07,21,4881.85,1,1.0,0,Potential Customers
CUST102522,2267.55,4,566.8875,5.0,0.0,2.75,214,4041.45,1,0.0,0,Potential Customers
CUST102523,2109.32,1,2109.32,2.0,0.0,3.87,115,2861.83,1,0.0,0,Potential Customers
CUST102524,0.0,0,0.0,5.0,0.0,9.43,400,0.0,1,0.0,2,At-Risk Customers
CUST102525,3923.44,2,1961.72,1.0,0.0,1.43,362,4843.57,1,0.0,0,Potential Customers
CUST102526,1558.5,1,1558.5,6.0,1.0,7.94,307,2478.81,1,1.0,0,Potential Customers
CUST102527,312.08,1,312.08,5.0,0.0,13.98,121,529.55,1,0.0,0,Potential Customers
CUST102528,2252.71,1,2252.71,3.0,0.0,13.4,164,3046.39,1,0.0,0,Potential Customers
CUST102529,3771.04,4,942.76,5.0,0.0,4.02,17,5682.39,1,1.0,3,High Value Customers
CUST102530,2319.12,1,2319.12,4.0,0.0,4.64,66,3038.7,1,0.0,0,Potential Customers
CUST102531,2032.72,1,2032.72,1.0,0.0,4.27,354,2941.84,1,0.0,0,Potential Customers
CUST102532,0.0,0,0.0,1.0,0.0,1.14,400,0.0,1,0.0,2,At-Risk Customers
CUST102533,2676.61,1,2676.61,3.0,0.0,3.48,224,3786.02,1,1.0,0,Potential Customers
CUST102534,1722.88,1,1722.88,2.0,0.0,8.96,259,2393.28,1,0.0,0,Potential Customers
CUST102535,1677.76,1,1677.76,0.0,1.0,1.5,299,2592.3,1,0.0,0,Potential Customers
CUST102536,4170.16,2,2085.08,2.0,0.0,2.22,246,4925.43,1,0.0,0,Potential Customers
CUST102537,1235.3,1,1235.3,2.0,0.0,4.38,217,1570.59,1,0.0,0,Potential Customers
CUST102538,0.0,0,0.0,4.0,0.0,1.27,400,0.0,1,0.0,2,At-Risk Customers
CUST102539,0.0,0,0.0,2.0,0.0,14.53,400,0.0,1,0.0,2,At-Risk Customers
CUST102540,3697.13,2,1848.565,3.0,0.0,6.1,58,4880.92,1,0.0,0,Potential Customers
CUST102541,2235.38,2,1117.69,3.0,0.0,5.16,135,3415.92,1,0.0,0,Potential Customers
CUST102542,0.0,0,0.0,2.0,0.0,7.14,400,59.77,1,0.0,2,At-Risk Customers
CUST102543,1557.22,1,1557.22,4.0,2.0,3.2,119,1988.21,1,0.0,1,Loyal Customers
CUST102544,2724.99,1,2724.99,5.0,0.0,4.93,272,3762.81,1,1.0,0,Potential Customers
CUST102545,2531.12,1,2531.12,1.0,0.0,2.05,193,3097.19,1,0.0,0,Potential Customers
CUST102546,3366.0,2,1683.0,0.0,0.0,0.8,149,4090.81,1,0.0,0,Potential Customers
CUST102547,6724.69,2,3362.345,2.0,0.0,3.96,313,9120.2,1,0.0,3,High Value Customers
CUST102548,423.62,1,423.62,5.0,0.0,12.27,76,998.49,1,0.0,0,Potential Customers
CUST102549,2019.5,1,2019.5,8.0,0.0,13.1,201,2750.75,1,0.0,0,Potential Customers
CUST102550,1300.42,4,325.105,1.0,3.0,3.55,266,2430.08,1,0.0,1,Loyal Customers
CUST102551,0.0,0,0.0,1.0,0.0,3.34,400,0.0,1,0.0,2,At-Risk Customers
CUST102552,1666.63,1,1666.63,1.0,0.0,1.37,8,2084.59,1,1.0,0,Potential Customers
CUST102553,7261.29,4,1815.3225,2.0,0.0,8.53,142,10195.99,1,0.0,3,High Value Customers
CUST102554,2612.03,2,1306.015,1.0,0.0,5.45,303,4011.4,1,0.0,0,Potential Customers
CUST102555,3041.29,2,1520.645,1.0,3.0,3.55,120,4032.46,1,0.0,1,Loyal Customers
CUST102556,1089.59,1,1089.59,4.0,0.0,1.02,335,1749.56,1,0.0,2,At-Risk Customers
CUST102557,3656.38,3,1218.7933333333333,0.0,0.0,1.15,257,5005.3,1,0.0,0,Potential Customers
CUST102558,4729.04,2,2364.52,3.0,0.0,4.44,190,6713.24,1,0.0,3,High Value Customers
CUST102559,2341.24,1,2341.24,1.0,0.0,1.38,79,3482.84,1,0.0,0,Potential Customers
CUST102560,11506.64,3,3835.5466666666666,2.0,1.0,5.91,261,15157.58,1,0.0,3,High Value Customers
CUST102561,0.0,0,0.0,4.0,0.0,6.12,400,126.86,1,0.0,2,At-Risk Customers
CUST102562,1110.17,1,1110.17,1.0,0.0,1.62,103,1713.83,1,0.0,0,Potential Customers
CUST102563,1015.82,1,1015.82,1.0,0.0,4.19,174,1369.33,1,0.0,0,Potential Customers
CUST102564,9266.59,3,3088.8633333333332,0.0,0.0,2.1,129,12389.37,1,0.0,3,High Value Customers
CUST102565,1056.66,1,1056.66,5.0,0.0,7.84,157,1270.41,1,0.0,0,Potential Customers
CUST102566,2141.98,1,2141.98,6.0,0.0,23.312000000000044,105,2866.02,1,1.0,0,Potential Customers
CUST102567,722.72,1,722.72,1.0,0.0,3.73,100,1084.31,1,0.0,0,Potential Customers
CUST102568,2510.66,1,2510.66,2.0,0.0,11.41,182,2786.08,1,0.0,0,Potential Customers
CUST102569,5671.26,2,2835.63,2.0,0.0,8.33,222,7565.9,1,0.0,3,High Value Customers
CUST102570,7539.89,3,2513.2966666666666,4.0,0.0,3.84,262,9772.93,1,0.0,3,High Value Customers
CUST102571,2322.12,1,2322.12,3.0,0.0,5.89,53,3321.03,1,0.0,0,Potential Customers
CUST102572,0.0,0,0.0,3.0,0.0,1.67,400,166.2,1,0.0,2,At-Risk Customers
CUST102573,0.0,0,0.0,2.0,0.0,4.47,400,12.21,1,0.0,2,At-Risk Customers
CUST102574,1978.58,1,1978.58,4.0,0.0,3.29,226,2737.5,1,0.0,0,Potential Customers
CUST102575,5313.3,2,2656.65,4.0,0.0,10.5,362,6229.54,1,0.0,3,High Value Customers
CUST102576,0.0,0,0.0,1.0,0.0,2.62,400,0.0,1,0.0,2,At-Risk Customers
CUST102577,570.28,1,570.28,1.0,0.0,1.94,30,875.01,1,0.0,0,Potential Customers
CUST102578,0.0,0,0.0,1.0,0.0,1.99,400,0.0,1,0.0,2,At-Risk Customers
CUST102579,2450.28,1,2450.28,2.0,0.0,7.38,11,3274.9,1,0.0,0,Potential Customers
CUST102580,0.0,0,0.0,3.0,0.0,3.57,400,0.0,1,1.0,2,At-Risk Customers
CUST102581,3877.64,2,1938.82,0.0,0.0,1.25,328,5410.89,1,1.0,0,Potential Customers
CUST102582,272.2,1,272.2,3.0,3.0,8.25,38,407.16,1,1.0,1,Loyal Customers
CUST102583,3923.96,1,3923.96,1.0,0.0,1.41,96,4778.11,1,0.0,0,Potential Customers
CUST102584,865.42,1,865.42,5.0,0.0,4.02,343,1420.55,1,0.0,2,At-Risk Customers
CUST102585,8010.39,2,4005.195,1.0,0.0,3.5,207,10811.59,1,0.0,3,High Value Customers
CUST102586,728.66,2,364.33,0.0,0.0,1.88,217,1449.28,1,1.0,0,Potential Customers
CUST102587,11004.83,4,2751.2075,3.0,0.0,1.24,68,14820.84,1,0.0,3,High Value Customers
CUST102588,2024.96,1,2024.96,3.0,0.0,7.17,356,2711.08,1,1.0,0,Potential Customers
CUST102589,5320.36,2,2660.18,2.0,0.0,6.4,310,7431.28,1,0.0,3,High Value Customers
CUST102590,0.0,0,0.0,2.0,0.0,4.21,400,192.92,1,0.0,2,At-Risk Customers
CUST102591,1290.58,1,1290.58,2.0,0.0,5.24,183,1831.81,1,0.0,0,Potential Customers
CUST102592,0.0,0,0.0,1.0,0.0,1.23,400,0.0,1,0.0,2,At-Risk Customers
CUST102593,0.0,0,0.0,2.0,0.0,5.84,400,154.54,1,0.0,2,At-Risk Customers
CUST102594,731.56,1,731.56,4.0,0.0,5.42,19,1201.19,1,1.0,0,Potential Customers
CUST102595,6342.99,3,2114.33,2.0,0.0,5.53,84,9611.62,1,0.0,3,High Value Customers
CUST102596,1340.23,1,1340.23,1.0,0.0,5.51,266,1820.73,1,0.0,0,Potential Customers
CUST102597,2619.77,2,1309.885,2.0,0.0,8.13,278,4013.64,1,1.0,0,Potential Customers
CUST102598,1332.92,1,1332.92,2.0,0.0,3.74,283,1915.26,1,0.0,0,Potential Customers
CUST102599,4356.08,3,1452.0266666666666,2.0,0.0,4.24,363,5893.92,1,1.0,3,High Value Customers
CUST102600,5170.17,2,2585.085,3.0,0.0,1.59,243,7315.95,1,0.0,3,High Value Customers
CUST102601,2984.46,1,2984.46,2.0,0.0,6.55,347,3821.96,1,0.0,0,Potential Customers
CUST102602,2774.25,1,2774.25,4.0,0.0,2.54,157,4042.85,1,0.0,0,Potential Customers
CUST102603,2964.68,2,1482.34,2.0,3.0,2.67,354,4101.25,1,0.0,1,Loyal Customers
CUST102604,5750.7,2,2875.35,2.0,0.0,3.05,253,8389.05,1,0.0,3,High Value Customers
CUST102605,0.0,0,0.0,3.0,0.0,1.91,400,0.0,1,0.0,2,At-Risk Customers
CUST102606,2568.86,2,1284.43,6.0,0.0,3.76,52,3975.21,1,0.0,0,Potential Customers
CUST102607,3236.61,2,1618.305,5.0,0.0,7.22,110,4676.49,1,0.0,0,Potential Customers
CUST102608,764.68,1,764.68,3.0,0.0,23.312000000000044,233,1200.16,1,0.0,0,Potential Customers
CUST102609,3211.56,2,1605.78,3.0,0.0,4.01,28,4418.3,1,0.0,0,Potential Customers
CUST102610,3891.26,2,1945.63,2.0,0.0,6.47,129,4502.89,1,1.0,0,Potential Customers
CUST102611,866.47,3,288.8233333333333,1.0,0.0,0.76,145,2229.23,1,0.0,0,Potential Customers
CUST102612,0.0,0,0.0,5.0,0.0,14.85,400,0.0,1,0.0,2,At-Risk Customers
CUST102613,894.62,1,894.62,1.0,3.0,2.93,26,1174.4,1,0.0,1,Loyal Customers
CUST102614,623.79,2,311.895,2.0,2.0,2.11,169,1165.34,1,0.0,1,Loyal Customers
CUST102615,1573.99,1,1573.99,4.0,0.0,4.29,145,1892.64,1,0.0,0,Potential Customers
CUST102616,4578.24,2,2289.12,1.0,0.0,2.53,254,6080.52,1,1.0,3,High Value Customers
CUST102617,0.0,0,0.0,1.0,0.0,3.86,400,34.14,1,0.0,2,At-Risk Customers
CUST102618,6199.08,3,2066.36,5.0,0.0,2.4,313,8280.42,1,0.0,3,High Value Customers
CUST102619,4281.39,1,4281.39,1.0,0.0,8.92,332,5331.07,1,0.0,0,Potential Customers
CUST102620,9312.81,4,2328.2025,7.0,0.0,23.312000000000044,73,13052.48,1,1.0,3,High Value Customers
CUST102621,1452.84,1,1452.84,3.0,0.0,6.73,6,2087.97,1,0.0,0,Potential Customers
CUST102622,9027.82,3,3009.273333333333,0.0,0.0,4.66,361,11028.06,1,0.0,3,High Value Customers
CUST102623,0.0,0,0.0,1.0,0.0,2.76,400,34.19,1,0.0,2,At-Risk Customers
CUST102624,3124.29,4,781.0725,6.0,1.0,8.52,134,4860.01,1,0.0,0,Potential Customers
CUST102625,1954.5,1,1954.5,3.0,0.0,2.37,85,2611.03,1,0.0,0,Potential Customers
CUST102626,0.0,0,0.0,1.0,0.0,5.07,400,18.76,1,0.0,2,At-Risk Customers
CUST102627,1315.22,1,1315.22,3.0,0.0,2.82,98,1471.43,1,0.0,0,Potential Customers
CUST102628,686.03,2,343.015,0.0,0.0,1.68,291,1390.3,1,0.0,0,Potential Customers
CUST102629,0.0,0,0.0,1.0,0.0,3.49,400,61.45,1,0.0,2,At-Risk Customers
CUST102630,3794.61,2,1897.305,0.0,0.0,2.03,356,4829.99,1,0.0,0,Potential Customers
CUST102631,652.02,1,652.02,4.0,0.0,11.39,292,1126.13,1,0.0,2,At-Risk Customers
CUST102632,2930.91,2,1465.455,4.0,0.0,2.39,72,3970.22,1,1.0,0,Potential Customers
CUST102633,796.46,1,796.46,1.0,0.0,3.7,223,1480.52,1,0.0,0,Potential Customers
CUST102634,0.0,0,0.0,1.0,0.0,2.57,400,0.0,1,0.0,2,At-Risk Customers
CUST102635,3485.39,3,1161.7966666666666,1.0,0.0,1.71,262,4849.47,1,0.0,0,Potential Customers
CUST102636,0.0,0,0.0,2.0,0.0,6.55,400,31.16,1,0.0,2,At-Risk Customers
CUST102637,0.0,0,0.0,1.0,0.0,3.8,400,58.99,1,0.0,2,At-Risk Customers
CUST102638,0.0,0,0.0,3.0,0.0,20.91,400,17.65,1,0.0,2,At-Risk Customers
CUST102639,0.0,0,0.0,5.0,0.0,8.44,400,0.0,1,1.0,2,At-Risk Customers
CUST102640,0.0,0,0.0,1.0,0.0,4.26,400,0.0,1,0.0,2,At-Risk Customers
CUST102641,0.0,0,0.0,1.0,0.0,5.24,400,133.69,1,0.0,2,At-Risk Customers
CUST102642,2344.5,1,2344.5,1.0,0.0,3.81,306,3061.96,1,0.0,0,Potential Customers
CUST102643,1037.46,1,1037.46,1.0,0.0,1.98,70,1664.99,1,1.0,0,Potential Customers
CUST102644,2214.54,2,1107.27,3.0,0.0,1.48,142,2924.92,1,0.0,0,Potential Customers
CUST102645,1968.52,1,1968.52,2.0,0.0,1.94,257,2578.1,1,0.0,0,Potential Customers
CUST102646,3310.71,1,3310.71,2.0,0.0,10.34,261,4048.07,1,0.0,0,Potential Customers
CUST102647,5229.87,2,2614.935,1.0,0.0,4.85,55,5889.12,1,0.0,3,High Value Customers
CUST102648,2984.56,1,2984.56,3.0,0.0,5.91,234,3684.09,1,0.0,0,Potential Customers
CUST102649,1957.31,1,1957.31,6.0,0.0,7.04,108,2441.97,1,0.0,0,Potential Customers
CUST102650,0.0,0,0.0,5.0,0.0,3.53,400,0.0,1,0.0,2,At-Risk Customers
CUST102651,0.0,0,0.0,1.0,0.0,2.65,400,0.0,1,0.0,2,At-Risk Customers
CUST102652,1305.13,1,1305.13,4.0,0.0,16.67,140,1544.24,1,0.0,0,Potential Customers
CUST102653,0.0,0,0.0,1.0,0.0,5.88,400,0.0,1,0.0,2,At-Risk Customers
CUST102654,3794.34,2,1897.17,1.0,0.0,1.26,199,5669.22,1,0.0,0,Potential Customers
CUST102655,2664.6,1,2664.6,0.0,0.0,1.19,264,3365.63,1,0.0,0,Potential Customers
CUST102656,2393.96,1,2393.96,3.0,0.0,6.86,193,2871.65,1,0.0,0,Potential Customers
CUST102657,0.0,0,0.0,1.0,0.0,2.18,400,0.0,1,1.0,2,At-Risk Customers
CUST102658,0.0,0,0.0,3.0,0.0,3.7,400,90.5,1,0.0,2,At-Risk Customers
CUST102659,0.0,0,0.0,0.0,0.0,0.88,400,83.83,1,0.0,2,At-Risk Customers
CUST102660,1238.44,1,1238.44,1.0,0.0,2.93,291,1698.51,1,0.0,0,Potential Customers
CUST102661,0.0,0,0.0,4.0,0.0,7.68,400,39.46,1,0.0,2,At-Risk Customers
CUST102662,0.0,0,0.0,2.0,0.0,2.79,400,0.0,1,0.0,2,At-Risk Customers
CUST102663,639.72,2,319.86,2.0,0.0,1.79,50,1508.74,1,1.0,0,Potential Customers
CUST102664,0.0,0,0.0,1.0,1.0,3.42,400,0.0,1,0.0,2,At-Risk Customers
CUST102665,0.0,0,0.0,1.0,0.0,4.16,400,0.0,1,0.0,2,At-Risk Customers
CUST102666,5670.56,3,1890.1866666666667,3.0,0.0,3.17,170,7872.44,1,0.0,3,High Value Customers
CUST102667,1412.49,1,1412.49,2.0,0.0,1.34,169,2007.79,1,0.0,0,Potential Customers
CUST102668,7694.11,3,2564.7033333333334,1.0,0.0,5.34,229,8994.31,1,0.0,3,High Value Customers
CUST102669,5907.35,3,1969.1166666666668,2.0,0.0,2.71,213,7919.57,1,0.0,3,High Value Customers
CUST102670,1411.02,1,1411.02,1.0,0.0,4.58,210,2088.84,1,1.0,0,Potential Customers
CUST102671,1004.83,1,1004.83,1.0,0.0,2.05,296,1571.02,1,0.0,0,Potential Customers
CUST102672,2448.21,2,1224.105,4.0,0.0,9.7,289,3565.57,1,0.0,0,Potential Customers
CUST102673,0.0,0,0.0,3.0,0.0,6.68,400,7.76,1,0.0,2,At-Risk Customers
CUST102674,0.0,0,0.0,1.0,0.0,3.15,400,0.0,1,0.0,2,At-Risk Customers
CUST102675,712.53,1,712.53,1.0,0.0,5.02,128,1134.02,1,0.0,0,Potential Customers
CUST102676,3236.83,1,3236.83,5.0,0.0,12.74,18,4627.22,1,0.0,0,Potential Customers
CUST102677,3184.04,1,3184.04,4.0,3.0,9.23,130,4437.48,1,0.0,1,Loyal Customers
CUST102678,0.0,0,0.0,5.0,3.0,11.66,400,144.66,1,1.0,1,Loyal Customers
CUST102679,0.0,0,0.0,4.0,0.0,6.19,400,46.64,1,0.0,2,At-Risk Customers
CUST102680,0.0,0,0.0,2.0,0.0,2.77,400,0.0,1,0.0,2,At-Risk Customers
CUST102681,3360.3,3,1120.1000000000001,1.0,0.0,6.12,163,4488.59,1,0.0,0,Potential Customers
CUST102682,1376.25,1,1376.25,4.0,0.0,13.32,197,2206.64,1,0.0,0,Potential Customers
CUST102683,1744.33,2,872.165,1.0,0.0,6.2,122,2424.38,1,0.0,0,Potential Customers
CUST102684,2976.68,1,2976.68,2.0,0.0,2.27,19,3483.14,1,0.0,0,Potential Customers
CUST102685,11589.14840000001,7,1655.59262857143,1.0,0.0,4.25,220,29418.61,1,0.0,3,High Value Customers
CUST102686,0.0,0,0.0,3.0,0.0,6.91,400,0.0,1,0.0,2,At-Risk Customers
CUST102687,479.21,1,479.21,1.0,0.0,4.57,335,529.06,1,0.0,2,At-Risk Customers
CUST102688,1609.8,1,1609.8,3.0,0.0,6.92,26,2031.75,1,0.0,0,Potential Customers
CUST102689,5822.03,3,1940.6766666666665,0.0,0.0,2.63,247,8112.11,1,0.0,3,High Value Customers
CUST102690,1309.71,1,1309.71,3.0,0.0,3.49,328,2053.82,1,0.0,0,Potential Customers
CUST102691,0.0,0,0.0,2.0,0.0,5.15,400,3.91,1,0.0,2,At-Risk Customers
CUST102692,1393.83,1,1393.83,1.0,0.0,5.32,271,2152.96,1,0.0,0,Potential Customers
CUST102693,0.0,0,0.0,4.0,0.0,2.6,400,64.17,1,0.0,2,At-Risk Customers
CUST102694,1055.76,1,1055.76,2.0,0.0,0.76,185,1444.31,1,0.0,0,Potential Customers
CUST102695,0.0,0,0.0,1.0,0.0,4.02,400,70.52,1,0.0,2,At-Risk Customers
CUST102696,3234.04,2,1617.02,5.0,0.0,3.92,350,4821.3,1,0.0,0,Potential Customers
CUST102697,1646.53,2,823.265,2.0,0.0,4.61,147,2749.87,1,1.0,0,Potential Customers
CUST102698,1215.82,1,1215.82,3.0,0.0,3.51,219,1631.87,1,1.0,0,Potential Customers
CUST102699,5644.19,3,1881.3966666666665,1.0,0.0,4.16,186,7166.13,1,1.0,3,High Value Customers
CUST102700,2726.23,1,2726.23,5.0,0.0,12.44,336,3682.28,1,0.0,0,Potential Customers
CUST102701,6919.16,4,1729.79,2.0,0.0,2.86,126,9983.96,1,0.0,3,High Value Customers
CUST102702,3686.03,3,1228.6766666666667,5.0,0.0,5.24,148,5045.73,1,0.0,0,Potential Customers
CUST102703,0.0,0,0.0,5.0,0.0,13.18,400,0.0,1,0.0,2,At-Risk Customers
CUST102704,1967.12,1,1967.12,5.0,0.0,1.96,101,2684.87,1,0.0,0,Potential Customers
CUST102705,1270.99,1,1270.99,6.0,0.0,14.0,303,1647.61,1,0.0,0,Potential Customers
CUST102706,529.33,1,529.33,2.0,0.0,8.0,72,945.18,1,0.0,0,Potential Customers
CUST102707,2227.44,1,2227.44,2.0,0.0,3.26,37,2744.22,1,0.0,0,Potential Customers
CUST102708,292.96,1,292.96,3.0,0.0,0.76,63,437.73,1,0.0,0,Potential Customers
CUST102709,2771.82,1,2771.82,3.0,0.0,10.73,295,3508.15,1,0.0,0,Potential Customers
CUST102710,2163.75,2,1081.875,5.0,0.0,14.0,272,3157.46,1,0.0,0,Potential Customers
CUST102711,7638.22,4,1909.555,3.0,0.0,2.49,145,9816.09,1,1.0,3,High Value Customers
CUST102712,4722.82,2,2361.41,3.0,3.0,14.63,81,6252.72,1,1.0,1,Loyal Customers
CUST102713,0.0,0,0.0,1.0,0.0,1.24,400,0.0,1,0.0,2,At-Risk Customers
CUST102714,2338.39,1,2338.39,3.0,0.0,4.97,106,2970.57,1,0.0,0,Potential Customers
CUST102715,0.0,0,0.0,3.0,0.0,3.58,400,0.0,1,0.0,2,At-Risk Customers
CUST102716,4192.29,3,1397.43,1.0,0.0,1.59,308,6935.52,1,0.0,3,High Value Customers
CUST102717,298.82,1,298.82,4.0,0.0,3.4,227,708.61,1,0.0,2,At-Risk Customers
CUST102718,11215.31,4,2803.8275,4.0,0.0,3.97,200,15111.28,1,0.0,3,High Value Customers
CUST102719,3122.02,1,3122.02,2.0,0.0,1.76,8,3886.8,1,0.0,0,Potential Customers
CUST102720,0.0,0,0.0,3.0,0.0,6.51,400,0.0,1,0.0,2,At-Risk Customers
CUST102721,0.0,0,0.0,1.0,0.0,2.52,400,61.75,1,0.0,2,At-Risk Customers
CUST102722,6416.82,3,2138.94,2.0,0.0,3.15,164,8018.19,1,0.0,3,High Value Customers
CUST102723,2014.83,2,1007.415,2.0,0.0,11.17,122,2558.48,1,0.0,0,Potential Customers
CUST102724,2002.91,2,1001.455,1.0,0.0,2.56,325,2780.6,1,0.0,0,Potential Customers
CUST102725,853.43,1,853.43,3.0,0.0,0.83,234,1605.83,1,0.0,0,Potential Customers
CUST102726,4397.93,2,2198.965,3.0,0.0,3.4,128,5966.6,1,0.0,0,Potential Customers
CUST102727,3175.04,2,1587.52,3.0,0.0,4.38,338,4559.61,1,0.0,0,Potential Customers
CUST102728,0.0,0,0.0,3.0,0.0,3.42,400,0.0,1,0.0,2,At-Risk Customers
CUST102729,2495.54,1,2495.54,4.0,0.0,7.41,14,3010.95,1,0.0,0,Potential Customers
CUST102730,3523.49,3,1174.4966666666667,1.0,0.0,5.37,286,4414.77,1,0.0,0,Potential Customers
CUST102731,1397.18,1,1397.18,2.0,0.0,2.67,40,1719.28,1,0.0,0,Potential Customers
CUST102732,0.0,0,0.0,5.0,0.0,6.6,400,56.24,1,0.0,2,At-Risk Customers
CUST102733,761.45,1,761.45,2.0,0.0,5.61,40,1173.31,1,0.0,0,Potential Customers
CUST102734,1177.04,1,1177.04,2.0,0.0,5.49,28,1573.65,1,0.0,0,Potential Customers
CUST102735,0.0,0,0.0,4.0,0.0,3.63,400,0.0,1,0.0,2,At-Risk Customers
CUST102736,1261.35,1,1261.35,2.0,0.0,4.95,318,1529.64,1,0.0,0,Potential Customers
CUST102737,2166.37,1,2166.37,1.0,0.0,4.38,108,3213.04,1,0.0,0,Potential Customers
CUST102738,7895.4,4,1973.85,1.0,0.0,3.29,168,10119.85,1,0.0,3,High Value Customers
CUST102739,1772.0,1,1772.0,4.0,0.0,5.67,155,2606.88,1,0.0,0,Potential Customers
CUST102740,1146.63,1,1146.63,5.0,0.0,5.99,306,1578.67,1,0.0,0,Potential Customers
CUST102741,1177.49,1,1177.49,2.0,0.0,5.99,48,1726.22,1,0.0,0,Potential Customers
CUST102742,0.0,0,0.0,6.0,0.0,6.25,400,0.0,1,0.0,2,At-Risk Customers
CUST102743,4908.7,2,2454.35,2.0,0.0,0.84,235,6957.57,1,0.0,3,High Value Customers
CUST102744,2987.84,2,1493.92,5.0,0.0,7.64,27,4438.44,1,0.0,0,Potential Customers
CUST102745,3596.39,1,3596.39,3.0,0.0,2.07,334,4603.88,1,0.0,0,Potential Customers
CUST102746,3512.97,2,1756.485,3.0,0.0,8.88,279,4608.93,1,0.0,0,Potential Customers
CUST102747,2288.29,1,2288.29,1.0,0.0,1.56,174,3007.69,1,0.0,0,Potential Customers
CUST102748,0.0,0,0.0,4.0,0.0,12.27,400,0.0,1,1.0,2,At-Risk Customers
CUST102749,1089.57,3,363.19,0.0,0.0,0.88,153,1885.26,1,0.0,0,Potential Customers
CUST102750,747.85,1,747.85,3.0,0.0,5.08,134,1091.25,1,0.0,0,Potential Customers
CUST102751,5811.01,2,2905.505,1.0,0.0,3.14,248,7764.36,1,0.0,3,High Value Customers
CUST102752,1238.32,1,1238.32,2.0,0.0,5.61,222,1996.07,1,0.0,0,Potential Customers
CUST102753,4674.63,2,2337.315,1.0,0.0,13.57,199,6613.34,1,0.0,3,High Value Customers
CUST102754,1604.32,1,1604.32,3.0,0.0,4.79,51,2522.23,1,1.0,0,Potential Customers
CUST102755,0.0,0,0.0,1.0,0.0,7.83,400,11.92,1,0.0,2,At-Risk Customers
CUST102756,0.0,0,0.0,4.0,0.0,11.87,400,93.72,1,0.0,2,At-Risk Customers
CUST102757,0.0,0,0.0,3.0,0.0,2.63,400,0.0,1,0.0,2,At-Risk Customers
CUST102758,5385.89,3,1795.2966666666669,3.0,0.0,5.22,26,6686.98,1,0.0,3,High Value Customers
CUST102759,2311.67,2,1155.835,5.0,0.0,10.57,259,3711.0,1,0.0,0,Potential Customers
CUST102760,1410.22,1,1410.22,2.0,0.0,5.19,272,1885.9,1,0.0,0,Potential Customers
CUST102761,5244.27,2,2622.135,1.0,0.0,2.69,40,6611.23,1,0.0,3,High Value Customers
CUST102762,0.0,0,0.0,1.0,0.0,5.82,400,0.0,1,0.0,2,At-Risk Customers
CUST102763,8057.7,3,2685.9,1.0,0.0,4.39,125,10410.35,1,0.0,3,High Value Customers
CUST102764,2485.74,2,1242.87,0.0,0.0,5.79,357,3557.68,1,1.0,0,Potential Customers
CUST102765,2712.2,2,1356.1,1.0,0.0,2.8,8,3973.1,1,0.0,0,Potential Customers
CUST102766,280.92,1,280.92,1.0,0.0,4.8,53,749.1,1,0.0,0,Potential Customers
CUST102767,413.83,1,413.83,1.0,0.0,4.02,100,699.33,1,0.0,0,Potential Customers
CUST102768,3926.4,2,1963.2,5.0,0.0,2.87,15,5247.61,1,1.0,0,Potential Customers
CUST102769,0.0,0,0.0,2.0,0.0,10.14,400,0.0,1,0.0,2,At-Risk Customers
CUST102770,982.13,1,982.13,1.0,0.0,2.83,188,1340.91,1,0.0,0,Potential Customers
CUST102771,0.0,0,0.0,1.0,0.0,2.39,400,0.0,1,0.0,2,At-Risk Customers
CUST102772,5334.03,2,2667.015,0.0,0.0,1.77,259,7257.95,1,0.0,3,High Value Customers
CUST102773,6650.85,4,1662.7125,0.0,0.0,3.88,297,8697.94,1,0.0,3,High Value Customers
CUST102774,761.89,2,380.945,1.0,1.0,3.65,85,1750.31,1,1.0,0,Potential Customers
CUST102775,0.0,0,0.0,1.0,0.0,6.72,400,0.0,1,0.0,2,At-Risk Customers
CUST102776,3303.96,1,3303.96,1.0,0.0,4.02,203,4286.54,1,0.0,0,Potential Customers
CUST102777,3099.6,2,1549.8,3.0,0.0,1.25,254,4231.81,1,0.0,0,Potential Customers
CUST102778,0.0,0,0.0,3.0,0.0,1.11,400,0.0,1,0.0,2,At-Risk Customers
CUST102779,259.84,1,259.84,2.0,0.0,5.58,342,484.38,1,1.0,2,At-Risk Customers
CUST102780,5912.92,3,1970.9733333333334,3.0,0.0,8.37,274,7269.04,1,0.0,3,High Value Customers
CUST102781,1962.43,1,1962.43,2.0,0.0,7.9,84,2650.79,1,1.0,0,Potential Customers
CUST102782,589.11,2,294.555,0.0,0.0,2.85,213,1248.75,1,1.0,0,Potential Customers
CUST102783,0.0,0,0.0,3.0,0.0,4.44,400,133.5,1,0.0,2,At-Risk Customers
CUST102784,4998.23,4,1249.5575,2.0,0.0,0.84,105,7461.81,1,0.0,3,High Value Customers
CUST102785,0.0,0,0.0,2.0,0.0,12.59,400,105.1,1,0.0,2,At-Risk Customers
CUST102786,0.0,0,0.0,2.0,1.0,9.11,400,0.0,1,0.0,2,At-Risk Customers
CUST102787,1928.95,3,642.9833333333333,4.0,0.0,7.64,223,3380.04,1,0.0,0,Potential Customers
CUST102788,2527.91,1,2527.91,1.0,0.0,2.16,68,3054.63,1,0.0,0,Potential Customers
CUST102789,0.0,0,0.0,5.0,0.0,3.14,400,0.0,1,0.0,2,At-Risk Customers
CUST102790,4296.79,3,1432.2633333333333,1.0,0.0,3.55,33,5675.22,1,0.0,3,High Value Customers
CUST102791,4298.8,2,2149.4,1.0,2.0,13.33,172,5715.56,1,0.0,1,Loyal Customers
CUST102792,8158.8,3,2719.6,1.0,0.0,8.17,317,10624.18,1,0.0,3,High Value Customers
CUST102793,0.0,0,0.0,2.0,0.0,3.56,400,173.09,1,0.0,2,At-Risk Customers
CUST102794,3369.35,2,1684.675,3.0,0.0,6.11,308,4661.07,1,0.0,0,Potential Customers
CUST102795,2371.49,2,1185.745,3.0,0.0,2.14,13,3146.29,1,1.0,0,Potential Customers
CUST102796,0.0,0,0.0,0.0,0.0,1.54,400,28.94,1,0.0,2,At-Risk Customers
CUST102797,6114.99,2,3057.495,2.0,2.0,3.86,60,8865.92,1,0.0,1,Loyal Customers
CUST102798,1029.38,1,1029.38,0.0,0.0,1.83,257,1485.81,1,0.0,0,Potential Customers
CUST102799,3086.81,3,1028.9366666666667,0.0,0.0,1.24,245,4474.63,1,0.0,0,Potential Customers
CUST102800,0.0,0,0.0,1.0,0.0,4.15,400,51.3,1,0.0,2,At-Risk Customers
CUST102801,3087.38,1,3087.38,3.0,0.0,3.37,112,3453.8,1,0.0,0,Potential Customers
CUST102802,308.58,1,308.58,1.0,0.0,2.0,125,557.89,1,0.0,0,Potential Customers
CUST102803,3232.56,1,3232.56,3.0,0.0,3.06,260,3482.86,1,0.0,0,Potential Customers
CUST102804,2445.85,2,1222.925,2.0,0.0,5.29,59,3693.73,1,1.0,0,Potential Customers
CUST102805,6110.18,2,3055.09,0.0,0.0,3.46,309,8018.25,1,1.0,3,High Value Customers
CUST102806,333.0,1,333.0,3.0,0.0,4.47,330,510.84,1,0.0,2,At-Risk Customers
CUST102807,0.0,0,0.0,2.0,0.0,3.6,400,0.0,1,0.0,2,At-Risk Customers
CUST102808,4815.8,3,1605.2666666666667,6.0,0.0,13.61,167,6674.62,1,0.0,3,High Value Customers
CUST102809,2954.46,2,1477.23,2.0,0.0,10.28,228,4236.42,1,1.0,0,Potential Customers
CUST102810,0.0,0,0.0,1.0,0.0,4.4,400,0.0,1,0.0,2,At-Risk Customers
CUST102811,2356.97,1,2356.97,2.0,0.0,2.29,74,2915.6,1,0.0,0,Potential Customers
CUST102812,4028.81,1,4028.81,2.0,0.0,2.74,281,4952.51,1,0.0,0,Potential Customers
CUST102813,0.0,0,0.0,2.0,1.0,1.64,400,0.0,1,1.0,2,At-Risk Customers
CUST102814,2674.12,1,2674.12,3.0,0.0,2.32,215,3084.54,1,0.0,0,Potential Customers
CUST102815,6169.87,3,2056.6233333333334,1.0,0.0,6.47,234,9380.88,1,0.0,3,High Value Customers
CUST102816,1078.77,1,1078.77,2.0,0.0,2.68,201,1592.67,1,0.0,0,Potential Customers
CUST102817,2151.99,1,2151.99,4.0,0.0,3.59,80,2674.55,1,0.0,0,Potential Customers
CUST102818,2009.86,1,2009.86,3.0,0.0,9.27,129,2877.11,1,0.0,0,Potential Customers
CUST102819,0.0,0,0.0,2.0,0.0,5.97,400,252.65,1,0.0,2,At-Risk Customers
CUST102820,960.43,1,960.43,5.0,0.0,4.26,36,1313.83,1,0.0,0,Potential Customers
CUST102821,0.0,0,0.0,2.0,0.0,3.74,400,0.0,1,0.0,2,At-Risk Customers
CUST102822,1360.3,1,1360.3,1.0,1.0,3.53,36,1972.31,1,0.0,0,Potential Customers
CUST102823,1498.79,1,1498.79,4.0,0.0,7.78,234,2272.93,1,0.0,0,Potential Customers
CUST102824,2079.48,1,2079.48,3.0,0.0,5.0,355,2176.43,1,0.0,0,Potential Customers
CUST102825,2073.16,1,2073.16,3.0,0.0,3.39,125,2674.26,1,0.0,0,Potential Customers
CUST102826,4787.09,2,2393.545,2.0,0.0,1.66,207,6025.13,1,0.0,3,High Value Customers
CUST102827,0.0,0,0.0,2.0,0.0,5.69,400,80.52,1,0.0,2,At-Risk Customers
CUST102828,3286.45,2,1643.225,2.0,0.0,5.15,41,4366.55,1,0.0,0,Potential Customers
CUST102829,694.57,1,694.57,1.0,0.0,1.34,116,1591.29,1,0.0,0,Potential Customers
CUST102830,5610.22,3,1870.0733333333335,1.0,0.0,3.64,193,8175.45,1,1.0,3,High Value Customers
CUST102831,9065.58,3,3021.86,1.0,0.0,5.13,18,10370.3,1,1.0,3,High Value Customers
CUST102832,3583.55,2,1791.775,2.0,0.0,3.38,341,4677.55,1,0.0,0,Potential Customers
CUST102833,1698.77,1,1698.77,5.0,0.0,14.44,226,2623.24,1,0.0,0,Potential Customers
CUST102834,1650.6,1,1650.6,2.0,0.0,11.81,283,1949.01,1,1.0,0,Potential Customers
CUST102835,11589.14840000001,5,2317.8296800000016,0.0,0.0,1.68,333,18411.73,1,0.0,3,High Value Customers
CUST102836,1416.11,2,708.055,3.0,0.0,3.41,170,2130.46,1,0.0,0,Potential Customers
CUST102837,0.0,0,0.0,3.0,0.0,7.99,400,0.0,1,0.0,2,At-Risk Customers
CUST102838,1128.74,1,1128.74,2.0,0.0,3.83,121,1697.5,1,0.0,0,Potential Customers
CUST102839,1491.64,1,1491.64,5.0,0.0,6.79,223,2260.84,1,0.0,0,Potential Customers
CUST102840,7351.73,3,2450.5766666666664,7.0,0.0,2.58,131,8211.16,1,0.0,3,High Value Customers
CUST102841,2833.84,3,944.6133333333333,0.0,0.0,1.35,39,4526.6,1,0.0,0,Potential Customers
CUST102842,1248.82,1,1248.82,2.0,0.0,6.59,178,2046.31,1,0.0,0,Potential Customers
CUST102843,0.0,0,0.0,2.0,0.0,3.21,400,20.06,1,0.0,2,At-Risk Customers
CUST102844,0.0,0,0.0,9.0,1.0,23.312000000000044,400,65.0,1,1.0,2,At-Risk Customers
CUST102845,0.0,0,0.0,1.0,0.0,7.83,400,108.92,1,0.0,2,At-Risk Customers
CUST102846,1726.03,1,1726.03,1.0,0.0,1.93,248,2668.62,1,0.0,0,Potential Customers
CUST102847,4852.08,2,2426.04,2.0,0.0,6.5,150,6889.31,1,0.0,3,High Value Customers
CUST102848,3952.25,2,1976.125,2.0,0.0,3.86,210,4913.39,1,1.0,0,Potential Customers
CUST102849,4539.37,4,1134.8425,2.0,0.0,5.86,25,6696.28,1,0.0,3,High Value Customers
CUST102850,0.0,0,0.0,1.0,0.0,2.44,400,112.41,1,0.0,2,At-Risk Customers
CUST102851,736.03,1,736.03,3.0,0.0,5.05,286,1391.75,1,0.0,2,At-Risk Customers
CUST102852,0.0,0,0.0,3.0,0.0,8.51,400,0.0,1,0.0,2,At-Risk Customers
CUST102853,0.0,0,0.0,1.0,0.0,7.21,400,0.0,1,0.0,2,At-Risk Customers
CUST102854,3473.03,1,3473.03,6.0,0.0,8.72,265,4770.13,1,0.0,0,Potential Customers
CUST102855,1842.95,1,1842.95,8.0,2.0,23.312000000000044,209,2463.64,1,1.0,1,Loyal Customers
CUST102856,2320.53,1,2320.53,2.0,0.0,2.92,143,3635.39,1,0.0,0,Potential Customers
CUST102857,5448.64,3,1816.2133333333334,3.0,0.0,14.35,83,6484.63,1,0.0,3,High Value Customers
CUST102858,6201.25,2,3100.625,2.0,0.0,4.99,200,8913.36,1,0.0,3,High Value Customers
CUST102859,1960.13,1,1960.13,2.0,0.0,3.09,133,2567.87,1,0.0,0,Potential Customers
CUST102860,7481.02,4,1870.255,1.0,0.0,4.03,135,10241.45,1,0.0,3,High Value Customers
CUST102861,3273.18,1,3273.18,1.0,0.0,7.63,138,3862.46,1,0.0,0,Potential Customers
CUST102862,0.0,0,0.0,3.0,0.0,3.13,400,102.88,1,0.0,2,At-Risk Customers
CUST102863,5233.76,2,2616.88,2.0,0.0,1.03,222,6316.13,1,0.0,3,High Value Customers
CUST102864,2711.3,1,2711.3,4.0,0.0,7.3,304,3206.35,1,1.0,0,Potential Customers
CUST102865,2243.83,1,2243.83,3.0,0.0,4.76,296,2387.86,1,0.0,0,Potential Customers
CUST102866,0.0,0,0.0,1.0,0.0,2.82,400,0.0,1,0.0,2,At-Risk Customers
CUST102867,6005.96,3,2001.9866666666667,2.0,1.0,1.68,16,7759.87,1,1.0,3,High Value Customers
CUST102868,2212.44,4,553.11,1.0,0.0,5.39,204,3256.07,1,0.0,0,Potential Customers
CUST102869,0.0,0,0.0,3.0,0.0,10.01,400,58.74,1,0.0,2,At-Risk Customers
CUST102870,1835.37,1,1835.37,3.0,0.0,2.16,252,2364.67,1,0.0,0,Potential Customers
CUST102871,0.0,0,0.0,2.0,0.0,4.94,400,0.0,1,0.0,2,At-Risk Customers
CUST102872,1805.43,1,1805.43,5.0,0.0,19.09,364,2595.25,1,0.0,0,Potential Customers
CUST102873,541.66,2,270.83,2.0,0.0,7.88,249,1123.74,1,0.0,0,Potential Customers
CUST102874,0.0,0,0.0,0.0,0.0,4.07,400,0.0,1,0.0,2,At-Risk Customers
CUST102875,3797.81,2,1898.905,1.0,0.0,3.79,257,4926.43,1,0.0,0,Potential Customers
CUST102876,7211.95,2,3605.975,0.0,0.0,2.92,355,7872.89,1,0.0,3,High Value Customers
CUST102877,4505.28,3,1501.76,4.0,0.0,4.3,98,6975.11,1,0.0,3,High Value Customers
CUST102878,4362.79,2,2181.395,3.0,3.0,4.02,107,5857.34,1,0.0,1,Loyal Customers
CUST102879,1272.45,1,1272.45,1.0,0.0,3.39,142,1955.35,1,0.0,0,Potential Customers
CUST102880,1340.87,1,1340.87,1.0,0.0,3.77,212,1812.9,1,0.0,0,Potential Customers
CUST102881,821.85,1,821.85,1.0,0.0,1.33,235,1274.72,1,0.0,0,Potential Customers
CUST102882,3327.18,1,3327.18,4.0,0.0,3.71,128,4257.93,1,0.0,0,Potential Customers
CUST102883,0.0,0,0.0,11.0,0.0,23.312000000000044,400,83.49,1,0.0,2,At-Risk Customers
CUST102884,7509.7,3,2503.233333333333,1.0,2.0,1.58,235,9945.02,1,1.0,3,High Value Customers
CUST102885,350.31,1,350.31,1.0,0.0,12.22,341,452.85,1,0.0,2,At-Risk Customers
CUST102886,0.0,0,0.0,3.0,0.0,8.74,400,0.0,1,0.0,2,At-Risk Customers
CUST102887,0.0,0,0.0,4.0,0.0,6.61,400,0.0,1,0.0,2,At-Risk Customers
CUST102888,0.0,0,0.0,3.0,0.0,2.91,400,0.0,1,1.0,2,At-Risk Customers
CUST102889,2162.26,2,1081.13,1.0,0.0,8.07,2,2812.84,1,0.0,0,Potential Customers
CUST102890,483.5,1,483.5,4.0,0.0,15.39,245,926.32,1,0.0,2,At-Risk Customers
CUST102891,9168.15,3,3056.0499999999997,6.0,0.0,4.02,100,11309.32,1,0.0,3,High Value Customers
CUST102892,1249.25,1,1249.25,5.0,0.0,5.13,311,1590.34,1,0.0,0,Potential Customers
CUST102893,5452.08,2,2726.04,6.0,0.0,4.37,145,6960.02,1,0.0,3,High Value Customers
CUST102894,2742.61,2,1371.305,1.0,0.0,2.76,49,4358.26,1,0.0,0,Potential Customers
CUST102895,0.0,0,0.0,2.0,0.0,4.66,400,158.51,1,0.0,2,At-Risk Customers
CUST102896,1677.58,1,1677.58,1.0,0.0,6.35,96,2149.25,1,0.0,0,Potential Customers
CUST102897,3050.7,2,1525.35,3.0,0.0,4.47,334,4449.58,1,1.0,0,Potential Customers
CUST102898,325.42,1,325.42,5.0,0.0,4.12,346,649.99,1,0.0,2,At-Risk Customers
CUST102899,0.0,0,0.0,2.0,0.0,4.16,400,164.09,1,0.0,2,At-Risk Customers
CUST102900,6424.8,3,2141.6,4.0,0.0,15.73,280,8188.27,1,0.0,3,High Value Customers
CUST102901,0.0,0,0.0,1.0,0.0,4.93,400,0.0,1,0.0,2,At-Risk Customers
CUST102902,1535.64,1,1535.64,2.0,0.0,5.06,151,2047.69,1,0.0,0,Potential Customers
CUST102903,4015.25,2,2007.625,3.0,0.0,0.81,322,5660.92,1,0.0,0,Potential Customers
CUST102904,0.0,0,0.0,2.0,0.0,8.57,400,118.73,1,0.0,2,At-Risk Customers
CUST102905,2001.04,1,2001.04,3.0,0.0,6.58,179,2814.52,1,0.0,0,Potential Customers
CUST102906,0.0,0,0.0,2.0,0.0,6.36,400,51.78,1,0.0,2,At-Risk Customers
CUST102907,0.0,0,0.0,10.0,3.0,6.67,400,35.93,1,1.0,1,Loyal Customers
CUST102908,2644.48,2,1322.24,0.0,0.0,2.24,253,3966.34,1,0.0,0,Potential Customers
CUST102909,383.69,1,383.69,3.0,0.0,3.56,253,724.59,1,0.0,2,At-Risk Customers
CUST102910,3340.71,2,1670.355,4.0,0.0,14.97,281,4317.97,1,0.0,0,Potential Customers
CUST102911,3993.55,2,1996.775,2.0,0.0,1.63,232,5427.65,1,0.0,0,Potential Customers
CUST102912,2633.18,1,2633.18,0.0,0.0,1.71,284,3679.57,1,0.0,0,Potential Customers
CUST102913,5670.62,2,2835.31,2.0,0.0,1.56,361,7063.99,1,0.0,3,High Value Customers
CUST102914,4893.4,2,2446.7,3.0,0.0,3.83,19,5634.47,1,0.0,3,High Value Customers
CUST102915,1757.86,1,1757.86,2.0,0.0,13.31,18,2292.07,1,1.0,0,Potential Customers
CUST102916,6923.43,4,1730.8575,2.0,0.0,5.29,237,9990.19,1,0.0,3,High Value Customers
CUST102917,2585.97,1,2585.97,4.0,0.0,9.33,179,3410.81,1,0.0,0,Potential Customers
CUST102918,10483.75,3,3494.5833333333335,1.0,0.0,1.08,63,13497.01,1,0.0,3,High Value Customers
CUST102919,0.0,0,0.0,0.0,0.0,2.42,400,0.0,1,0.0,2,At-Risk Customers
CUST102920,0.0,0,0.0,1.0,0.0,2.7,400,0.0,1,0.0,2,At-Risk Customers
CUST102921,5438.8,2,2719.4,4.0,2.0,13.37,121,7860.15,1,1.0,1,Loyal Customers
CUST102922,2742.84,1,2742.84,4.0,0.0,4.82,62,3218.85,1,0.0,0,Potential Customers
CUST102923,6624.57,2,3312.285,2.0,0.0,4.21,276,7600.63,1,0.0,3,High Value Customers
CUST102924,0.0,0,0.0,2.0,0.0,5.0,400,0.0,1,0.0,2,At-Risk Customers
CUST102925,2636.77,2,1318.385,3.0,0.0,3.69,232,3668.73,1,0.0,0,Potential Customers
CUST102926,2505.57,1,2505.57,7.0,0.0,17.55,359,2948.33,1,1.0,0,Potential Customers
CUST102927,0.0,0,0.0,3.0,0.0,17.06,400,0.0,1,0.0,2,At-Risk Customers
CUST102928,5964.19,2,2982.095,1.0,0.0,9.55,255,7274.55,1,0.0,3,High Value Customers
CUST102929,2186.51,1,2186.51,3.0,0.0,8.83,62,2957.92,1,0.0,0,Potential Customers
CUST102930,997.31,1,997.31,6.0,0.0,3.05,301,1435.17,1,0.0,0,Potential Customers
CUST102931,2316.36,1,2316.36,2.0,0.0,6.05,229,3292.26,1,0.0,0,Potential Customers
CUST102932,1550.07,1,1550.07,0.0,0.0,1.07,220,2151.09,1,0.0,0,Potential Customers
CUST102933,0.0,0,0.0,1.0,0.0,3.23,400,0.0,1,0.0,2,At-Risk Customers
CUST102934,3336.9,1,3336.9,0.0,0.0,1.47,52,4667.78,1,0.0,0,Potential Customers
CUST102935,3378.47,2,1689.235,6.0,0.0,6.19,120,4329.89,1,0.0,0,Potential Customers
CUST102936,3214.88,2,1607.44,2.0,0.0,4.06,361,4398.27,1,0.0,0,Potential Customers
CUST102937,0.0,0,0.0,2.0,0.0,7.46,400,188.07,1,0.0,2,At-Risk Customers
CUST102938,2641.0,1,2641.0,2.0,0.0,6.9,83,3459.86,1,1.0,0,Potential Customers
CUST102939,0.0,0,0.0,1.0,0.0,9.59,400,68.08,1,0.0,2,At-Risk Customers
CUST102940,647.69,1,647.69,1.0,3.0,2.55,210,1257.73,1,0.0,1,Loyal Customers
CUST102941,6625.67,2,3312.835,0.0,0.0,1.24,318,9138.08,1,0.0,3,High Value Customers
CUST102942,0.0,0,0.0,5.0,0.0,4.02,400,0.0,1,0.0,2,At-Risk Customers
CUST102943,1047.63,2,523.815,2.0,2.0,2.98,32,1588.86,1,0.0,1,Loyal Customers
CUST102944,0.0,0,0.0,2.0,0.0,4.23,400,133.52,1,0.0,2,At-Risk Customers
CUST102945,6533.01,2,3266.505,1.0,0.0,9.24,201,9272.78,1,0.0,3,High Value Customers
CUST102946,3061.84,1,3061.84,2.0,0.0,3.55,239,4252.21,1,0.0,0,Potential Customers
CUST102947,3429.38,1,3429.38,2.0,1.0,1.96,314,4194.67,1,0.0,0,Potential Customers
CUST102948,1562.08,1,1562.08,5.0,0.0,19.2,360,2307.36,1,0.0,0,Potential Customers
CUST102949,3874.7,2,1937.35,1.0,1.0,2.97,254,4990.51,1,0.0,0,Potential Customers
CUST102950,1530.1,5,306.02,5.0,0.0,15.92,105,2998.5,1,1.0,0,Potential Customers
CUST102951,0.0,0,0.0,0.0,0.0,5.66,400,104.83,1,0.0,2,At-Risk Customers
CUST102952,0.0,0,0.0,2.0,0.0,8.86,400,9.0,1,0.0,2,At-Risk Customers
CUST102953,6484.02,2,3242.01,2.0,0.0,8.74,234,9049.2,1,0.0,3,High Value Customers
CUST102954,0.0,0,0.0,6.0,0.0,3.29,400,0.0,1,0.0,2,At-Risk Customers
CUST102955,2443.23,1,2443.23,3.0,0.0,6.68,207,3344.99,1,0.0,0,Potential Customers
CUST102956,3054.16,2,1527.08,6.0,0.0,17.47,225,4388.91,1,0.0,0,Potential Customers
CUST102957,1332.01,1,1332.01,4.0,0.0,11.06,19,1853.94,1,0.0,0,Potential Customers
CUST102958,1679.28,1,1679.28,4.0,0.0,23.312000000000044,53,2213.8,1,0.0,0,Potential Customers
CUST102959,0.0,0,0.0,1.0,0.0,7.12,400,0.0,1,0.0,2,At-Risk Customers
CUST102960,0.0,0,0.0,4.0,0.0,4.1,400,49.63,1,1.0,2,At-Risk Customers
CUST102961,2270.1,2,1135.05,1.0,0.0,2.42,176,3134.21,1,0.0,0,Potential Customers
CUST102962,2000.66,1,2000.66,6.0,0.0,13.44,14,2736.15,1,0.0,0,Potential Customers
CUST102963,0.0,0,0.0,1.0,0.0,2.96,400,0.0,1,1.0,2,At-Risk Customers
CUST102964,1214.34,1,1214.34,2.0,0.0,3.13,310,1692.28,1,1.0,0,Potential Customers
CUST102965,11589.14840000001,7,1655.59262857143,2.0,0.0,4.46,257,16989.99,1,0.0,3,High Value Customers
CUST102966,2802.78,2,1401.39,2.0,0.0,1.58,179,3962.56,1,0.0,0,Potential Customers
CUST102967,1278.75,1,1278.75,1.0,0.0,3.39,18,1758.94,1,0.0,0,Potential Customers
CUST102968,2526.26,2,1263.13,0.0,0.0,2.6,270,3475.84,1,0.0,0,Potential Customers
CUST102969,1188.21,1,1188.21,1.0,0.0,1.61,16,1929.09,1,0.0,0,Potential Customers
CUST102970,1966.77,1,1966.77,3.0,0.0,1.83,326,2610.61,1,0.0,0,Potential Customers
CUST102971,0.0,0,0.0,2.0,0.0,4.3,400,0.0,1,0.0,2,At-Risk Customers
CUST102972,0.0,0,0.0,3.0,0.0,8.97,400,88.53,1,1.0,2,At-Risk Customers
CUST102973,2578.77,1,2578.77,2.0,0.0,4.11,87,3567.59,1,0.0,0,Potential Customers
CUST102974,1971.67,1,1971.67,3.0,0.0,2.03,229,2414.81,1,0.0,0,Potential Customers
CUST102975,1070.01,1,1070.01,3.0,0.0,2.76,21,1469.76,1,0.0,0,Potential Customers
CUST102976,2159.83,1,2159.83,2.0,0.0,5.56,90,2707.38,1,0.0,0,Potential Customers
CUST102977,0.0,0,0.0,4.0,0.0,9.76,400,78.73,1,0.0,2,At-Risk Customers
CUST102978,0.0,0,0.0,3.0,0.0,8.56,400,102.38,1,0.0,2,At-Risk Customers
CUST102979,9951.65,3,3317.2166666666667,0.0,2.0,5.18,80,11527.72,1,0.0,3,High Value Customers
CUST102980,3015.72,1,3015.72,5.0,0.0,12.64,281,3740.53,1,0.0,0,Potential Customers
CUST102981,5757.56,2,2878.78,0.0,0.0,3.02,97,6903.84,1,0.0,3,High Value Customers
CUST102982,1559.04,1,1559.04,2.0,0.0,1.92,296,2159.85,1,0.0,0,Potential Customers
CUST102983,3726.21,1,3726.21,2.0,0.0,3.58,11,4888.74,1,0.0,0,Potential Customers
CUST102984,0.0,0,0.0,6.0,0.0,10.59,400,108.54,1,0.0,2,At-Risk Customers
CUST102985,0.0,0,0.0,8.0,0.0,7.15,400,4.61,1,0.0,2,At-Risk Customers
CUST102986,2044.49,2,1022.245,2.0,0.0,9.4,295,3132.44,1,0.0,0,Potential Customers
CUST102987,0.0,0,0.0,2.0,0.0,4.12,400,0.0,1,0.0,2,At-Risk Customers
CUST102988,10513.31,4,2628.3275,1.0,0.0,4.85,314,14800.74,1,0.0,3,High Value Customers
CUST102989,0.0,0,0.0,1.0,0.0,3.78,400,0.0,1,0.0,2,At-Risk Customers
CUST102990,1125.08,1,1125.08,3.0,1.0,2.4,177,1529.12,1,1.0,0,Potential Customers
CUST102991,268.84,1,268.84,2.0,0.0,4.51,88,397.1,1,0.0,0,Potential Customers
CUST102992,0.0,0,0.0,0.0,0.0,3.77,400,0.0,1,0.0,2,At-Risk Customers
CUST102993,2165.5,1,2165.5,1.0,0.0,3.14,10,2669.69,1,0.0,0,Potential Customers
CUST102994,0.0,0,0.0,1.0,0.0,6.73,400,66.77,1,0.0,2,At-Risk Customers
CUST102995,3006.01,2,1503.005,3.0,0.0,4.82,332,4899.2,1,0.0,0,Potential Customers
CUST102996,1748.14,1,1748.14,2.0,0.0,11.35,68,2252.78,1,0.0,0,Potential Customers
CUST102997,5391.75,2,2695.875,1.0,0.0,2.4,183,7188.54,1,0.0,3,High Value Customers
CUST102998,0.0,0,0.0,1.0,0.0,3.31,400,235.71,1,0.0,2,At-Risk Customers
CUST102999,0.0,0,0.0,2.0,0.0,1.28,400,24.11,1,0.0,2,At-Risk Customers
CUST103000,2248.19,1,2248.19,1.0,0.0,2.2,200,2612.22,1,0.0,0,Potential Customers
CUST103001,0.0,0,0.0,2.0,1.0,6.84,400,0.0,1,1.0,2,At-Risk Customers
CUST103002,5644.89,2,2822.445,2.0,0.0,7.79,111,6643.39,1,1.0,3,High Value Customers
CUST103003,0.0,0,0.0,6.0,0.0,7.16,400,0.0,1,0.0,2,At-Risk Customers
CUST103004,2438.91,2,1219.455,2.0,0.0,10.93,84,3324.51,1,0.0,0,Potential Customers
CUST103005,0.0,0,0.0,5.0,0.0,6.45,400,0.0,1,0.0,2,At-Risk Customers
CUST103006,944.77,1,944.77,3.0,0.0,4.61,345,1729.68,1,0.0,2,At-Risk Customers
CUST103007,5456.16,4,1364.04,2.0,0.0,7.05,111,6953.33,1,1.0,3,High Value Customers
CUST103008,2597.48,1,2597.48,2.0,0.0,2.6,78,3067.93,1,0.0,0,Potential Customers
CUST103009,2340.76,1,2340.76,4.0,0.0,1.4,124,2994.13,1,0.0,0,Potential Customers
CUST103010,0.0,0,0.0,3.0,0.0,3.37,400,30.5,1,0.0,2,At-Risk Customers
CUST103011,0.0,0,0.0,3.0,1.0,3.66,400,0.0,1,0.0,2,At-Risk Customers
CUST103012,0.0,0,0.0,2.0,0.0,4.02,400,175.05,1,0.0,2,At-Risk Customers
CUST103013,2824.43,2,1412.215,0.0,0.0,2.54,193,3926.73,1,0.0,0,Potential Customers
CUST103014,2550.39,1,2550.39,1.0,0.0,2.91,41,3526.38,1,1.0,0,Potential Customers
CUST103015,3085.34,2,1542.67,3.0,0.0,7.71,158,4255.47,1,0.0,0,Potential Customers
CUST103016,3138.53,1,3138.53,0.0,0.0,4.02,330,3684.43,1,0.0,0,Potential Customers
CUST103017,990.63,2,495.315,3.0,0.0,4.15,258,1855.34,1,0.0,0,Potential Customers
CUST103018,0.0,0,0.0,3.0,0.0,2.88,400,0.0,1,0.0,2,At-Risk Customers
CUST103019,4163.47,2,2081.735,3.0,0.0,1.37,45,5503.33,1,0.0,0,Potential Customers
CUST103020,2892.2,2,1446.1,3.0,0.0,3.35,7,4159.0,1,0.0,0,Potential Customers
CUST103021,1248.02,1,1248.02,1.0,0.0,2.38,313,1821.6,1,1.0,0,Potential Customers
CUST103022,1679.54,2,839.77,1.0,0.0,3.32,65,2274.07,1,0.0,0,Potential Customers
CUST103023,2550.57,2,1275.285,2.0,0.0,4.72,269,3795.91,1,0.0,0,Potential Customers
CUST103024,5645.58,3,1881.86,1.0,3.0,0.97,218,7964.99,1,1.0,1,Loyal Customers
CUST103025,2699.91,1,2699.91,5.0,3.0,9.18,306,3783.29,1,1.0,1,Loyal Customers
CUST103026,6262.31,3,2087.436666666667,5.0,0.0,23.312000000000044,286,9042.91,1,0.0,3,High Value Customers
CUST103027,8470.14,3,2823.3799999999997,0.0,0.0,2.3,266,11975.34,1,0.0,3,High Value Customers
CUST103028,590.27,1,590.27,0.0,0.0,2.95,84,822.75,1,0.0,0,Potential Customers
CUST103029,3960.73,2,1980.365,2.0,0.0,2.51,346,5433.84,1,0.0,0,Potential Customers
CUST103030,2445.05,1,2445.05,0.0,0.0,2.09,180,3137.13,1,0.0,0,Potential Customers
CUST103031,5251.6,2,2625.8,4.0,0.0,17.98,334,6241.62,1,0.0,3,High Value Customers
CUST103032,616.59,2,308.295,4.0,0.0,3.59,294,1139.9,1,0.0,0,Potential Customers
CUST103033,3212.53,2,1606.265,2.0,0.0,7.25,85,4535.2,1,1.0,0,Potential Customers
CUST103034,3468.57,3,1156.19,6.0,0.0,10.16,139,5041.36,1,0.0,0,Potential Customers
CUST103035,1822.67,1,1822.67,5.0,0.0,9.27,19,2571.7,1,0.0,0,Potential Customers
CUST103036,4520.89,3,1506.9633333333334,3.0,0.0,9.77,7,6831.66,1,1.0,3,High Value Customers
CUST103037,2721.6,2,1360.8,2.0,0.0,1.77,207,3847.58,1,0.0,0,Potential Customers
CUST103038,1506.29,1,1506.29,3.0,0.0,8.45,21,2112.46,1,0.0,0,Potential Customers
CUST103039,0.0,0,0.0,1.0,0.0,3.4,400,277.91,1,0.0,2,At-Risk Customers
CUST103040,1526.1,1,1526.1,5.0,0.0,14.08,123,2229.22,1,1.0,0,Potential Customers
CUST103041,1778.5,1,1778.5,1.0,0.0,2.4,130,2086.71,1,0.0,0,Potential Customers
CUST103042,1754.25,1,1754.25,1.0,0.0,1.93,252,2443.44,1,0.0,0,Potential Customers
CUST103043,0.0,0,0.0,4.0,0.0,4.29,400,111.53,1,0.0,2,At-Risk Customers
CUST103044,4481.84,2,2240.92,3.0,0.0,6.73,46,5809.49,1,0.0,0,Potential Customers
CUST103045,0.0,0,0.0,1.0,0.0,1.22,400,119.29,1,0.0,2,At-Risk Customers
CUST103046,6004.85,2,3002.425,1.0,0.0,3.22,96,7684.76,1,0.0,3,High Value Customers
CUST103047,925.56,2,462.78,1.0,0.0,1.98,227,1661.13,1,0.0,0,Potential Customers
CUST103048,2127.03,1,2127.03,2.0,0.0,8.16,155,2796.56,1,0.0,0,Potential Customers
CUST103049,4139.48,1,4139.48,0.0,0.0,2.88,50,5360.53,1,0.0,0,Potential Customers
CUST103050,0.0,0,0.0,3.0,0.0,9.4,400,0.0,1,0.0,2,At-Risk Customers
CUST103051,1747.14,1,1747.14,3.0,0.0,2.59,237,2747.55,1,0.0,0,Potential Customers
CUST103052,0.0,0,0.0,2.0,0.0,5.29,400,376.99,1,0.0,2,At-Risk Customers
CUST103053,1662.46,2,831.23,1.0,0.0,1.63,213,2703.36,1,0.0,0,Potential Customers
CUST103054,1233.63,2,616.815,5.0,0.0,3.96,58,1884.69,1,0.0,0,Potential Customers
CUST103055,3696.51,2,1848.255,1.0,0.0,1.98,198,5450.95,1,0.0,0,Potential Customers
CUST103056,2889.64,2,1444.82,8.0,1.0,12.45,48,4434.69,1,1.0,0,Potential Customers
CUST103057,0.0,0,0.0,4.0,0.0,9.06,400,0.0,1,0.0,2,At-Risk Customers
CUST103058,0.0,0,0.0,1.0,0.0,4.97,400,162.55,1,0.0,2,At-Risk Customers
CUST103059,4245.89,2,2122.945,4.0,0.0,4.02,223,6071.68,1,0.0,0,Potential Customers
CUST103060,1087.73,1,1087.73,5.0,0.0,3.01,320,1325.48,1,0.0,2,At-Risk Customers
CUST103061,340.0,1,340.0,2.0,0.0,6.56,73,768.7,1,0.0,0,Potential Customers
CUST103062,1132.43,1,1132.43,1.0,0.0,4.04,277,1499.08,1,0.0,0,Potential Customers
CUST103063,3419.78,1,3419.78,4.0,0.0,6.13,115,4621.32,1,0.0,0,Potential Customers
CUST103064,2385.25,1,2385.25,1.0,0.0,4.66,139,2606.84,1,0.0,0,Potential Customers
CUST103065,2945.26,2,1472.63,0.0,0.0,4.11,25,4668.13,1,0.0,0,Potential Customers
CUST103066,2027.64,1,2027.64,2.0,0.0,1.2,274,2695.48,1,0.0,0,Potential Customers
CUST103067,1889.9,1,1889.9,2.0,0.0,2.72,322,2769.53,1,0.0,0,Potential Customers
CUST103068,0.0,0,0.0,4.0,0.0,15.22,400,178.45,1,0.0,2,At-Risk Customers
CUST103069,0.0,0,0.0,1.0,0.0,3.94,400,0.0,1,0.0,2,At-Risk Customers
CUST103070,2825.41,1,2825.41,1.0,0.0,2.59,5,3471.15,1,0.0,0,Potential Customers
CUST103071,0.0,0,0.0,0.0,0.0,4.43,400,0.0,1,0.0,2,At-Risk Customers
CUST103072,4306.48,2,2153.24,0.0,0.0,1.47,201,5455.05,1,0.0,0,Potential Customers
CUST103073,1501.63,1,1501.63,3.0,0.0,3.07,126,1722.38,1,0.0,0,Potential Customers
CUST103074,2626.2,1,2626.2,5.0,0.0,4.88,191,3789.28,1,1.0,0,Potential Customers
CUST103075,5537.68,2,2768.84,4.0,0.0,6.05,229,7878.76,1,0.0,3,High Value Customers
CUST103076,2464.21,2,1232.105,3.0,0.0,5.46,289,3529.83,1,0.0,0,Potential Customers
CUST103077,0.0,0,0.0,3.0,0.0,12.36,400,0.0,1,0.0,2,At-Risk Customers
CUST103078,3009.14,1,3009.14,1.0,0.0,4.02,2,3967.54,1,0.0,0,Potential Customers
CUST103079,2200.06,1,2200.06,2.0,0.0,1.5,305,2784.98,1,0.0,0,Potential Customers
CUST103080,5767.31,2,2883.655,2.0,0.0,3.33,64,6986.18,1,0.0,3,High Value Customers
CUST103081,828.72,2,414.36,1.0,0.0,2.88,278,1990.94,1,0.0,0,Potential Customers
CUST103082,2275.26,1,2275.26,1.0,0.0,4.88,8,3195.95,1,0.0,0,Potential Customers
CUST103083,0.0,0,0.0,1.0,0.0,3.5,400,0.0,1,0.0,2,At-Risk Customers
CUST103084,9951.66,4,2487.915,2.0,0.0,4.73,117,11665.84,1,0.0,3,High Value Customers
CUST103085,299.94,1,299.94,1.0,0.0,4.6,316,613.63,1,0.0,2,At-Risk Customers
CUST103086,332.95,1,332.95,1.0,0.0,7.95,339,935.97,1,0.0,2,At-Risk Customers
CUST103087,1169.5,4,292.375,2.0,0.0,4.24,103,2339.4,1,1.0,0,Potential Customers
CUST103088,4226.3,2,2113.15,1.0,0.0,4.94,239,5006.34,1,0.0,0,Potential Customers
CUST103089,1048.69,1,1048.69,3.0,0.0,14.88,124,1605.37,1,0.0,0,Potential Customers
CUST103090,0.0,0,0.0,0.0,0.0,1.36,400,251.02,1,1.0,2,At-Risk Customers
CUST103091,3544.28,2,1772.14,1.0,0.0,4.86,232,4485.24,1,1.0,0,Potential Customers
CUST103092,1601.66,1,1601.66,3.0,0.0,3.94,162,2202.6,1,0.0,0,Potential Customers
CUST103093,2099.99,1,2099.99,0.0,0.0,4.42,69,2659.74,1,0.0,0,Potential Customers
CUST103094,1652.43,1,1652.43,4.0,0.0,6.42,221,2325.64,1,1.0,0,Potential Customers
CUST103095,5286.52,4,1321.63,1.0,0.0,2.38,20,6901.15,1,0.0,3,High Value Customers
CUST103096,1547.3,1,1547.3,2.0,0.0,2.87,32,2117.86,1,0.0,0,Potential Customers
CUST103097,3203.38,1,3203.38,4.0,0.0,7.14,144,4530.23,1,0.0,0,Potential Customers
CUST103098,3937.0,1,3937.0,1.0,0.0,3.83,180,5037.11,1,0.0,0,Potential Customers
CUST103099,2091.65,1,2091.65,1.0,0.0,4.02,48,2630.2,1,0.0,0,Potential Customers
CUST103100,1733.16,1,1733.16,1.0,0.0,7.41,241,2454.68,1,0.0,0,Potential Customers
CUST103101,2704.36,2,1352.18,1.0,0.0,6.65,195,4089.29,1,0.0,0,Potential Customers
CUST103102,5382.68,3,1794.2266666666667,2.0,0.0,4.77,101,7337.95,1,0.0,3,High Value Customers
CUST103103,2276.65,1,2276.65,0.0,0.0,5.68,314,3229.87,1,0.0,0,Potential Customers
CUST103104,11589.14840000001,6,1931.5247333333348,4.0,0.0,6.32,147,15877.84,1,0.0,3,High Value Customers
CUST103105,2787.63,1,2787.63,5.0,0.0,3.99,104,3637.46,1,0.0,0,Potential Customers
CUST103106,3037.71,3,1012.57,4.0,3.0,5.28,243,4990.63,1,1.0,1,Loyal Customers
CUST103107,4861.92,3,1620.64,0.0,0.0,1.85,351,6239.96,1,1.0,3,High Value Customers
CUST103108,1725.3,1,1725.3,1.0,0.0,3.68,119,2110.87,1,0.0,0,Potential Customers
CUST103109,4946.98,2,2473.49,6.0,0.0,8.35,153,6050.32,1,0.0,3,High Value Customers
CUST103110,1183.28,1,1183.28,2.0,0.0,19.79,127,1562.44,1,0.0,0,Potential Customers
CUST103111,2516.45,1,2516.45,3.0,0.0,4.63,195,3421.56,1,0.0,0,Potential Customers
CUST103112,2117.81,2,1058.905,1.0,0.0,2.26,325,2883.32,1,0.0,0,Potential Customers
CUST103113,2295.53,4,573.8825,2.0,0.0,3.31,55,3911.19,1,0.0,0,Potential Customers
CUST103114,1085.04,1,1085.04,1.0,0.0,1.54,271,1635.87,1,0.0,0,Potential Customers
CUST103115,1202.31,1,1202.31,2.0,0.0,6.8,14,1804.3,1,0.0,0,Potential Customers
CUST103116,2280.22,1,2280.22,1.0,0.0,4.39,216,3011.73,1,0.0,0,Potential Customers
CUST103117,934.32,1,934.32,1.0,0.0,2.18,243,1270.84,1,0.0,0,Potential Customers
CUST103118,6890.74,4,1722.685,2.0,0.0,3.72,333,9409.91,1,0.0,3,High Value Customers
CUST103119,0.0,0,0.0,2.0,0.0,6.96,400,145.47,1,0.0,2,At-Risk Customers
CUST103120,3314.98,1,3314.98,1.0,0.0,4.4,244,4377.0,1,0.0,0,Potential Customers
CUST103121,3311.31,1,3311.31,1.0,0.0,2.62,111,4249.0,1,0.0,0,Potential Customers
CUST103122,0.0,0,0.0,1.0,0.0,8.7,400,0.0,1,0.0,2,At-Risk Customers
CUST103123,0.0,0,0.0,2.0,0.0,5.4,400,0.0,1,0.0,2,At-Risk Customers
CUST103124,1188.76,1,1188.76,3.0,3.0,2.49,24,1473.94,1,1.0,1,Loyal Customers
CUST103125,2805.76,6,467.6266666666667,4.0,0.0,4.33,265,4366.82,1,0.0,3,High Value Customers
CUST103126,0.0,0,0.0,0.0,0.0,0.97,400,83.06,1,0.0,2,At-Risk Customers
CUST103127,1318.02,2,659.01,2.0,0.0,5.1,136,2285.66,1,0.0,0,Potential Customers
CUST103128,9494.93,3,3164.976666666667,3.0,0.0,23.312000000000044,228,11640.27,1,0.0,3,High Value Customers
CUST103129,4397.75,2,2198.875,2.0,2.0,9.12,11,5522.85,1,0.0,1,Loyal Customers
CUST103130,9461.08,3,3153.693333333333,1.0,0.0,3.77,73,12589.63,1,1.0,3,High Value Customers
CUST103131,5637.11,3,1879.0366666666666,2.0,0.0,5.05,187,7415.41,1,1.0,3,High Value Customers
CUST103132,0.0,0,0.0,2.0,0.0,6.2,400,0.0,1,0.0,2,At-Risk Customers
CUST103133,3170.32,1,3170.32,3.0,0.0,6.49,317,4435.96,1,0.0,0,Potential Customers
CUST103134,4645.81,3,1548.6033333333335,3.0,0.0,3.9,76,6704.54,1,0.0,3,High Value Customers
CUST103135,1545.72,1,1545.72,1.0,0.0,0.92,107,2345.72,1,0.0,0,Potential Customers
CUST103136,0.0,0,0.0,1.0,0.0,3.31,400,11.26,1,0.0,2,At-Risk Customers
CUST103137,0.0,0,0.0,2.0,0.0,2.78,400,0.0,1,0.0,2,At-Risk Customers
CUST103138,0.0,0,0.0,1.0,0.0,3.94,400,0.0,1,0.0,2,At-Risk Customers
CUST103139,0.0,0,0.0,1.0,1.0,2.5,400,202.87,1,0.0,2,At-Risk Customers
CUST103140,0.0,0,0.0,3.0,0.0,6.47,400,0.0,1,0.0,2,At-Risk Customers
CUST103141,1234.71,2,617.355,4.0,0.0,17.48,123,1940.09,1,0.0,0,Potential Customers
CUST103142,4591.55,2,2295.775,2.0,0.0,8.37,303,6273.65,1,0.0,3,High Value Customers
CUST103143,538.59,1,538.59,4.0,0.0,4.03,178,829.45,1,0.0,0,Potential Customers
CUST103144,2770.09,1,2770.09,5.0,0.0,12.2,269,3905.56,1,0.0,0,Potential Customers
CUST103145,0.0,0,0.0,5.0,0.0,8.18,400,0.0,1,0.0,2,At-Risk Customers
CUST103146,1676.57,1,1676.57,4.0,0.0,7.04,221,2091.05,1,0.0,0,Potential Customers
CUST103147,2007.01,1,2007.01,1.0,0.0,2.83,292,2831.57,1,0.0,0,Potential Customers
CUST103148,1158.81,1,1158.81,2.0,0.0,3.81,124,1767.61,1,0.0,0,Potential Customers
CUST103149,7492.0,2,3746.0,3.0,1.0,6.36,169,8780.96,1,1.0,3,High Value Customers
CUST103150,2353.55,1,2353.55,8.0,0.0,19.1,16,3054.27,1,0.0,0,Potential Customers
CUST103151,1802.43,1,1802.43,3.0,0.0,11.55,221,2436.0,1,0.0,0,Potential Customers
CUST103152,0.0,0,0.0,2.0,2.0,6.39,400,0.0,1,0.0,1,Loyal Customers
CUST103153,1382.6,1,1382.6,0.0,0.0,4.72,147,1782.87,1,0.0,0,Potential Customers
CUST103154,3236.39,1,3236.39,3.0,0.0,7.2,66,4134.02,1,1.0,0,Potential Customers
CUST103155,3128.39,1,3128.39,3.0,0.0,6.14,144,3778.58,1,0.0,0,Potential Customers
CUST103156,2873.65,2,1436.825,3.0,0.0,12.34,273,4377.51,1,0.0,0,Potential Customers
CUST103157,0.0,0,0.0,1.0,0.0,1.96,400,0.0,1,0.0,2,At-Risk Customers
CUST103158,4429.9,2,2214.95,5.0,0.0,4.33,23,6279.88,1,0.0,0,Potential Customers
CUST103159,10640.86,3,3546.9533333333334,3.0,0.0,7.18,89,13547.95,1,0.0,3,High Value Customers
CUST103160,0.0,0,0.0,4.0,0.0,11.46,400,0.0,1,0.0,2,At-Risk Customers
CUST103161,1761.43,1,1761.43,2.0,0.0,16.58,82,2265.3,1,1.0,0,Potential Customers
CUST103162,5263.27,2,2631.635,1.0,3.0,1.52,8,7681.5,1,0.0,1,Loyal Customers
CUST103163,5171.19,2,2585.595,2.0,0.0,2.56,244,7284.82,1,1.0,3,High Value Customers
CUST103164,5988.98,3,1996.3266666666666,2.0,0.0,4.03,15,7902.45,1,0.0,3,High Value Customers
CUST103165,1197.89,1,1197.89,2.0,0.0,1.78,152,1665.85,1,0.0,0,Potential Customers
CUST103166,0.0,0,0.0,5.0,3.0,13.58,400,162.17,1,0.0,1,Loyal Customers
CUST103167,6595.1,2,3297.55,0.0,0.0,4.62,76,7434.63,1,1.0,3,High Value Customers
CUST103168,7833.31,3,2611.1033333333335,2.0,0.0,9.63,170,9814.27,1,0.0,3,High Value Customers
CUST103169,9881.5,3,3293.8333333333335,4.0,0.0,3.74,294,13618.63,1,1.0,3,High Value Customers
CUST103170,409.66,1,409.66,3.0,0.0,5.64,225,739.31,1,0.0,2,At-Risk Customers
CUST103171,1958.12,1,1958.12,0.0,0.0,1.63,160,2918.23,1,0.0,0,Potential Customers
CUST103172,2525.89,1,2525.89,2.0,0.0,2.02,280,3161.7,1,0.0,0,Potential Customers
CUST103173,0.0,0,0.0,4.0,1.0,2.04,400,0.0,1,0.0,2,At-Risk Customers
CUST103174,1361.09,1,1361.09,3.0,0.0,1.28,105,1751.28,1,0.0,0,Potential Customers
CUST103175,0.0,0,0.0,8.0,0.0,8.69,400,186.92,1,0.0,2,At-Risk Customers
CUST103176,0.0,0,0.0,2.0,0.0,4.19,400,62.24,1,0.0,2,At-Risk Customers
CUST103177,3743.12,2,1871.56,2.0,0.0,8.88,151,4451.19,1,0.0,0,Potential Customers
CUST103178,0.0,0,0.0,3.0,0.0,3.9,400,0.0,1,0.0,2,At-Risk Customers
CUST103179,3907.6,1,3907.6,3.0,0.0,9.31,240,5003.85,1,0.0,0,Potential Customers
CUST103180,1147.4,1,1147.4,5.0,0.0,8.25,110,1320.29,1,0.0,0,Potential Customers
CUST103181,8557.9,3,2852.633333333333,2.0,0.0,3.89,14,9894.29,1,1.0,3,High Value Customers
CUST103182,1544.23,1,1544.23,4.0,0.0,4.86,9,2096.0,1,0.0,0,Potential Customers
CUST103183,1772.88,1,1772.88,1.0,0.0,5.42,201,2729.31,1,0.0,0,Potential Customers
CUST103184,1027.6,1,1027.6,2.0,0.0,9.24,189,1725.13,1,0.0,0,Potential Customers
CUST103185,4464.27,2,2232.135,2.0,0.0,4.14,54,6152.0,1,0.0,0,Potential Customers
CUST103186,0.0,0,0.0,2.0,0.0,5.43,400,211.55,1,0.0,2,At-Risk Customers
CUST103187,828.39,3,276.13,7.0,0.0,1.51,104,1695.69,1,0.0,0,Potential Customers
CUST103188,2988.21,1,2988.21,2.0,0.0,2.28,238,4076.47,1,0.0,0,Potential Customers
CUST103189,3691.74,3,1230.58,0.0,0.0,2.53,336,5249.39,1,0.0,0,Potential Customers
CUST103190,5699.27,2,2849.635,2.0,0.0,6.07,74,6435.14,1,0.0,3,High Value Customers
CUST103191,1439.46,1,1439.46,3.0,0.0,2.58,185,1716.23,1,0.0,0,Potential Customers
CUST103192,0.0,0,0.0,3.0,0.0,4.58,400,45.85,1,0.0,2,At-Risk Customers
CUST103193,2221.37,2,1110.685,1.0,0.0,3.77,118,3267.67,1,0.0,0,Potential Customers
CUST103194,10200.48,5,2040.096,1.0,0.0,4.24,181,13557.97,1,0.0,3,High Value Customers
CUST103195,0.0,0,0.0,3.0,0.0,7.76,400,0.0,1,0.0,2,At-Risk Customers
CUST103196,3945.3,2,1972.65,3.0,0.0,4.74,293,5001.41,1,0.0,0,Potential Customers
CUST103197,0.0,0,0.0,2.0,0.0,3.55,400,69.93,1,0.0,2,At-Risk Customers
CUST103198,2545.2,2,1272.6,1.0,0.0,5.61,183,3426.14,1,0.0,0,Potential Customers
CUST103199,1932.97,1,1932.97,3.0,0.0,13.1,59,2744.23,1,0.0,0,Potential Customers
CUST103200,1260.87,1,1260.87,1.0,0.0,4.39,202,1778.12,1,0.0,0,Potential Customers
CUST103201,0.0,0,0.0,1.0,0.0,1.72,400,0.0,1,0.0,2,At-Risk Customers
CUST103202,0.0,0,0.0,4.0,0.0,1.61,400,0.0,1,0.0,2,At-Risk Customers
CUST103203,0.0,0,0.0,2.0,0.0,3.33,400,0.0,1,0.0,2,At-Risk Customers
CUST103204,4929.11,5,985.8219999999999,2.0,0.0,1.83,333,8446.42,1,1.0,3,High Value Customers
CUST103205,0.0,0,0.0,3.0,0.0,0.76,400,61.66,1,0.0,2,At-Risk Customers
CUST103206,1774.59,1,1774.59,1.0,0.0,3.3,116,2531.75,1,0.0,0,Potential Customers
CUST103207,2575.07,1,2575.07,3.0,0.0,5.29,231,3236.0,1,0.0,0,Potential Customers
CUST103208,3812.5,2,1906.25,2.0,0.0,10.68,240,5162.79,1,0.0,0,Potential Customers
CUST103209,7536.75,3,2512.25,1.0,0.0,4.01,119,10373.64,1,0.0,3,High Value Customers
CUST103210,0.0,0,0.0,1.0,0.0,5.04,400,162.85,1,0.0,2,At-Risk Customers
CUST103211,1150.85,1,1150.85,3.0,0.0,5.82,66,1771.05,1,0.0,0,Potential Customers
CUST103212,0.0,0,0.0,3.0,0.0,4.3,400,0.0,1,0.0,2,At-Risk Customers
CUST103213,1184.8,1,1184.8,3.0,0.0,2.54,155,1496.0,1,0.0,0,Potential Customers
CUST103214,3420.99,4,855.2475,4.0,0.0,18.54,284,5452.3,1,0.0,3,High Value Customers
CUST103215,0.0,0,0.0,0.0,0.0,2.03,400,0.0,1,0.0,2,At-Risk Customers
CUST103216,2566.41,1,2566.41,1.0,0.0,5.43,302,3400.94,1,1.0,0,Potential Customers
CUST103217,4612.29,2,2306.145,2.0,0.0,2.35,235,5919.42,1,0.0,3,High Value Customers
CUST103218,7468.18,3,2489.3933333333334,7.0,0.0,4.39,217,11090.68,1,0.0,3,High Value Customers
CUST103219,2421.44,2,1210.72,1.0,0.0,5.4,71,3353.26,1,0.0,0,Potential Customers
CUST103220,1838.15,3,612.7166666666667,4.0,0.0,3.52,72,2957.6,1,0.0,0,Potential Customers
CUST103221,1403.38,1,1403.38,2.0,0.0,1.73,265,1923.79,1,0.0,0,Potential Customers
CUST103222,2142.8,1,2142.8,3.0,0.0,3.18,252,3038.39,1,1.0,0,Potential Customers
CUST103223,4102.64,3,1367.5466666666669,1.0,0.0,8.91,56,6134.25,1,0.0,3,High Value Customers
CUST103224,2004.29,1,2004.29,1.0,0.0,1.42,129,2528.81,1,0.0,0,Potential Customers
CUST103225,0.0,0,0.0,5.0,0.0,12.7,400,0.0,1,0.0,2,At-Risk Customers
CUST103226,2680.28,2,1340.14,1.0,0.0,4.33,212,4029.2,1,0.0,0,Potential Customers
CUST103227,9787.8,3,3262.6,3.0,0.0,6.69,120,14063.93,1,0.0,3,High Value Customers
CUST103228,2958.32,3,986.1066666666667,1.0,0.0,1.94,321,4037.57,1,0.0,0,Potential Customers
CUST103229,0.0,0,0.0,1.0,0.0,3.65,400,0.0,1,0.0,2,At-Risk Customers
CUST103230,2407.2,2,1203.6,1.0,0.0,2.54,336,3626.66,1,0.0,0,Potential Customers
CUST103231,5715.81,2,2857.905,4.0,0.0,4.99,177,7407.11,1,0.0,3,High Value Customers
CUST103232,1961.0,2,980.5,0.0,0.0,1.89,75,3240.18,1,0.0,0,Potential Customers
CUST103233,1069.03,1,1069.03,0.0,0.0,2.63,281,1538.23,1,0.0,0,Potential Customers
CUST103234,6840.9,2,3420.45,6.0,2.0,17.24,239,8300.76,1,1.0,1,Loyal Customers
CUST103235,0.0,0,0.0,3.0,0.0,6.38,400,43.0,1,0.0,2,At-Risk Customers
CUST103236,2970.65,1,2970.65,3.0,0.0,5.29,305,3816.0,1,1.0,0,Potential Customers
CUST103237,0.0,0,0.0,1.0,0.0,5.23,400,140.14,1,0.0,2,At-Risk Customers
CUST103238,0.0,0,0.0,1.0,0.0,11.26,400,0.0,1,0.0,2,At-Risk Customers
CUST103239,0.0,0,0.0,1.0,0.0,3.71,400,43.96,1,0.0,2,At-Risk Customers
CUST103240,1886.61,1,1886.61,1.0,0.0,7.81,92,2220.66,1,0.0,0,Potential Customers
CUST103241,2799.16,1,2799.16,2.0,0.0,0.78,56,3836.56,1,0.0,0,Potential Customers
CUST103242,8416.81,3,2805.603333333333,1.0,0.0,3.73,174,11873.39,1,0.0,3,High Value Customers
CUST103243,0.0,0,0.0,3.0,0.0,3.27,400,0.0,1,0.0,2,At-Risk Customers
CUST103244,0.0,0,0.0,0.0,0.0,2.81,400,0.0,1,0.0,2,At-Risk Customers
CUST103245,6195.26,3,2065.0866666666666,1.0,0.0,6.8,179,8687.5,1,1.0,3,High Value Customers
CUST103246,1215.17,2,607.585,2.0,0.0,3.69,137,2134.46,1,0.0,0,Potential Customers
CUST103247,1138.31,1,1138.31,1.0,0.0,3.62,63,1691.02,1,0.0,0,Potential Customers
CUST103248,2298.29,1,2298.29,2.0,0.0,2.34,346,3130.82,1,0.0,0,Potential Customers
CUST103249,2381.73,2,1190.865,2.0,0.0,3.08,34,3774.76,1,0.0,0,Potential Customers
CUST103250,0.0,0,0.0,3.0,0.0,1.0,400,154.8,1,0.0,2,At-Risk Customers
CUST103251,4365.43,1,4365.43,3.0,0.0,3.25,147,4995.51,1,0.0,0,Potential Customers
CUST103252,2750.81,4,687.7025,1.0,0.0,1.51,8,4880.73,1,0.0,0,Potential Customers
CUST103253,2315.47,1,2315.47,1.0,0.0,11.96,71,3117.26,1,0.0,0,Potential Customers
CUST103254,0.0,0,0.0,5.0,0.0,6.78,400,101.3,1,0.0,2,At-Risk Customers
CUST103255,4217.44,2,2108.72,2.0,0.0,7.68,195,6329.42,1,0.0,0,Potential Customers
CUST103256,5926.52,2,2963.26,1.0,0.0,1.61,108,8042.49,1,0.0,3,High Value Customers
CUST103257,2513.92,1,2513.92,3.0,0.0,7.29,298,3036.63,1,0.0,0,Potential Customers
CUST103258,4437.79,2,2218.895,2.0,2.0,2.54,338,5062.55,1,0.0,1,Loyal Customers
CUST103259,0.0,0,0.0,3.0,0.0,4.92,400,123.05,1,0.0,2,At-Risk Customers
CUST103260,6112.7,3,2037.5666666666666,4.0,0.0,3.56,1,7831.93,1,1.0,3,High Value Customers
CUST103261,1268.51,1,1268.51,4.0,0.0,1.54,349,1893.2,1,0.0,0,Potential Customers
CUST103262,2297.49,2,1148.745,1.0,0.0,1.96,39,3535.44,1,1.0,0,Potential Customers
CUST103263,1963.17,1,1963.17,6.0,0.0,6.43,17,2371.98,1,0.0,0,Potential Customers
CUST103264,1839.49,1,1839.49,2.0,0.0,6.29,42,2804.6,1,0.0,0,Potential Customers
CUST103265,0.0,0,0.0,1.0,0.0,1.55,400,71.05,1,1.0,2,At-Risk Customers
CUST103266,3066.84,2,1533.42,5.0,0.0,8.99,78,3708.19,1,0.0,0,Potential Customers
CUST103267,1639.42,1,1639.42,6.0,2.0,3.1,33,2205.76,1,1.0,1,Loyal Customers
CUST103268,0.0,0,0.0,2.0,0.0,1.65,400,0.0,1,1.0,2,At-Risk Customers
CUST103269,0.0,0,0.0,0.0,0.0,2.76,400,51.24,1,0.0,2,At-Risk Customers
CUST103270,0.0,0,0.0,1.0,0.0,1.57,400,151.59,1,0.0,2,At-Risk Customers
CUST103271,2601.15,3,867.0500000000001,2.0,0.0,2.44,358,3286.39,1,0.0,0,Potential Customers
CUST103272,4210.89,2,2105.445,2.0,0.0,2.9,222,5300.32,1,0.0,0,Potential Customers
CUST103273,3451.05,2,1725.525,0.0,0.0,5.82,155,4738.2,1,0.0,0,Potential Customers
CUST103274,2214.97,1,2214.97,2.0,0.0,7.16,134,2577.7,1,0.0,0,Potential Customers
CUST103275,5300.91,2,2650.455,3.0,0.0,8.53,50,7544.84,1,0.0,3,High Value Customers
CUST103276,0.0,0,0.0,4.0,0.0,7.03,400,85.14,1,0.0,2,At-Risk Customers
CUST103277,0.0,0,0.0,1.0,0.0,1.07,400,222.68,1,0.0,2,At-Risk Customers
CUST103278,1914.86,1,1914.86,4.0,0.0,1.47,49,2000.9,1,0.0,0,Potential Customers
CUST103279,318.02,1,318.02,4.0,0.0,8.75,360,780.02,1,0.0,2,At-Risk Customers
CUST103280,3047.77,1,3047.77,2.0,0.0,2.93,157,4125.09,1,0.0,0,Potential Customers
CUST103281,0.0,0,0.0,0.0,0.0,3.68,400,25.82,1,0.0,2,At-Risk Customers
CUST103282,1909.44,2,954.72,0.0,0.0,6.31,9,2702.43,1,1.0,0,Potential Customers
CUST103283,2737.48,1,2737.48,0.0,0.0,10.01,285,3579.46,1,0.0,0,Potential Customers
CUST103284,1689.37,1,1689.37,2.0,0.0,5.64,15,2078.5,1,1.0,0,Potential Customers
CUST103285,3234.44,2,1617.22,1.0,0.0,2.22,75,4471.29,1,0.0,0,Potential Customers
CUST103286,2616.23,2,1308.115,1.0,0.0,1.73,223,3982.74,1,0.0,0,Potential Customers
CUST103287,1476.26,1,1476.26,1.0,0.0,1.92,103,2217.43,1,0.0,0,Potential Customers
CUST103288,2576.95,2,1288.475,2.0,0.0,9.56,43,3733.86,1,0.0,0,Potential Customers
CUST103289,0.0,0,0.0,2.0,3.0,7.41,400,0.0,1,0.0,1,Loyal Customers
CUST103290,5736.29,2,2868.145,2.0,0.0,4.19,143,7725.53,1,0.0,3,High Value Customers
CUST103291,1980.61,2,990.305,0.0,0.0,1.5,257,2862.4,1,0.0,0,Potential Customers
CUST103292,1814.76,1,1814.76,5.0,0.0,7.57,211,2582.62,1,0.0,0,Potential Customers
CUST103293,5545.16,2,2772.58,2.0,3.0,4.63,131,6420.54,1,1.0,1,Loyal Customers
CUST103294,1068.22,1,1068.22,1.0,0.0,2.37,243,1280.19,1,0.0,0,Potential Customers
CUST103295,0.0,0,0.0,3.0,0.0,3.9,400,60.32,1,0.0,2,At-Risk Customers
CUST103296,2123.44,1,2123.44,5.0,3.0,5.78,78,2573.69,1,0.0,1,Loyal Customers
CUST103297,3776.63,2,1888.315,1.0,0.0,2.97,215,4703.97,1,0.0,0,Potential Customers
CUST103298,665.58,1,665.58,0.0,0.0,1.96,122,750.02,1,0.0,0,Potential Customers
CUST103299,1159.49,1,1159.49,2.0,0.0,4.63,275,1902.11,1,1.0,0,Potential Customers
CUST103300,0.0,0,0.0,2.0,0.0,4.84,400,0.0,1,0.0,2,At-Risk Customers
CUST103301,2596.68,1,2596.68,0.0,0.0,1.08,232,3371.46,1,0.0,0,Potential Customers
CUST103302,2519.02,1,2519.02,2.0,0.0,3.86,220,3151.58,1,0.0,0,Potential Customers
CUST103303,0.0,0,0.0,1.0,0.0,2.25,400,0.0,1,0.0,2,At-Risk Customers
CUST103304,0.0,0,0.0,2.0,0.0,5.66,400,27.66,1,0.0,2,At-Risk Customers
CUST103305,3818.67,2,1909.335,0.0,0.0,1.23,33,4809.35,1,0.0,0,Potential Customers
CUST103306,1558.9,1,1558.9,2.0,0.0,1.66,334,2109.27,1,0.0,0,Potential Customers
CUST103307,0.0,0,0.0,1.0,0.0,0.79,400,3.93,1,0.0,2,At-Risk Customers
CUST103308,4093.41,3,1364.47,1.0,0.0,5.42,210,5927.4,1,0.0,3,High Value Customers
CUST103309,0.0,0,0.0,1.0,0.0,1.42,400,55.38,1,0.0,2,At-Risk Customers
CUST103310,2237.01,1,2237.01,2.0,0.0,1.6,176,2867.25,1,0.0,0,Potential Customers
CUST103311,537.87,1,537.87,3.0,0.0,3.8,109,938.73,1,0.0,0,Potential Customers
CUST103312,0.0,0,0.0,1.0,0.0,3.63,400,121.3,1,0.0,2,At-Risk Customers
CUST103313,5370.08,3,1790.0266666666666,1.0,0.0,6.33,243,7798.88,1,0.0,3,High Value Customers
CUST103314,810.17,1,810.17,1.0,0.0,6.8,24,907.62,1,0.0,0,Potential Customers
CUST103315,1084.91,1,1084.91,2.0,0.0,8.95,286,1562.7,1,0.0,0,Potential Customers
CUST103316,1701.91,1,1701.91,3.0,0.0,12.56,286,1806.93,1,0.0,0,Potential Customers
CUST103317,1214.88,1,1214.88,2.0,0.0,8.41,291,1622.6,1,0.0,0,Potential Customers
CUST103318,274.65,1,274.65,1.0,0.0,5.12,84,492.88,1,0.0,0,Potential Customers
CUST103319,0.0,0,0.0,3.0,0.0,4.72,400,0.0,1,0.0,2,At-Risk Customers
CUST103320,0.0,0,0.0,1.0,0.0,6.24,400,0.0,1,0.0,2,At-Risk Customers
CUST103321,3446.63,2,1723.315,2.0,0.0,0.99,16,4634.22,1,0.0,0,Potential Customers
CUST103322,3036.69,2,1518.345,1.0,2.0,3.64,172,4748.14,1,0.0,1,Loyal Customers
CUST103323,0.0,0,0.0,2.0,0.0,1.13,400,118.68,1,0.0,2,At-Risk Customers
CUST103324,3112.65,3,1037.55,1.0,0.0,2.42,65,4547.36,1,0.0,0,Potential Customers
CUST103325,4684.17,2,2342.085,1.0,0.0,1.44,160,5575.47,1,1.0,0,Potential Customers
CUST103326,9656.84,3,3218.9466666666667,3.0,0.0,5.32,343,12757.2,1,0.0,3,High Value Customers
CUST103327,5553.31,2,2776.655,2.0,0.0,6.18,24,7477.49,1,0.0,3,High Value Customers
CUST103328,7943.91,3,2647.97,3.0,0.0,9.5,217,10348.89,1,0.0,3,High Value Customers
CUST103329,0.0,0,0.0,2.0,0.0,2.06,400,0.0,1,1.0,2,At-Risk Customers
CUST103330,6419.34,3,2139.78,2.0,0.0,2.56,349,9122.8,1,0.0,3,High Value Customers
CUST103331,1960.14,2,980.07,3.0,0.0,8.65,270,3134.42,1,0.0,0,Potential Customers
CUST103332,0.0,0,0.0,1.0,0.0,2.83,400,0.0,1,0.0,2,At-Risk Customers
CUST103333,1425.95,1,1425.95,2.0,0.0,2.45,162,2053.6,1,0.0,0,Potential Customers
CUST103334,7278.5,3,2426.1666666666665,3.0,3.0,6.68,249,9607.62,1,1.0,1,Loyal Customers
CUST103335,0.0,0,0.0,4.0,0.0,5.83,400,33.11,1,1.0,2,At-Risk Customers
CUST103336,498.66,1,498.66,3.0,0.0,7.92,262,834.04,1,0.0,2,At-Risk Customers
CUST103337,0.0,0,0.0,1.0,0.0,5.68,400,212.61,1,0.0,2,At-Risk Customers
CUST103338,5696.96,3,1898.9866666666667,4.0,0.0,3.08,161,7034.14,1,0.0,3,High Value Customers
CUST103339,785.14,1,785.14,4.0,0.0,10.61,103,1278.81,1,0.0,0,Potential Customers
CUST103340,7554.09,4,1888.5225,4.0,0.0,7.53,339,9316.54,1,1.0,3,High Value Customers
CUST103341,1598.27,1,1598.27,3.0,0.0,4.01,216,2265.06,1,0.0,0,Potential Customers
CUST103342,721.66,1,721.66,2.0,0.0,7.54,234,1119.31,1,0.0,0,Potential Customers
CUST103343,2304.99,1,2304.99,0.0,0.0,4.02,362,3056.76,1,0.0,0,Potential Customers
CUST103344,5002.49,2,2501.245,0.0,0.0,2.12,275,7439.71,1,0.0,3,High Value Customers
CUST103345,7683.14,3,2561.0466666666666,2.0,0.0,4.38,297,9325.47,1,1.0,3,High Value Customers
CUST103346,0.0,0,0.0,7.0,0.0,15.62,400,54.94,1,0.0,2,At-Risk Customers
CUST103347,0.0,0,0.0,3.0,2.0,8.41,400,64.34,1,0.0,1,Loyal Customers
CUST103348,255.81,1,255.81,3.0,0.0,5.43,211,488.51,1,0.0,2,At-Risk Customers
CUST103349,0.0,0,0.0,0.0,0.0,4.02,400,0.0,1,0.0,2,At-Risk Customers
CUST103350,11243.87,5,2248.7740000000003,2.0,3.0,1.77,242,15977.43,1,1.0,3,High Value Customers
CUST103351,0.0,0,0.0,3.0,0.0,4.02,400,21.63,1,1.0,2,At-Risk Customers
CUST103352,875.62,2,437.81,1.0,0.0,2.65,58,1429.01,1,0.0,0,Potential Customers
CUST103353,4613.45,2,2306.725,1.0,0.0,4.11,251,6786.26,1,0.0,3,High Value Customers
CUST103354,1601.1,1,1601.1,2.0,0.0,4.51,192,2136.05,1,0.0,0,Potential Customers
CUST103355,5326.64,3,1775.5466666666669,1.0,0.0,1.5,11,6347.44,1,0.0,3,High Value Customers
CUST103356,0.0,0,0.0,0.0,0.0,2.26,400,280.1,1,0.0,2,At-Risk Customers
CUST103357,0.0,0,0.0,0.0,0.0,3.16,400,51.93,1,0.0,2,At-Risk Customers
CUST103358,2601.47,1,2601.47,6.0,0.0,5.5,130,3627.04,1,0.0,0,Potential Customers
CUST103359,0.0,0,0.0,2.0,0.0,5.65,400,315.67,1,0.0,2,At-Risk Customers
CUST103360,0.0,0,0.0,2.0,0.0,1.97,400,0.0,1,0.0,2,At-Risk Customers
CUST103361,2569.5,1,2569.5,1.0,0.0,1.72,338,3214.1,1,0.0,0,Potential Customers
CUST103362,3841.42,2,1920.71,1.0,0.0,2.09,154,5591.19,1,0.0,0,Potential Customers
CUST103363,0.0,0,0.0,2.0,0.0,7.08,400,31.26,1,0.0,2,At-Risk Customers
CUST103364,0.0,0,0.0,2.0,0.0,2.91,400,189.3,1,0.0,2,At-Risk Customers
CUST103365,4383.73,2,2191.865,2.0,0.0,4.37,282,6540.56,1,1.0,3,High Value Customers
CUST103366,0.0,0,0.0,3.0,0.0,5.43,400,0.0,1,0.0,2,At-Risk Customers
CUST103367,935.27,1,935.27,3.0,0.0,9.58,269,1323.54,1,0.0,0,Potential Customers
CUST103368,2388.45,1,2388.45,1.0,0.0,1.73,247,3095.78,1,0.0,0,Potential Customers
CUST103369,4069.55,3,1356.5166666666667,2.0,0.0,9.48,221,5174.49,1,0.0,0,Potential Customers
CUST103370,11589.14840000001,5,2317.8296800000016,1.0,0.0,6.08,88,17167.47,1,1.0,3,High Value Customers
CUST103371,0.0,0,0.0,1.0,0.0,13.03,400,134.82,1,0.0,2,At-Risk Customers
CUST103372,2336.04,1,2336.04,2.0,0.0,10.84,251,3074.47,1,0.0,0,Potential Customers
CUST103373,1592.83,1,1592.83,5.0,0.0,4.38,89,2350.61,1,0.0,0,Potential Customers
CUST103374,1986.84,1,1986.84,1.0,0.0,2.4,328,2569.7,1,0.0,0,Potential Customers
CUST103375,2517.82,1,2517.82,2.0,0.0,6.44,191,3074.76,1,0.0,0,Potential Customers
CUST103376,3026.48,2,1513.24,0.0,0.0,1.85,304,3966.44,1,0.0,0,Potential Customers
CUST103377,292.6,1,292.6,0.0,0.0,4.72,83,692.24,1,0.0,0,Potential Customers
CUST103378,3352.28,2,1676.14,0.0,0.0,2.41,344,4074.09,1,0.0,0,Potential Customers
CUST103379,1049.16,1,1049.16,0.0,0.0,3.43,348,1303.91,1,0.0,2,At-Risk Customers
CUST103380,1719.36,1,1719.36,2.0,0.0,0.88,237,2218.32,1,0.0,0,Potential Customers
CUST103381,804.03,1,804.03,5.0,3.0,3.82,213,1241.05,1,0.0,1,Loyal Customers
CUST103382,0.0,0,0.0,1.0,2.0,4.41,400,0.0,1,0.0,1,Loyal Customers
CUST103383,5620.71,2,2810.355,1.0,0.0,2.79,187,7010.23,1,0.0,3,High Value Customers
CUST103384,0.0,0,0.0,4.0,0.0,3.82,400,0.0,1,0.0,2,At-Risk Customers
CUST103385,852.11,1,852.11,2.0,0.0,1.9,125,1586.34,1,0.0,0,Potential Customers
CUST103386,7884.74,4,1971.185,1.0,0.0,7.0,337,10517.99,1,0.0,3,High Value Customers
CUST103387,931.89,1,931.89,3.0,0.0,4.13,160,1075.33,1,0.0,0,Potential Customers
CUST103388,577.61,2,288.805,3.0,0.0,19.43,350,1121.28,1,0.0,2,At-Risk Customers
CUST103389,769.29,1,769.29,1.0,0.0,4.98,68,1314.35,1,0.0,0,Potential Customers
CUST103390,0.0,0,0.0,2.0,0.0,5.3,400,146.92,1,0.0,2,At-Risk Customers
CUST103391,1632.28,1,1632.28,1.0,0.0,2.92,243,1891.62,1,0.0,0,Potential Customers
CUST103392,4150.94,2,2075.47,6.0,0.0,9.34,347,5861.05,1,1.0,0,Potential Customers
CUST103393,0.0,0,0.0,2.0,0.0,3.0,400,90.77,1,0.0,2,At-Risk Customers
CUST103394,1869.13,1,1869.13,5.0,0.0,13.6,122,2943.0,1,0.0,0,Potential Customers
CUST103395,0.0,0,0.0,5.0,0.0,13.33,400,0.0,1,0.0,2,At-Risk Customers
CUST103396,0.0,0,0.0,0.0,0.0,2.83,400,0.63,1,0.0,2,At-Risk Customers
CUST103397,1434.19,1,1434.19,1.0,0.0,3.34,299,2028.92,1,0.0,0,Potential Customers
CUST103398,4012.48,2,2006.24,1.0,0.0,2.44,171,5464.83,1,0.0,0,Potential Customers
CUST103399,2032.51,1,2032.51,2.0,0.0,1.59,208,2906.67,1,0.0,0,Potential Customers
CUST103400,0.0,0,0.0,2.0,0.0,4.98,400,0.0,1,0.0,2,At-Risk Customers
CUST103401,0.0,0,0.0,1.0,0.0,4.07,400,117.92,1,0.0,2,At-Risk Customers
CUST103402,0.0,0,0.0,3.0,0.0,6.44,400,0.0,1,0.0,2,At-Risk Customers
CUST103403,2632.88,2,1316.44,4.0,0.0,3.92,225,4023.94,1,0.0,0,Potential Customers
CUST103404,0.0,0,0.0,3.0,0.0,7.47,400,0.0,1,0.0,2,At-Risk Customers
CUST103405,6095.74,3,2031.9133333333332,4.0,0.0,3.92,238,8428.64,1,0.0,3,High Value Customers
CUST103406,2479.32,1,2479.32,3.0,0.0,3.54,119,3231.03,1,0.0,0,Potential Customers
CUST103407,3884.79,2,1942.395,3.0,0.0,4.31,338,5499.81,1,1.0,0,Potential Customers
CUST103408,0.0,0,0.0,1.0,0.0,6.9,400,275.4,1,0.0,2,At-Risk Customers
CUST103409,1784.74,2,892.37,2.0,0.0,4.02,37,2649.82,1,0.0,0,Potential Customers
CUST103410,2446.23,2,1223.115,4.0,0.0,7.66,134,3723.6,1,0.0,0,Potential Customers
CUST103411,2314.48,2,1157.24,3.0,0.0,2.42,163,3199.89,1,1.0,0,Potential Customers
CUST103412,7634.15,2,3817.075,7.0,0.0,3.25,115,8643.9,1,0.0,3,High Value Customers
CUST103413,1146.13,1,1146.13,0.0,0.0,1.1,216,1877.62,1,0.0,0,Potential Customers
CUST103414,4163.99,2,2081.995,2.0,0.0,3.19,217,5622.17,1,0.0,0,Potential Customers
CUST103415,0.0,0,0.0,3.0,0.0,1.85,400,11.0,1,0.0,2,At-Risk Customers
CUST103416,4133.53,2,2066.765,1.0,0.0,5.98,336,5734.21,1,0.0,0,Potential Customers
CUST103417,3938.01,2,1969.005,2.0,0.0,5.79,129,5648.53,1,0.0,0,Potential Customers
CUST103418,0.0,0,0.0,4.0,0.0,9.5,400,0.0,1,1.0,2,At-Risk Customers
CUST103419,2312.24,2,1156.12,8.0,2.0,12.98,204,3734.95,1,0.0,1,Loyal Customers
CUST103420,0.0,0,0.0,2.0,0.0,3.62,400,0.0,1,0.0,2,At-Risk Customers
CUST103421,0.0,0,0.0,2.0,0.0,2.42,400,38.47,1,0.0,2,At-Risk Customers
CUST103422,1116.2,1,1116.2,3.0,0.0,5.63,249,1637.68,1,0.0,0,Potential Customers
CUST103423,0.0,0,0.0,0.0,0.0,3.09,400,0.0,1,0.0,2,At-Risk Customers
CUST103424,6700.97,2,3350.485,0.0,0.0,2.66,129,9701.92,1,0.0,3,High Value Customers
CUST103425,2694.22,3,898.0733333333333,2.0,0.0,4.01,213,4379.28,1,0.0,0,Potential Customers
CUST103426,1259.39,1,1259.39,2.0,0.0,2.69,356,1741.61,1,0.0,2,At-Risk Customers
CUST103427,2214.55,1,2214.55,4.0,0.0,17.14,14,2802.86,1,0.0,0,Potential Customers
CUST103428,0.0,0,0.0,3.0,0.0,23.312000000000044,400,0.0,1,0.0,2,At-Risk Customers
CUST103429,0.0,0,0.0,2.0,0.0,3.97,400,0.0,1,0.0,2,At-Risk Customers
CUST103430,0.0,0,0.0,2.0,0.0,7.15,400,84.16,1,0.0,2,At-Risk Customers
CUST103431,0.0,0,0.0,7.0,0.0,18.78,400,0.0,1,0.0,2,At-Risk Customers
CUST103432,0.0,0,0.0,3.0,0.0,3.46,400,5.45,1,0.0,2,At-Risk Customers
CUST103433,0.0,0,0.0,3.0,0.0,1.09,400,0.0,1,0.0,2,At-Risk Customers
CUST103434,1611.22,1,1611.22,1.0,0.0,3.84,16,2099.57,1,0.0,0,Potential Customers
CUST103435,2554.53,1,2554.53,3.0,0.0,1.23,331,3762.57,1,0.0,0,Potential Customers
CUST103436,0.0,0,0.0,3.0,0.0,2.83,400,0.0,1,0.0,2,At-Risk Customers
CUST103437,4291.04,2,2145.52,2.0,0.0,11.57,255,5052.03,1,0.0,0,Potential Customers
CUST103438,11589.14840000001,5,2317.8296800000016,1.0,0.0,2.31,199,21589.99,1,0.0,3,High Value Customers
CUST103439,1096.12,1,1096.12,2.0,0.0,1.95,42,1380.01,1,0.0,0,Potential Customers
CUST103440,3163.05,1,3163.05,2.0,0.0,7.39,309,4055.18,1,0.0,0,Potential Customers
CUST103441,2479.83,2,1239.915,0.0,0.0,3.48,268,3552.56,1,0.0,0,Potential Customers
CUST103442,292.18,1,292.18,2.0,0.0,9.46,340,586.11,1,1.0,2,At-Risk Customers
CUST103443,4091.46,2,2045.73,1.0,0.0,3.34,160,5550.69,1,0.0,0,Potential Customers
CUST103444,0.0,0,0.0,1.0,2.0,6.37,400,44.22,1,0.0,1,Loyal Customers
CUST103445,767.7,2,383.85,2.0,0.0,1.38,88,1569.05,1,0.0,0,Potential Customers
CUST103446,0.0,0,0.0,2.0,0.0,2.11,400,0.0,1,0.0,2,At-Risk Customers
CUST103447,1564.54,1,1564.54,0.0,0.0,3.56,331,1887.29,1,0.0,0,Potential Customers
CUST103448,643.59,2,321.795,4.0,0.0,3.06,208,1404.58,1,0.0,0,Potential Customers
CUST103449,3706.11,1,3706.11,9.0,0.0,23.31,351,4784.86,1,1.0,0,Potential Customers
CUST103450,576.01,1,576.01,3.0,0.0,8.26,185,876.99,1,0.0,0,Potential Customers
CUST103451,0.0,0,0.0,3.0,2.0,8.11,400,62.51,1,0.0,1,Loyal Customers
CUST103452,3353.69,2,1676.845,3.0,0.0,3.6,229,4325.52,1,0.0,0,Potential Customers
CUST103453,1267.52,1,1267.52,3.0,0.0,1.53,356,1888.81,1,0.0,2,At-Risk Customers
CUST103454,1425.72,2,712.86,3.0,0.0,13.08,210,2560.52,1,1.0,0,Potential Customers
CUST103455,0.0,0,0.0,1.0,0.0,1.3,400,137.84,1,0.0,2,At-Risk Customers
CUST103456,3459.35,2,1729.675,0.0,0.0,2.76,337,5076.94,1,0.0,0,Potential Customers
CUST103457,7072.25,3,2357.4166666666665,2.0,0.0,6.06,116,8404.82,1,1.0,3,High Value Customers
CUST103458,4119.99,2,2059.995,7.0,0.0,23.312000000000044,213,5604.42,1,1.0,0,Potential Customers
CUST103459,4436.92,2,2218.46,3.0,0.0,13.71,110,5841.07,1,0.0,0,Potential Customers
CUST103460,294.57,1,294.57,3.0,0.0,6.27,316,644.54,1,0.0,2,At-Risk Customers
CUST103461,0.0,0,0.0,2.0,0.0,18.25,400,86.34,1,0.0,2,At-Risk Customers
CUST103462,5109.49,2,2554.745,2.0,0.0,2.87,234,7262.36,1,0.0,3,High Value Customers
CUST103463,278.86,1,278.86,3.0,0.0,5.56,214,550.72,1,0.0,2,At-Risk Customers
CUST103464,5092.11,2,2546.055,2.0,0.0,11.26,42,6381.8,1,1.0,3,High Value Customers
CUST103465,2390.46,2,1195.23,1.0,0.0,1.52,262,3489.17,1,0.0,0,Potential Customers
CUST103466,780.1,1,780.1,1.0,0.0,5.28,361,1481.44,1,0.0,2,At-Risk Customers
CUST103467,0.0,0,0.0,3.0,0.0,5.53,400,124.27,1,0.0,2,At-Risk Customers
CUST103468,2284.91,1,2284.91,1.0,0.0,5.41,316,3269.99,1,0.0,0,Potential Customers
CUST103469,1904.46,1,1904.46,1.0,0.0,1.95,161,2530.32,1,1.0,0,Potential Customers
CUST103470,1236.84,1,1236.84,4.0,0.0,5.5,155,1790.74,1,0.0,0,Potential Customers
CUST103471,5736.61,3,1912.2033333333331,1.0,0.0,4.98,341,7504.05,1,0.0,3,High Value Customers
CUST103472,0.0,0,0.0,3.0,0.0,2.76,400,0.0,1,1.0,2,At-Risk Customers
CUST103473,1047.69,2,523.845,5.0,0.0,7.0,299,1942.68,1,0.0,0,Potential Customers
CUST103474,2016.91,1,2016.91,3.0,0.0,23.312000000000044,329,2962.51,1,0.0,0,Potential Customers
CUST103475,2301.88,1,2301.88,0.0,0.0,2.48,113,2609.05,1,0.0,0,Potential Customers
CUST103476,1774.16,1,1774.16,0.0,0.0,5.74,35,2365.09,1,0.0,0,Potential Customers
CUST103477,6184.61,2,3092.305,3.0,2.0,10.66,92,8626.6,1,1.0,1,Loyal Customers
CUST103478,0.0,0,0.0,1.0,0.0,10.8,400,0.0,1,0.0,2,At-Risk Customers
CUST103479,0.0,0,0.0,1.0,0.0,3.64,400,0.0,1,0.0,2,At-Risk Customers
CUST103480,1480.49,1,1480.49,3.0,0.0,8.59,223,1886.86,1,0.0,0,Potential Customers
CUST103481,0.0,0,0.0,2.0,0.0,3.42,400,0.0,1,0.0,2,At-Risk Customers
CUST103482,645.01,2,322.505,3.0,1.0,7.19,312,1440.9,1,0.0,2,At-Risk Customers
CUST103483,9706.88,3,3235.6266666666666,1.0,0.0,2.42,155,12046.71,1,1.0,3,High Value Customers
CUST103484,0.0,0,0.0,1.0,0.0,1.4,400,0.0,1,0.0,2,At-Risk Customers
CUST103485,2242.71,1,2242.71,2.0,0.0,5.89,20,3152.05,1,0.0,0,Potential Customers
CUST103486,0.0,0,0.0,5.0,0.0,7.51,400,0.0,1,0.0,2,At-Risk Customers
CUST103487,4841.57,2,2420.785,3.0,0.0,6.65,70,6900.22,1,0.0,3,High Value Customers
CUST103488,509.27,1,509.27,3.0,0.0,2.29,212,816.6,1,0.0,0,Potential Customers
CUST103489,715.42,1,715.42,2.0,0.0,0.76,285,1124.72,1,0.0,2,At-Risk Customers
CUST103490,0.0,0,0.0,3.0,0.0,7.47,400,0.0,1,0.0,2,At-Risk Customers
CUST103491,1724.61,1,1724.61,6.0,0.0,11.26,235,2595.33,1,0.0,0,Potential Customers
CUST103492,2695.0,1,2695.0,0.0,0.0,1.08,46,3648.07,1,0.0,0,Potential Customers
CUST103493,2838.82,1,2838.82,2.0,0.0,3.27,136,3743.15,1,0.0,0,Potential Customers
CUST103494,5165.06,2,2582.53,3.0,0.0,2.11,37,6302.14,1,0.0,3,High Value Customers
CUST103495,1152.37,2,576.185,2.0,0.0,4.82,17,1620.47,1,0.0,0,Potential Customers
CUST103496,5443.61,2,2721.805,3.0,0.0,10.34,165,7860.78,1,1.0,3,High Value Customers
CUST103497,0.0,0,0.0,0.0,0.0,3.44,400,0.0,1,0.0,2,At-Risk Customers
CUST103498,3895.29,3,1298.43,2.0,0.0,2.85,270,5074.37,1,0.0,0,Potential Customers
CUST103499,6060.21,3,2020.07,3.0,0.0,5.33,67,7354.26,1,0.0,3,High Value Customers
CUST103500,0.0,0,0.0,0.0,0.0,0.92,400,0.0,1,0.0,2,At-Risk Customers
CUST103501,0.0,0,0.0,7.0,0.0,7.29,400,42.49,1,0.0,2,At-Risk Customers
CUST103502,1292.04,1,1292.04,3.0,0.0,8.5,232,1907.78,1,0.0,0,Potential Customers
CUST103503,0.0,0,0.0,2.0,0.0,4.07,400,47.18,1,0.0,2,At-Risk Customers
CUST103504,0.0,0,0.0,1.0,0.0,2.98,400,73.23,1,0.0,2,At-Risk Customers
CUST103505,4257.45,3,1419.1499999999999,2.0,0.0,3.33,293,5385.15,1,0.0,3,High Value Customers
CUST103506,3047.37,2,1523.685,1.0,3.0,3.34,273,4100.62,1,0.0,1,Loyal Customers
CUST103507,6145.53,2,3072.765,5.0,0.0,3.9,266,8354.76,1,0.0,3,High Value Customers
CUST103508,0.0,0,0.0,5.0,0.0,1.36,400,0.0,1,0.0,2,At-Risk Customers
CUST103509,0.0,0,0.0,1.0,0.0,5.42,400,141.72,1,0.0,2,At-Risk Customers
CUST103510,0.0,0,0.0,1.0,0.0,3.14,400,156.31,1,0.0,2,At-Risk Customers
CUST103511,818.16,1,818.16,2.0,0.0,4.11,70,1318.88,1,0.0,0,Potential Customers
CUST103512,0.0,0,0.0,4.0,0.0,2.71,400,178.92,1,0.0,2,At-Risk Customers
CUST103513,2597.85,1,2597.85,5.0,0.0,5.29,45,3140.93,1,0.0,0,Potential Customers
CUST103514,2184.35,1,2184.35,2.0,0.0,10.28,153,2736.49,1,1.0,0,Potential Customers
CUST103515,2921.56,2,1460.78,3.0,1.0,4.69,119,4584.77,1,0.0,0,Potential Customers
CUST103516,2411.47,2,1205.735,0.0,0.0,1.29,306,3457.78,1,0.0,0,Potential Customers
CUST103517,1841.41,1,1841.41,1.0,0.0,4.07,66,2556.49,1,1.0,0,Potential Customers
CUST103518,3353.63,2,1676.815,3.0,0.0,4.7,335,4305.63,1,0.0,0,Potential Customers
CUST103519,0.0,0,0.0,6.0,0.0,3.9,400,0.0,1,0.0,2,At-Risk Customers
CUST103520,687.2,2,343.6,1.0,0.0,2.37,122,1141.53,1,0.0,0,Potential Customers
CUST103521,8204.31,3,2734.77,0.0,0.0,3.93,260,9558.68,1,0.0,3,High Value Customers
CUST103522,950.64,1,950.64,3.0,0.0,7.31,114,1303.09,1,0.0,0,Potential Customers
CUST103523,0.0,0,0.0,5.0,0.0,3.3,400,0.0,1,0.0,2,At-Risk Customers
CUST103524,0.0,0,0.0,1.0,0.0,10.65,400,26.79,1,0.0,2,At-Risk Customers
CUST103525,2110.67,1,2110.67,3.0,0.0,2.57,175,2578.92,1,0.0,0,Potential Customers
CUST103526,0.0,0,0.0,2.0,0.0,1.97,400,76.29,1,0.0,2,At-Risk Customers
CUST103527,578.54,1,578.54,2.0,0.0,3.45,8,860.31,1,0.0,0,Potential Customers
CUST103528,11589.14840000001,5,2317.8296800000016,0.0,2.0,0.98,349,16400.75,1,0.0,3,High Value Customers
CUST103529,1073.57,2,536.785,1.0,0.0,4.03,317,2069.63,1,0.0,0,Potential Customers
CUST103530,0.0,0,0.0,1.0,0.0,3.21,400,0.0,1,0.0,2,At-Risk Customers
CUST103531,1742.2,1,1742.2,1.0,0.0,6.56,150,2553.49,1,0.0,0,Potential Customers
CUST103532,3447.96,1,3447.96,0.0,0.0,1.23,307,4763.57,1,0.0,0,Potential Customers
CUST103533,7439.44,3,2479.813333333333,4.0,1.0,6.93,318,10501.04,1,1.0,3,High Value Customers
CUST103534,5353.76,2,2676.88,4.0,0.0,4.52,121,6502.68,1,1.0,3,High Value Customers
CUST103535,0.0,0,0.0,7.0,0.0,12.3,400,21.95,1,0.0,2,At-Risk Customers
CUST103536,347.99,1,347.99,1.0,0.0,3.6,22,865.65,1,0.0,0,Potential Customers
CUST103537,0.0,0,0.0,3.0,0.0,5.15,400,118.86,1,0.0,2,At-Risk Customers
CUST103538,3614.65,2,1807.325,3.0,0.0,6.32,42,4762.0,1,0.0,0,Potential Customers
CUST103539,0.0,0,0.0,1.0,1.0,0.98,400,0.0,1,1.0,2,At-Risk Customers
CUST103540,565.99,1,565.99,3.0,0.0,8.83,278,1019.64,1,0.0,2,At-Risk Customers
CUST103541,0.0,0,0.0,2.0,0.0,3.7,400,159.5,1,0.0,2,At-Risk Customers
CUST103542,0.0,0,0.0,0.0,0.0,1.67,400,67.65,1,0.0,2,At-Risk Customers
CUST103543,0.0,0,0.0,2.0,2.0,3.85,400,105.73,1,1.0,1,Loyal Customers
CUST103544,1157.4,1,1157.4,5.0,0.0,9.21,142,1738.01,1,0.0,0,Potential Customers
CUST103545,1737.5,1,1737.5,1.0,0.0,3.19,72,2261.13,1,0.0,0,Potential Customers
CUST103546,0.0,0,0.0,2.0,0.0,4.36,400,0.0,1,0.0,2,At-Risk Customers
CUST103547,11589.14840000001,5,2317.8296800000016,0.0,0.0,1.0,109,21976.78,1,0.0,3,High Value Customers
CUST103548,2863.29,1,2863.29,0.0,0.0,2.23,124,4216.57,1,0.0,0,Potential Customers
CUST103549,999.13,1,999.13,3.0,0.0,6.66,89,1790.23,1,0.0,0,Potential Customers
CUST103550,1923.31,1,1923.31,5.0,3.0,8.51,296,2857.65,1,0.0,1,Loyal Customers
CUST103551,2300.68,1,2300.68,2.0,0.0,4.7,268,3168.57,1,0.0,0,Potential Customers
CUST103552,0.0,0,0.0,2.0,0.0,6.1,400,0.0,1,0.0,2,At-Risk Customers
CUST103553,1773.05,1,1773.05,1.0,0.0,3.06,295,2629.58,1,0.0,0,Potential Customers
CUST103554,307.12,1,307.12,2.0,0.0,4.11,314,306.39,1,0.0,2,At-Risk Customers
CUST103555,334.7,1,334.7,2.0,0.0,1.93,177,843.03,1,0.0,0,Potential Customers
CUST103556,2288.32,1,2288.32,0.0,0.0,2.88,272,2852.46,1,0.0,0,Potential Customers
CUST103557,1032.41,1,1032.41,2.0,0.0,3.98,39,1433.1,1,0.0,0,Potential Customers
CUST103558,0.0,0,0.0,5.0,0.0,1.36,400,2.57,1,0.0,2,At-Risk Customers
CUST103559,1402.19,1,1402.19,4.0,0.0,21.67,325,2193.62,1,0.0,0,Potential Customers
CUST103560,0.0,0,0.0,1.0,0.0,2.48,400,0.0,1,0.0,2,At-Risk Customers
CUST103561,1661.13,1,1661.13,0.0,0.0,4.7,204,2268.37,1,0.0,0,Potential Customers
CUST103562,0.0,0,0.0,0.0,0.0,22.674066765971485,400,0.0,1,0.0,2,At-Risk Customers
CUST103563,0.0,0,0.0,2.0,0.0,0.76,400,0.0,1,0.0,2,At-Risk Customers
CUST103564,2089.22,1,2089.22,4.0,1.0,13.45,245,2604.68,1,1.0,0,Potential Customers
CUST103565,0.0,0,0.0,5.0,0.0,4.22,400,0.0,1,0.0,2,At-Risk Customers
CUST103566,3155.13,1,3155.13,0.0,0.0,0.89,215,4236.04,1,0.0,0,Potential Customers
CUST103567,1195.55,2,597.775,3.0,0.0,1.98,81,2278.01,1,0.0,0,Potential Customers
CUST103568,0.0,0,0.0,5.0,0.0,17.25,400,0.0,1,0.0,2,At-Risk Customers
CUST103569,1697.05,3,565.6833333333333,5.0,0.0,5.68,253,2877.19,1,0.0,0,Potential Customers
CUST103570,0.0,0,0.0,2.0,0.0,0.76,400,13.55,1,0.0,2,At-Risk Customers
CUST103571,4110.45,2,2055.225,3.0,0.0,2.83,93,5862.34,1,0.0,0,Potential Customers
CUST103572,2488.25,1,2488.25,1.0,0.0,3.57,12,3628.14,1,0.0,0,Potential Customers
CUST103573,0.0,0,0.0,0.0,0.0,5.86,400,0.0,1,0.0,2,At-Risk Customers
CUST103574,5398.22,2,2699.11,3.0,2.0,4.03,303,7557.12,1,1.0,1,Loyal Customers
CUST103575,1539.2,1,1539.2,0.0,0.0,1.2,299,2033.71,1,0.0,0,Potential Customers
CUST103576,3272.04,2,1636.02,5.0,3.0,2.6,285,4800.03,1,0.0,1,Loyal Customers
CUST103577,7254.16,4,1813.54,3.0,0.0,4.02,174,9418.75,1,0.0,3,High Value Customers
CUST103578,2394.14,1,2394.14,3.0,0.0,6.85,182,3517.7,1,0.0,0,Potential Customers
CUST103579,1882.03,1,1882.03,0.0,0.0,2.77,212,2747.15,1,0.0,0,Potential Customers
CUST103580,5231.99,3,1743.9966666666667,4.0,0.0,2.75,278,6828.67,1,1.0,3,High Value Customers
CUST103581,3487.71,1,3487.71,0.0,0.0,3.38,69,4214.15,1,0.0,0,Potential Customers
CUST103582,0.0,0,0.0,3.0,0.0,2.22,400,47.64,1,0.0,2,At-Risk Customers
CUST103583,2365.19,1,2365.19,1.0,0.0,11.66,95,3326.4,1,0.0,0,Potential Customers
CUST103584,0.0,0,0.0,3.0,0.0,8.9,400,0.0,1,0.0,2,At-Risk Customers
CUST103585,1002.48,3,334.16,1.0,0.0,9.19,248,2234.24,1,0.0,0,Potential Customers
CUST103586,3373.61,2,1686.805,1.0,0.0,1.71,78,4551.57,1,0.0,0,Potential Customers
CUST103587,762.18,2,381.09,1.0,0.0,5.19,308,1729.93,1,0.0,0,Potential Customers
CUST103588,5194.38,2,2597.19,5.0,3.0,7.04,64,6422.15,1,0.0,1,Loyal Customers
CUST103589,2216.49,1,2216.49,1.0,0.0,1.98,52,2488.94,1,0.0,0,Potential Customers
CUST103590,1509.4,1,1509.4,2.0,0.0,1.78,240,2269.76,1,0.0,0,Potential Customers
CUST103591,2695.51,1,2695.51,5.0,0.0,2.02,316,3583.2,1,0.0,0,Potential Customers
CUST103592,1577.89,1,1577.89,1.0,0.0,1.46,54,2006.16,1,0.0,0,Potential Customers
CUST103593,0.0,0,0.0,1.0,0.0,8.44,400,0.0,1,0.0,2,At-Risk Customers
CUST103594,6070.31,2,3035.155,4.0,0.0,7.91,316,8106.82,1,0.0,3,High Value Customers
CUST103595,0.0,0,0.0,3.0,0.0,3.23,400,63.55,1,0.0,2,At-Risk Customers
CUST103596,3062.14,4,765.535,2.0,2.0,3.88,49,4745.43,1,1.0,1,Loyal Customers
CUST103597,715.09,2,357.545,1.0,0.0,2.52,163,1408.24,1,0.0,0,Potential Customers
CUST103598,0.0,0,0.0,3.0,0.0,20.49,400,5.38,1,0.0,2,At-Risk Customers
CUST103599,10396.67,4,2599.1675,2.0,0.0,2.99,45,12360.16,1,0.0,3,High Value Customers
CUST103600,3487.12,2,1743.56,3.0,0.0,2.8,83,4709.76,1,0.0,0,Potential Customers
CUST103601,2160.2,1,2160.2,1.0,0.0,3.71,286,2874.49,1,1.0,0,Potential Customers
CUST103602,3092.99,1,3092.99,3.0,0.0,1.62,163,4423.55,1,0.0,0,Potential Customers
CUST103603,2511.54,1,2511.54,2.0,1.0,4.89,197,3245.1,1,1.0,0,Potential Customers
CUST103604,3241.09,2,1620.545,3.0,0.0,11.0,324,4397.94,1,0.0,0,Potential Customers
CUST103605,0.0,0,0.0,2.0,0.0,3.59,400,0.0,1,0.0,2,At-Risk Customers
CUST103606,2071.89,1,2071.89,2.0,0.0,7.11,311,2873.61,1,0.0,0,Potential Customers
CUST103607,1273.84,4,318.46,1.0,0.0,1.03,247,2259.03,1,0.0,0,Potential Customers
CUST103608,3063.38,1,3063.38,1.0,0.0,2.08,21,3798.45,1,0.0,0,Potential Customers
CUST103609,732.05,1,732.05,2.0,0.0,4.34,177,1021.76,1,0.0,0,Potential Customers
CUST103610,4759.97,2,2379.985,1.0,0.0,1.11,238,7004.86,1,0.0,3,High Value Customers
CUST103611,0.0,0,0.0,2.0,0.0,5.1,400,42.73,1,0.0,2,At-Risk Customers
CUST103612,0.0,0,0.0,2.0,0.0,3.27,400,66.6,1,1.0,2,At-Risk Customers
CUST103613,6588.47,2,3294.235,2.0,0.0,4.99,352,8921.91,1,0.0,3,High Value Customers
CUST103614,0.0,0,0.0,2.0,0.0,3.45,400,0.0,1,0.0,2,At-Risk Customers
CUST103615,2837.59,1,2837.59,1.0,0.0,3.61,179,3924.31,1,0.0,0,Potential Customers
CUST103616,1969.92,1,1969.92,1.0,0.0,0.76,231,2620.06,1,0.0,0,Potential Customers
CUST103617,0.0,0,0.0,1.0,0.0,1.89,400,0.0,1,0.0,2,At-Risk Customers
CUST103618,1251.46,2,625.73,3.0,0.0,5.78,74,1799.8,1,1.0,0,Potential Customers
CUST103619,5141.71,3,1713.9033333333334,1.0,0.0,1.5,156,6679.0,1,0.0,3,High Value Customers
CUST103620,1529.04,1,1529.04,1.0,0.0,2.04,327,1920.58,1,0.0,0,Potential Customers
CUST103621,0.0,0,0.0,4.0,0.0,2.99,400,0.0,1,0.0,2,At-Risk Customers
CUST103622,3672.92,1,3672.92,0.0,0.0,3.19,326,4873.71,1,0.0,0,Potential Customers
CUST103623,0.0,0,0.0,4.0,0.0,6.69,400,22.71,1,0.0,2,At-Risk Customers
CUST103624,2077.02,1,2077.02,2.0,0.0,4.76,213,2554.09,1,0.0,0,Potential Customers
CUST103625,7994.62,5,1598.924,0.0,0.0,2.55,255,11107.23,1,0.0,3,High Value Customers
CUST103626,0.0,0,0.0,2.0,0.0,1.22,400,0.0,1,0.0,2,At-Risk Customers
CUST103627,0.0,0,0.0,10.0,2.0,23.312000000000044,400,160.48,1,0.0,1,Loyal Customers
CUST103628,0.0,0,0.0,3.0,0.0,4.16,400,0.0,1,0.0,2,At-Risk Customers
CUST103629,0.0,0,0.0,2.0,0.0,7.69,400,0.0,1,0.0,2,At-Risk Customers
CUST103630,1877.03,1,1877.03,1.0,0.0,0.76,263,2413.05,1,0.0,0,Potential Customers
CUST103631,1609.94,1,1609.94,2.0,0.0,3.13,267,2503.82,1,0.0,0,Potential Customers
CUST103632,542.81,2,271.405,1.0,0.0,3.04,32,1100.63,1,0.0,0,Potential Customers
CUST103633,3675.04,1,3675.04,3.0,0.0,2.93,71,4077.81,1,0.0,0,Potential Customers
CUST103634,2066.74,1,2066.74,2.0,0.0,6.99,145,2658.11,1,0.0,0,Potential Customers
CUST103635,0.0,0,0.0,2.0,0.0,3.37,400,0.0,1,0.0,2,At-Risk Customers
CUST103636,1711.66,1,1711.66,1.0,0.0,3.0,187,2535.86,1,0.0,0,Potential Customers
CUST103637,7080.63,3,2360.21,3.0,0.0,4.02,151,8510.54,1,0.0,3,High Value Customers
CUST103638,0.0,0,0.0,2.0,0.0,4.13,400,0.0,1,0.0,2,At-Risk Customers
CUST103639,0.0,0,0.0,0.0,0.0,1.74,400,0.0,1,0.0,2,At-Risk Customers
CUST103640,2020.62,1,2020.62,3.0,0.0,8.11,183,2403.04,1,0.0,0,Potential Customers
CUST103641,3481.63,2,1740.815,1.0,0.0,2.71,201,4905.07,1,0.0,0,Potential Customers
CUST103642,0.0,0,0.0,2.0,0.0,3.77,400,141.59,1,0.0,2,At-Risk Customers
CUST103643,1264.52,1,1264.52,3.0,0.0,11.56,192,1774.76,1,0.0,0,Potential Customers
CUST103644,4533.35,2,2266.675,4.0,0.0,23.312000000000044,110,5512.77,1,1.0,0,Potential Customers
CUST103645,0.0,0,0.0,4.0,0.0,5.63,400,39.33,1,0.0,2,At-Risk Customers
CUST103646,4142.11,3,1380.7033333333331,1.0,0.0,1.2,33,5551.88,1,0.0,3,High Value Customers
CUST103647,814.34,1,814.34,3.0,0.0,3.32,16,1217.45,1,0.0,0,Potential Customers
CUST103648,1662.5,1,1662.5,3.0,2.0,13.48,246,2336.72,1,1.0,1,Loyal Customers
CUST103649,7298.73,4,1824.6825,4.0,0.0,3.45,72,9883.91,1,0.0,3,High Value Customers
CUST103650,892.26,1,892.26,1.0,0.0,7.26,113,1288.44,1,0.0,0,Potential Customers
CUST103651,1809.25,1,1809.25,3.0,0.0,7.19,72,2749.07,1,0.0,0,Potential Customers
CUST103652,2114.87,1,2114.87,2.0,0.0,2.48,340,2676.78,1,0.0,0,Potential Customers
CUST103653,312.26,1,312.26,5.0,0.0,15.25,328,763.3,1,0.0,2,At-Risk Customers
CUST103654,0.0,0,0.0,1.0,0.0,5.48,400,0.0,1,0.0,2,At-Risk Customers
CUST103655,635.14,1,635.14,1.0,2.0,3.98,362,876.42,1,0.0,1,Loyal Customers
CUST103656,8554.0,4,2138.5,1.0,0.0,3.62,28,12732.55,1,0.0,3,High Value Customers
CUST103657,0.0,0,0.0,0.0,0.0,1.79,400,0.0,1,0.0,2,At-Risk Customers
CUST103658,1692.75,1,1692.75,2.0,0.0,2.33,302,2466.35,1,0.0,0,Potential Customers
CUST103659,2480.16,1,2480.16,4.0,0.0,1.98,94,3706.33,1,0.0,0,Potential Customers
CUST103660,0.0,0,0.0,5.0,0.0,19.92,400,0.0,1,1.0,2,At-Risk Customers
CUST103661,4153.86,2,2076.93,4.0,0.0,8.38,21,5751.51,1,0.0,0,Potential Customers
CUST103662,0.0,0,0.0,2.0,0.0,2.0,400,6.29,1,0.0,2,At-Risk Customers
CUST103663,726.03,2,363.015,4.0,0.0,14.74,342,1603.02,1,0.0,2,At-Risk Customers
CUST103664,0.0,0,0.0,5.0,3.0,10.54,400,0.0,1,1.0,1,Loyal Customers
CUST103665,0.0,0,0.0,3.0,0.0,2.59,400,203.94,1,0.0,2,At-Risk Customers
CUST103666,4019.2,2,2009.6,1.0,3.0,5.88,26,5116.34,1,1.0,1,Loyal Customers
CUST103667,6061.11,3,2020.37,1.0,0.0,2.52,264,7373.89,1,0.0,3,High Value Customers
CUST103668,344.43,1,344.43,3.0,0.0,8.31,309,713.31,1,0.0,2,At-Risk Customers
CUST103669,2214.07,1,2214.07,1.0,1.0,5.72,68,2676.32,1,0.0,0,Potential Customers
CUST103670,3788.0,2,1894.0,4.0,0.0,3.01,55,4599.57,1,0.0,0,Potential Customers
CUST103671,608.18,1,608.18,6.0,0.0,1.71,107,1168.59,1,0.0,0,Potential Customers
CUST103672,9537.93,4,2384.4825,4.0,0.0,3.88,363,12920.2,1,0.0,3,High Value Customers
CUST103673,8512.42,4,2128.105,1.0,0.0,5.72,316,10510.54,1,0.0,3,High Value Customers
CUST103674,0.0,0,0.0,4.0,0.0,10.08,400,0.0,1,0.0,2,At-Risk Customers
CUST103675,0.0,0,0.0,2.0,0.0,6.3,400,0.0,1,0.0,2,At-Risk Customers
CUST103676,0.0,0,0.0,6.0,0.0,7.76,400,293.67,1,0.0,2,At-Risk Customers
CUST103677,3452.82,2,1726.41,0.0,0.0,2.4,105,5088.58,1,0.0,0,Potential Customers
CUST103678,2964.68,1,2964.68,2.0,0.0,1.02,236,3964.57,1,0.0,0,Potential Customers
CUST103679,1179.25,1,1179.25,0.0,0.0,1.24,57,1592.35,1,0.0,0,Potential Customers
CUST103680,2870.92,2,1435.46,2.0,0.0,3.31,111,4135.94,1,0.0,0,Potential Customers
CUST103681,2396.83,1,2396.83,2.0,0.0,2.36,140,3455.31,1,0.0,0,Potential Customers
CUST103682,6800.89,3,2266.9633333333336,1.0,0.0,3.72,304,9318.7,1,0.0,3,High Value Customers
CUST103683,3409.74,1,3409.74,3.0,0.0,6.78,226,4423.45,1,0.0,0,Potential Customers
CUST103684,0.0,0,0.0,3.0,0.0,6.29,400,247.18,1,0.0,2,At-Risk Customers
CUST103685,6847.79,2,3423.895,3.0,0.0,0.79,287,9236.75,1,0.0,3,High Value Customers
CUST103686,1942.79,1,1942.79,6.0,0.0,23.312000000000044,121,2452.64,1,0.0,0,Potential Customers
CUST103687,0.0,0,0.0,0.0,0.0,5.33,400,11.06,1,0.0,2,At-Risk Customers
CUST103688,6161.18,2,3080.59,2.0,0.0,4.97,212,7195.37,1,0.0,3,High Value Customers
CUST103689,6965.4,2,3482.7,1.0,0.0,3.66,289,9254.94,1,0.0,3,High Value Customers
CUST103690,1595.28,1,1595.28,1.0,0.0,3.33,361,2513.62,1,0.0,0,Potential Customers
CUST103691,1096.55,2,548.275,7.0,0.0,8.76,69,1514.24,1,0.0,0,Potential Customers
CUST103692,0.0,0,0.0,2.0,0.0,2.05,400,198.73,1,0.0,2,At-Risk Customers
CUST103693,3288.55,1,3288.55,2.0,0.0,5.03,148,4924.42,1,0.0,0,Potential Customers
CUST103694,832.29,1,832.29,3.0,0.0,11.72,214,1395.43,1,0.0,0,Potential Customers
CUST103695,0.0,0,0.0,2.0,0.0,4.63,400,31.98,1,0.0,2,At-Risk Customers
CUST103696,4240.62,2,2120.31,1.0,0.0,5.81,85,5173.0,1,0.0,0,Potential Customers
CUST103697,692.31,1,692.31,4.0,0.0,1.52,140,1044.16,1,1.0,0,Potential Customers
CUST103698,5594.67,3,1864.89,3.0,0.0,7.23,69,6820.7,1,0.0,3,High Value Customers
CUST103699,5702.76,3,1900.92,0.0,0.0,5.25,63,7226.91,1,0.0,3,High Value Customers
CUST103700,3501.59,1,3501.59,1.0,0.0,3.78,268,4417.46,1,0.0,0,Potential Customers
CUST103701,1484.21,1,1484.21,6.0,1.0,6.72,260,1884.68,1,1.0,0,Potential Customers
CUST103702,267.79,1,267.79,1.0,0.0,1.82,35,797.33,1,0.0,0,Potential Customers
CUST103703,7530.98,2,3765.49,4.0,0.0,14.31,305,10158.99,1,0.0,3,High Value Customers
CUST103704,4693.95,2,2346.975,8.0,3.0,23.312000000000044,82,6153.17,1,0.0,1,Loyal Customers
CUST103705,0.0,0,0.0,1.0,0.0,2.66,400,13.92,1,0.0,2,At-Risk Customers
CUST103706,3803.58,2,1901.79,4.0,0.0,9.24,85,5140.56,1,0.0,0,Potential Customers
CUST103707,2394.37,1,2394.37,5.0,0.0,3.67,214,2881.88,1,0.0,0,Potential Customers
CUST103708,5746.69,2,2873.345,1.0,0.0,1.71,154,7489.23,1,1.0,3,High Value Customers
CUST103709,0.0,0,0.0,3.0,0.0,10.05,400,2.62,1,0.0,2,At-Risk Customers
CUST103710,6481.72,3,2160.5733333333333,5.0,0.0,3.32,243,8379.87,1,0.0,3,High Value Customers
CUST103711,2445.05,3,815.0166666666668,4.0,0.0,6.22,361,3824.12,1,0.0,0,Potential Customers
CUST103712,578.94,2,289.47,6.0,0.0,15.45,86,1527.9,1,0.0,0,Potential Customers
CUST103713,0.0,0,0.0,1.0,0.0,5.87,400,26.98,1,0.0,2,At-Risk Customers
CUST103714,950.96,1,950.96,1.0,0.0,4.69,101,1356.97,1,0.0,0,Potential Customers
CUST103715,260.22,1,260.22,5.0,0.0,2.07,91,478.04,1,0.0,0,Potential Customers
CUST103716,3097.71,1,3097.71,1.0,0.0,2.08,305,3854.23,1,0.0,0,Potential Customers
CUST103717,1118.6,1,1118.6,2.0,0.0,3.69,303,1351.09,1,0.0,0,Potential Customers
CUST103718,5772.96,2,2886.48,1.0,0.0,3.11,363,7979.11,1,0.0,3,High Value Customers
CUST103719,1436.85,1,1436.85,4.0,0.0,6.53,165,2025.13,1,0.0,0,Potential Customers
CUST103720,5026.53,3,1675.51,0.0,0.0,1.89,31,6928.84,1,0.0,3,High Value Customers
CUST103721,633.94,1,633.94,2.0,0.0,2.36,274,992.86,1,0.0,2,At-Risk Customers
CUST103722,1231.35,1,1231.35,4.0,0.0,3.65,232,1790.1,1,0.0,0,Potential Customers
CUST103723,4009.95,3,1336.6499999999999,4.0,0.0,4.34,218,5603.19,1,1.0,0,Potential Customers
CUST103724,590.07,2,295.035,5.0,0.0,4.22,9,978.09,1,0.0,0,Potential Customers
CUST103725,0.0,0,0.0,4.0,0.0,3.54,400,5.27,1,0.0,2,At-Risk Customers
CUST103726,519.88,1,519.88,2.0,0.0,2.34,76,931.02,1,0.0,0,Potential Customers
CUST103727,0.0,0,0.0,3.0,0.0,6.08,400,0.0,1,0.0,2,At-Risk Customers
CUST103728,2470.02,1,2470.02,3.0,0.0,9.28,233,3117.12,1,0.0,0,Potential Customers
CUST103729,0.0,0,0.0,3.0,3.0,5.04,400,141.61,1,0.0,1,Loyal Customers
CUST103730,4997.02,2,2498.51,2.0,0.0,2.7,243,6397.66,1,0.0,3,High Value Customers
CUST103731,0.0,0,0.0,1.0,0.0,1.06,400,53.33,1,0.0,2,At-Risk Customers
CUST103732,0.0,0,0.0,6.0,0.0,12.96,400,108.74,1,0.0,2,At-Risk Customers
CUST103733,1992.6,1,1992.6,2.0,0.0,3.59,127,2535.15,1,0.0,0,Potential Customers
CUST103734,2934.88,2,1467.44,3.0,0.0,10.23,53,4000.36,1,1.0,0,Potential Customers
CUST103735,0.0,0,0.0,4.0,3.0,12.8,400,0.0,1,0.0,1,Loyal Customers
CUST103736,11193.4,3,3731.133333333333,3.0,0.0,7.12,3,13397.97,1,1.0,3,High Value Customers
CUST103737,2529.93,1,2529.93,2.0,0.0,7.91,139,3600.12,1,0.0,0,Potential Customers
CUST103738,9468.53,4,2367.1325,5.0,0.0,7.48,229,14025.79,1,0.0,3,High Value Customers
CUST103739,3092.14,2,1546.07,1.0,0.0,3.47,59,4307.62,1,0.0,0,Potential Customers
CUST103740,3006.43,1,3006.43,1.0,0.0,1.82,215,3509.16,1,0.0,0,Potential Customers
CUST103741,6528.88,2,3264.44,3.0,0.0,7.09,110,8423.18,1,0.0,3,High Value Customers
CUST103742,1189.74,1,1189.74,1.0,0.0,1.39,245,1724.48,1,0.0,0,Potential Customers
CUST103743,3681.48,1,3681.48,4.0,0.0,3.08,315,4444.94,1,0.0,0,Potential Customers
CUST103744,0.0,0,0.0,2.0,0.0,2.59,400,187.46,1,0.0,2,At-Risk Customers
CUST103745,0.0,0,0.0,1.0,1.0,6.06,400,0.0,1,0.0,2,At-Risk Customers
CUST103746,5061.59,2,2530.795,2.0,0.0,4.77,198,7070.28,1,0.0,3,High Value Customers
CUST103747,11589.14840000001,4,2897.2871000000023,1.0,0.0,2.59,256,16936.92,1,0.0,3,High Value Customers
CUST103748,1116.67,1,1116.67,4.0,0.0,3.02,298,1531.58,1,0.0,0,Potential Customers
CUST103749,7100.9,2,3550.45,4.0,0.0,15.97,121,9648.91,1,0.0,3,High Value Customers
CUST103750,1055.53,1,1055.53,1.0,0.0,2.34,200,1686.66,1,0.0,0,Potential Customers
CUST103751,0.0,0,0.0,4.0,0.0,3.57,400,0.0,1,0.0,2,At-Risk Customers
CUST103752,2287.27,1,2287.27,1.0,0.0,6.08,246,2703.51,1,0.0,0,Potential Customers
CUST103753,3727.32,2,1863.66,2.0,0.0,4.26,53,4461.24,1,0.0,0,Potential Customers
CUST103754,6000.93,3,2000.3100000000002,2.0,0.0,6.21,160,8341.49,1,1.0,3,High Value Customers
CUST103755,4088.99,3,1362.9966666666667,4.0,0.0,4.02,214,5291.95,1,0.0,0,Potential Customers
CUST103756,0.0,0,0.0,5.0,0.0,11.11,400,0.0,1,0.0,2,At-Risk Customers
CUST103757,1779.09,1,1779.09,1.0,0.0,4.19,162,2261.41,1,1.0,0,Potential Customers
CUST103758,0.0,0,0.0,2.0,0.0,5.39,400,50.25,1,0.0,2,At-Risk Customers
CUST103759,2281.06,4,570.265,1.0,0.0,4.7,252,3738.64,1,0.0,0,Potential Customers
CUST103760,1649.41,1,1649.41,1.0,0.0,2.17,157,2199.38,1,0.0,0,Potential Customers
CUST103761,0.0,0,0.0,2.0,0.0,4.65,400,78.17,1,0.0,2,At-Risk Customers
CUST103762,1154.03,1,1154.03,2.0,0.0,1.28,78,1809.18,1,1.0,0,Potential Customers
CUST103763,1989.95,1,1989.95,2.0,0.0,5.27,47,2501.3,1,1.0,0,Potential Customers
CUST103764,11589.14840000001,6,1931.5247333333348,3.0,0.0,0.91,329,21131.07,1,0.0,3,High Value Customers
CUST103765,1013.22,1,1013.22,1.0,3.0,2.03,263,1468.11,1,0.0,1,Loyal Customers
CUST103766,3969.42,2,1984.71,4.0,0.0,7.38,127,5733.48,1,0.0,0,Potential Customers
CUST103767,2245.01,1,2245.01,2.0,1.0,5.62,59,2835.54,1,0.0,0,Potential Customers
CUST103768,3080.11,1,3080.11,2.0,0.0,4.01,78,4067.3,1,0.0,0,Potential Customers
CUST103769,316.59,1,316.59,1.0,0.0,2.96,46,589.89,1,1.0,0,Potential Customers
CUST103770,2367.25,1,2367.25,1.0,0.0,2.21,15,2847.43,1,0.0,0,Potential Customers
CUST103771,8882.99,3,2960.9966666666664,3.0,0.0,2.72,352,10324.22,1,0.0,3,High Value Customers
CUST103772,5183.55,3,1727.8500000000001,3.0,0.0,6.55,197,7983.98,1,0.0,3,High Value Customers
CUST103773,2390.55,1,2390.55,3.0,0.0,3.39,58,3559.72,1,0.0,0,Potential Customers
CUST103774,3807.03,3,1269.01,1.0,0.0,0.94,314,5259.53,1,0.0,0,Potential Customers
CUST103775,2086.76,1,2086.76,3.0,0.0,1.71,267,3041.61,1,1.0,0,Potential Customers
CUST103776,4549.35,2,2274.675,2.0,0.0,2.3,221,5655.81,1,0.0,0,Potential Customers
CUST103777,9419.0,3,3139.6666666666665,5.0,0.0,3.37,82,11205.75,1,0.0,3,High Value Customers
CUST103778,11155.16,4,2788.79,3.0,0.0,3.3,15,13789.05,1,0.0,3,High Value Customers
CUST103779,0.0,0,0.0,1.0,0.0,1.94,400,85.87,1,0.0,2,At-Risk Customers
CUST103780,8122.51,3,2707.5033333333336,1.0,0.0,6.24,15,9971.14,1,0.0,3,High Value Customers
CUST103781,307.15,1,307.15,3.0,0.0,4.02,159,553.87,1,0.0,0,Potential Customers
CUST103782,5870.21,3,1956.7366666666667,1.0,0.0,2.41,274,7583.2,1,0.0,3,High Value Customers
CUST103783,2800.36,1,2800.36,3.0,0.0,7.02,309,3809.81,1,0.0,0,Potential Customers
CUST103784,2070.4,1,2070.4,2.0,0.0,5.92,18,2719.35,1,0.0,0,Potential Customers
CUST103785,0.0,0,0.0,1.0,0.0,3.36,400,0.0,1,0.0,2,At-Risk Customers
CUST103786,868.52,1,868.52,6.0,0.0,7.82,204,1279.31,1,1.0,0,Potential Customers
CUST103787,1710.41,1,1710.41,1.0,0.0,4.87,55,2398.33,1,0.0,0,Potential Customers
CUST103788,0.0,0,0.0,2.0,0.0,4.26,400,94.67,1,0.0,2,At-Risk Customers
CUST103789,0.0,0,0.0,3.0,0.0,6.18,400,0.0,1,0.0,2,At-Risk Customers
CUST103790,635.8,2,317.9,2.0,0.0,5.39,340,1290.52,1,0.0,2,At-Risk Customers
CUST103791,0.0,0,0.0,1.0,0.0,10.3,400,0.0,1,0.0,2,At-Risk Customers
CUST103792,2371.46,1,2371.46,2.0,0.0,3.34,46,2642.85,1,0.0,0,Potential Customers
CUST103793,827.96,1,827.96,3.0,0.0,3.42,77,1432.81,1,1.0,0,Potential Customers
CUST103794,6124.5,2,3062.25,2.0,0.0,4.65,327,7376.39,1,0.0,3,High Value Customers
CUST103795,1600.61,1,1600.61,2.0,0.0,4.12,291,1881.07,1,1.0,0,Potential Customers
CUST103796,2535.48,1,2535.48,2.0,0.0,14.88,33,3579.0,1,0.0,0,Potential Customers
CUST103797,3397.75,4,849.4375,5.0,0.0,5.85,196,4827.77,1,0.0,0,Potential Customers
CUST103798,0.0,0,0.0,0.0,0.0,2.44,400,0.0,1,0.0,2,At-Risk Customers
CUST103799,4767.98,2,2383.99,1.0,0.0,1.43,1,6226.5,1,0.0,3,High Value Customers
CUST103800,7988.6,3,2662.866666666667,5.0,0.0,12.18,215,10902.3,1,0.0,3,High Value Customers
CUST103801,3928.08,2,1964.04,3.0,0.0,3.12,94,5560.33,1,0.0,0,Potential Customers
CUST103802,0.0,0,0.0,5.0,0.0,5.11,400,7.36,1,0.0,2,At-Risk Customers
CUST103803,5384.53,4,1346.1325,2.0,2.0,4.0,78,8359.52,1,0.0,1,Loyal Customers
CUST103804,1245.2,1,1245.2,3.0,0.0,7.13,113,1797.86,1,0.0,0,Potential Customers
CUST103805,0.0,0,0.0,2.0,2.0,2.75,400,0.0,1,1.0,1,Loyal Customers
CUST103806,0.0,0,0.0,2.0,0.0,4.41,400,86.85,1,0.0,2,At-Risk Customers
CUST103807,983.63,2,491.815,2.0,0.0,2.77,232,1473.02,1,0.0,0,Potential Customers
CUST103808,2178.38,2,1089.19,6.0,0.0,23.312000000000044,340,3077.23,1,0.0,0,Potential Customers
CUST103809,8328.66,3,2776.22,1.0,0.0,2.39,142,10563.37,1,0.0,3,High Value Customers
CUST103810,4535.43,2,2267.715,3.0,0.0,6.0,91,6672.91,1,1.0,3,High Value Customers
CUST103811,2229.71,1,2229.71,4.0,2.0,23.312000000000044,140,2892.12,1,1.0,1,Loyal Customers
CUST103812,2105.24,2,1052.62,2.0,1.0,8.75,101,2976.61,1,1.0,0,Potential Customers
CUST103813,0.0,0,0.0,1.0,0.0,4.0,400,0.0,1,0.0,2,At-Risk Customers
CUST103814,4497.02,3,1499.006666666667,0.0,0.0,4.56,48,5947.7,1,0.0,3,High Value Customers
CUST103815,1904.54,1,1904.54,1.0,0.0,2.3,270,2683.5,1,0.0,0,Potential Customers
CUST103816,0.0,0,0.0,3.0,0.0,13.14,400,37.7,1,0.0,2,At-Risk Customers
CUST103817,0.0,0,0.0,4.0,0.0,3.46,400,163.54,1,0.0,2,At-Risk Customers
CUST103818,4261.36,2,2130.68,1.0,0.0,3.85,298,5416.63,1,0.0,0,Potential Customers
CUST103819,1254.85,1,1254.85,2.0,0.0,2.19,62,1557.9,1,1.0,0,Potential Customers
CUST103820,1694.53,2,847.265,5.0,0.0,3.26,173,2705.61,1,0.0,0,Potential Customers
CUST103821,3209.3,1,3209.3,1.0,0.0,4.24,158,4619.76,1,0.0,0,Potential Customers
CUST103822,0.0,0,0.0,4.0,0.0,8.69,400,105.75,1,0.0,2,At-Risk Customers
CUST103823,0.0,0,0.0,6.0,0.0,4.89,400,3.33,1,0.0,2,At-Risk Customers
CUST103824,523.36,1,523.36,1.0,0.0,8.73,192,1032.04,1,0.0,0,Potential Customers
CUST103825,0.0,0,0.0,4.0,0.0,0.82,400,292.19,1,0.0,2,At-Risk Customers
CUST103826,2249.72,2,1124.86,3.0,0.0,10.81,299,2973.54,1,0.0,0,Potential Customers
CUST103827,6104.62,2,3052.31,3.0,0.0,1.59,14,7752.3,1,0.0,3,High Value Customers
CUST103828,3747.22,2,1873.61,5.0,1.0,6.95,69,4309.1,1,1.0,0,Potential Customers
CUST103829,2061.96,1,2061.96,1.0,0.0,0.76,7,2695.92,1,0.0,0,Potential Customers
CUST103830,1662.94,1,1662.94,2.0,0.0,4.25,139,2293.63,1,0.0,0,Potential Customers
CUST103831,1379.18,2,689.59,1.0,0.0,7.87,294,1974.35,1,0.0,0,Potential Customers
CUST103832,5785.18,3,1928.3933333333334,1.0,0.0,2.25,34,8557.83,1,1.0,3,High Value Customers
CUST103833,2017.82,1,2017.82,1.0,0.0,4.16,194,2985.11,1,0.0,0,Potential Customers
CUST103834,2538.85,1,2538.85,2.0,0.0,7.76,7,3391.47,1,0.0,0,Potential Customers
CUST103835,3346.81,3,1115.6033333333332,3.0,0.0,6.78,299,4400.04,1,0.0,0,Potential Customers
CUST103836,2355.78,1,2355.78,0.0,0.0,1.36,233,3449.5,1,0.0,0,Potential Customers
CUST103837,2024.09,1,2024.09,2.0,0.0,8.16,150,3013.67,1,0.0,0,Potential Customers
CUST103838,0.0,0,0.0,2.0,0.0,13.41,400,0.0,1,0.0,2,At-Risk Customers
CUST103839,0.0,0,0.0,6.0,0.0,9.49,400,0.0,1,0.0,2,At-Risk Customers
CUST103840,0.0,0,0.0,1.0,0.0,1.71,400,82.71,1,0.0,2,At-Risk Customers
CUST103841,2546.64,1,2546.64,3.0,0.0,1.9,157,3217.76,1,0.0,0,Potential Customers
CUST103842,7557.91,2,3778.955,1.0,0.0,4.28,87,9072.47,1,0.0,3,High Value Customers
CUST103843,7041.7,3,2347.233333333333,2.0,0.0,6.11,126,9651.4,1,0.0,3,High Value Customers
CUST103844,0.0,0,0.0,2.0,0.0,7.46,400,0.0,1,1.0,2,At-Risk Customers
CUST103845,7041.73,2,3520.865,2.0,0.0,2.33,31,8343.39,1,1.0,3,High Value Customers
CUST103846,2259.55,1,2259.55,3.0,0.0,3.85,148,3287.69,1,0.0,0,Potential Customers
CUST103847,0.0,0,0.0,2.0,1.0,2.29,400,0.0,1,0.0,2,At-Risk Customers
CUST103848,267.78,1,267.78,3.0,0.0,2.0,63,677.49,1,0.0,0,Potential Customers
CUST103849,1084.8,1,1084.8,1.0,0.0,5.39,254,1398.03,1,0.0,0,Potential Customers
CUST103850,1662.35,1,1662.35,1.0,0.0,3.85,177,2484.22,1,0.0,0,Potential Customers
CUST103851,3418.36,2,1709.18,2.0,0.0,5.58,112,5116.84,1,0.0,0,Potential Customers
CUST103852,3453.81,2,1726.905,2.0,0.0,2.72,51,4274.48,1,0.0,0,Potential Customers
CUST103853,1773.25,1,1773.25,2.0,0.0,6.48,158,2286.26,1,0.0,0,Potential Customers
CUST103854,2197.56,1,2197.56,2.0,0.0,1.84,236,2609.82,1,0.0,0,Potential Customers
CUST103855,2856.62,2,1428.31,3.0,0.0,2.95,339,4221.37,1,0.0,0,Potential Customers
CUST103856,1148.37,1,1148.37,3.0,0.0,1.87,146,1607.13,1,0.0,0,Potential Customers
CUST103857,1694.39,1,1694.39,2.0,0.0,4.95,51,2404.11,1,1.0,0,Potential Customers
CUST103858,3055.5,2,1527.75,2.0,0.0,14.42,165,4139.64,1,0.0,0,Potential Customers
CUST103859,5561.74,2,2780.87,1.0,0.0,5.25,182,7997.06,1,1.0,3,High Value Customers
CUST103860,3772.1,2,1886.05,5.0,0.0,3.78,343,5048.36,1,1.0,0,Potential Customers
CUST103861,1858.82,1,1858.82,1.0,0.0,3.53,192,2312.35,1,0.0,0,Potential Customers
CUST103862,2742.94,2,1371.47,0.0,0.0,2.7,34,3583.36,1,0.0,0,Potential Customers
CUST103863,2775.2,2,1387.6,2.0,0.0,8.79,56,3378.43,1,0.0,0,Potential Customers
CUST103864,11589.14840000001,4,2897.2871000000023,6.0,0.0,5.41,256,16698.97,1,1.0,3,High Value Customers
CUST103865,1903.95,2,951.975,1.0,0.0,1.26,21,2538.74,1,0.0,0,Potential Customers
CUST103866,2296.26,1,2296.26,3.0,0.0,8.69,204,3399.86,1,0.0,0,Potential Customers
CUST103867,2850.42,2,1425.21,1.0,0.0,2.2,166,4159.34,1,0.0,0,Potential Customers
CUST103868,0.0,0,0.0,0.0,0.0,2.56,400,0.0,1,0.0,2,At-Risk Customers
CUST103869,2864.59,1,2864.59,3.0,0.0,5.37,237,3740.2,1,0.0,0,Potential Customers
CUST103870,894.98,1,894.98,3.0,0.0,2.67,233,1327.35,1,0.0,0,Potential Customers
CUST103871,0.0,0,0.0,6.0,0.0,19.49,400,109.63,1,1.0,2,At-Risk Customers
CUST103872,4833.1,2,2416.55,1.0,0.0,3.43,297,6402.75,1,0.0,3,High Value Customers
CUST103873,4484.31,1,4484.31,2.0,0.0,6.32,317,4884.11,1,0.0,0,Potential Customers
CUST103874,720.44,1,720.44,3.0,1.0,1.38,336,1498.58,1,1.0,2,At-Risk Customers
CUST103875,1844.41,1,1844.41,1.0,0.0,2.63,248,2719.23,1,0.0,0,Potential Customers
CUST103876,1354.87,1,1354.87,3.0,0.0,3.7,185,1831.71,1,0.0,0,Potential Customers
CUST103877,1778.28,1,1778.28,3.0,0.0,8.15,50,2549.83,1,0.0,0,Potential Customers
CUST103878,0.0,0,0.0,1.0,0.0,1.91,400,79.48,1,1.0,2,At-Risk Customers
CUST103879,7302.31,3,2434.1033333333335,2.0,0.0,9.39,214,8994.17,1,0.0,3,High Value Customers
CUST103880,4667.28,2,2333.64,2.0,0.0,4.43,254,6570.89,1,0.0,3,High Value Customers
CUST103881,0.0,0,0.0,8.0,0.0,5.1,400,0.0,1,1.0,2,At-Risk Customers
CUST103882,1644.06,1,1644.06,1.0,0.0,2.41,95,2256.69,1,0.0,0,Potential Customers
CUST103883,2072.44,1,2072.44,1.0,0.0,2.06,25,2756.98,1,0.0,0,Potential Customers
CUST103884,1389.16,5,277.832,1.0,0.0,0.88,28,3021.39,1,0.0,0,Potential Customers
CUST103885,0.0,0,0.0,2.0,0.0,5.0,400,168.73,1,0.0,2,At-Risk Customers
CUST103886,0.0,0,0.0,3.0,0.0,6.29,400,0.0,1,0.0,2,At-Risk Customers
CUST103887,4207.17,2,2103.585,1.0,0.0,3.15,295,5827.53,1,0.0,0,Potential Customers
CUST103888,2638.34,1,2638.34,1.0,0.0,1.34,41,3494.27,1,0.0,0,Potential Customers
CUST103889,1444.13,1,1444.13,1.0,0.0,2.75,55,1819.69,1,0.0,0,Potential Customers
CUST103890,2022.35,1,2022.35,5.0,0.0,5.27,73,2981.75,1,0.0,0,Potential Customers
CUST103891,1113.89,1,1113.89,1.0,0.0,4.61,164,1567.12,1,0.0,0,Potential Customers
CUST103892,3014.38,1,3014.38,3.0,0.0,6.49,105,4090.0,1,0.0,0,Potential Customers
CUST103893,4660.63,3,1553.5433333333333,2.0,0.0,1.31,364,7116.39,1,0.0,3,High Value Customers
CUST103894,1865.86,1,1865.86,1.0,0.0,3.05,157,2429.09,1,0.0,0,Potential Customers
CUST103895,1765.46,1,1765.46,4.0,0.0,3.78,250,2556.69,1,0.0,0,Potential Customers
CUST103896,6096.79,2,3048.395,1.0,0.0,6.32,336,7430.21,1,0.0,3,High Value Customers
CUST103897,0.0,0,0.0,4.0,0.0,2.66,400,0.0,1,0.0,2,At-Risk Customers
CUST103898,1708.32,1,1708.32,1.0,0.0,5.9,183,2244.65,1,0.0,0,Potential Customers
CUST103899,4669.28,1,4669.28,2.0,0.0,2.09,190,5899.66,1,0.0,3,High Value Customers
CUST103900,1181.44,3,393.81333333333333,4.0,0.0,4.72,208,2459.39,1,0.0,0,Potential Customers
CUST103901,3560.47,2,1780.235,2.0,0.0,3.3,15,5198.74,1,0.0,0,Potential Customers
CUST103902,2036.99,1,2036.99,3.0,1.0,3.17,48,2955.38,1,0.0,0,Potential Customers
CUST103903,2428.19,1,2428.19,5.0,0.0,4.02,185,3860.55,1,0.0,0,Potential Customers
CUST103904,505.13,1,505.13,1.0,0.0,3.21,91,897.8,1,0.0,0,Potential Customers
CUST103905,0.0,0,0.0,3.0,0.0,3.02,400,96.65,1,0.0,2,At-Risk Customers
CUST103906,1206.02,1,1206.02,1.0,0.0,1.5,227,1625.4,1,0.0,0,Potential Customers
CUST103907,1183.12,1,1183.12,4.0,0.0,8.11,148,1470.56,1,0.0,0,Potential Customers
CUST103908,0.0,0,0.0,2.0,0.0,2.77,400,0.0,1,0.0,2,At-Risk Customers
CUST103909,5962.75,2,2981.375,1.0,0.0,3.97,135,8479.61,1,0.0,3,High Value Customers
CUST103910,3316.77,2,1658.385,0.0,0.0,2.25,38,4446.03,1,1.0,0,Potential Customers
CUST103911,5207.7,2,2603.85,3.0,0.0,5.42,2,6603.25,1,0.0,3,High Value Customers
CUST103912,0.0,0,0.0,3.0,0.0,7.79,400,0.0,1,0.0,2,At-Risk Customers
CUST103913,1181.96,1,1181.96,2.0,0.0,10.14,37,1288.67,1,0.0,0,Potential Customers
CUST103914,4056.91,2,2028.455,3.0,0.0,3.74,340,5321.7,1,0.0,0,Potential Customers
CUST103915,1921.97,3,640.6566666666666,2.0,0.0,2.68,346,3076.48,1,0.0,0,Potential Customers
CUST103916,0.0,0,0.0,2.0,0.0,2.56,400,0.0,1,0.0,2,At-Risk Customers
CUST103917,9542.71,4,2385.6775,4.0,0.0,4.11,250,14150.15,1,1.0,3,High Value Customers
CUST103918,0.0,0,0.0,3.0,0.0,4.84,400,0.0,1,0.0,2,At-Risk Customers
CUST103919,6097.85,2,3048.925,4.0,0.0,5.94,12,6853.32,1,0.0,3,High Value Customers
CUST103920,3387.16,1,3387.16,1.0,0.0,2.24,160,3997.75,1,0.0,0,Potential Customers
CUST103921,9400.09,4,2350.0225,1.0,0.0,4.46,218,11469.45,1,1.0,3,High Value Customers
CUST103922,0.0,0,0.0,1.0,0.0,1.99,400,162.28,1,0.0,2,At-Risk Customers
CUST103923,1349.48,5,269.896,3.0,0.0,3.7,257,3157.46,1,0.0,0,Potential Customers
CUST103924,0.0,0,0.0,4.0,0.0,10.77,400,94.59,1,0.0,2,At-Risk Customers
CUST103925,11589.14840000001,4,2897.2871000000023,1.0,0.0,3.46,208,15747.6,1,0.0,3,High Value Customers
CUST103926,1311.81,1,1311.81,2.0,0.0,2.18,58,2034.3,1,0.0,0,Potential Customers
CUST103927,2040.89,1,2040.89,1.0,0.0,5.18,336,2793.6,1,0.0,0,Potential Customers
CUST103928,770.65,1,770.65,3.0,0.0,4.02,333,1287.76,1,0.0,2,At-Risk Customers
CUST103929,2408.82,1,2408.82,2.0,0.0,2.37,105,3518.26,1,0.0,0,Potential Customers
CUST103930,0.0,0,0.0,0.0,0.0,1.57,400,85.08,1,0.0,2,At-Risk Customers
CUST103931,0.0,0,0.0,0.0,0.0,2.3,400,86.46,1,0.0,2,At-Risk Customers
CUST103932,1647.16,1,1647.16,3.0,0.0,2.98,267,2177.6,1,0.0,0,Potential Customers
CUST103933,6114.14,2,3057.07,1.0,0.0,11.74,125,7106.28,1,0.0,3,High Value Customers
CUST103934,4105.89,3,1368.63,3.0,0.0,1.52,348,6284.85,1,0.0,3,High Value Customers
CUST103935,0.0,0,0.0,1.0,0.0,1.24,400,0.0,1,0.0,2,At-Risk Customers
CUST103936,3822.08,2,1911.04,1.0,0.0,4.91,30,5107.46,1,0.0,0,Potential Customers
CUST103937,0.0,0,0.0,1.0,0.0,2.46,400,109.04,1,0.0,2,At-Risk Customers
CUST103938,5262.91,2,2631.455,3.0,0.0,2.03,7,6161.73,1,0.0,3,High Value Customers
CUST103939,2223.09,1,2223.09,2.0,0.0,6.39,124,2752.73,1,0.0,0,Potential Customers
CUST103940,0.0,0,0.0,1.0,0.0,4.32,400,0.0,1,0.0,2,At-Risk Customers
CUST103941,3345.31,2,1672.655,4.0,0.0,8.2,44,4524.15,1,0.0,0,Potential Customers
CUST103942,2498.25,2,1249.125,1.0,0.0,6.78,22,3631.61,1,0.0,0,Potential Customers
CUST103943,9126.96,5,1825.3919999999998,3.0,0.0,1.74,313,10531.64,1,0.0,3,High Value Customers
CUST103944,3652.43,2,1826.215,1.0,0.0,1.25,341,5102.21,1,0.0,0,Potential Customers
CUST103945,0.0,0,0.0,1.0,0.0,8.88,400,0.0,1,0.0,2,At-Risk Customers
CUST103946,0.0,0,0.0,4.0,0.0,3.72,400,27.91,1,0.0,2,At-Risk Customers
CUST103947,1518.29,1,1518.29,4.0,0.0,23.312000000000044,178,2180.37,1,0.0,0,Potential Customers
CUST103948,0.0,0,0.0,2.0,0.0,7.98,400,0.0,1,0.0,2,At-Risk Customers
CUST103949,1159.93,1,1159.93,2.0,0.0,10.59,42,1471.58,1,0.0,0,Potential Customers
CUST103950,0.0,0,0.0,1.0,0.0,2.09,400,0.0,1,0.0,2,At-Risk Customers
CUST103951,4164.07,2,2082.035,1.0,0.0,3.82,268,5431.91,1,0.0,0,Potential Customers
CUST103952,2608.89,1,2608.89,2.0,0.0,7.14,251,3117.49,1,0.0,0,Potential Customers
CUST103953,4348.02,2,2174.01,2.0,0.0,3.82,204,5885.84,1,0.0,0,Potential Customers
CUST103954,0.0,0,0.0,1.0,0.0,4.22,400,76.35,1,0.0,2,At-Risk Customers
CUST103955,0.0,0,0.0,1.0,0.0,4.81,400,0.0,1,0.0,2,At-Risk Customers
CUST103956,0.0,0,0.0,2.0,0.0,2.44,400,0.0,1,0.0,2,At-Risk Customers
CUST103957,3562.89,1,3562.89,3.0,0.0,2.18,164,3989.13,1,0.0,0,Potential Customers
CUST103958,3544.52,2,1772.26,6.0,0.0,3.57,298,4447.83,1,0.0,0,Potential Customers
CUST103959,5709.6,2,2854.8,1.0,0.0,3.03,139,7817.02,1,0.0,3,High Value Customers
CUST103960,970.01,1,970.01,2.0,0.0,2.19,95,1499.49,1,0.0,0,Potential Customers
CUST103961,6331.16,3,2110.3866666666668,2.0,0.0,3.71,293,9234.44,1,1.0,3,High Value Customers
CUST103962,2756.21,2,1378.105,2.0,0.0,1.63,343,3907.91,1,1.0,0,Potential Customers
CUST103963,4872.03,2,2436.015,5.0,0.0,6.91,132,5591.7,1,1.0,3,High Value Customers
CUST103964,3269.77,1,3269.77,1.0,0.0,6.13,350,4543.21,1,0.0,0,Potential Customers
CUST103965,2710.11,1,2710.11,1.0,0.0,6.54,104,3476.4,1,0.0,0,Potential Customers
CUST103966,9172.2,3,3057.4,2.0,1.0,2.25,76,11396.52,1,0.0,3,High Value Customers
CUST103967,1314.69,1,1314.69,3.0,0.0,2.06,200,2040.39,1,0.0,0,Potential Customers
CUST103968,0.0,0,0.0,6.0,0.0,10.23,400,81.51,1,0.0,2,At-Risk Customers
CUST103969,0.0,0,0.0,3.0,0.0,3.54,400,46.73,1,0.0,2,At-Risk Customers
CUST103970,7366.18,5,1473.236,5.0,0.0,6.04,79,10306.3,1,1.0,3,High Value Customers
CUST103971,9169.41,3,3056.47,3.0,0.0,1.81,102,11139.44,1,0.0,3,High Value Customers
CUST103972,344.02,1,344.02,3.0,0.0,3.32,68,763.3,1,0.0,0,Potential Customers
CUST103973,3018.18,1,3018.18,2.0,0.0,9.34,232,3241.75,1,0.0,0,Potential Customers
CUST103974,1431.6,1,1431.6,1.0,0.0,4.45,103,1855.18,1,0.0,0,Potential Customers
CUST103975,512.66,1,512.66,1.0,0.0,3.4,190,851.63,1,0.0,0,Potential Customers
CUST103976,4007.75,2,2003.875,3.0,0.0,6.03,292,5579.85,1,0.0,0,Potential Customers
CUST103977,3649.57,2,1824.785,3.0,0.0,5.06,311,5064.95,1,1.0,0,Potential Customers
CUST103978,0.0,0,0.0,4.0,0.0,17.45,400,65.97,1,0.0,2,At-Risk Customers
CUST103979,848.78,1,848.78,5.0,0.0,4.17,80,1298.7,1,0.0,0,Potential Customers
CUST103980,0.0,0,0.0,4.0,0.0,6.38,400,0.0,1,0.0,2,At-Risk Customers
CUST103981,1153.09,2,576.545,2.0,0.0,3.69,315,2077.69,1,0.0,0,Potential Customers
CUST103982,8092.51,6,1348.7516666666668,3.0,0.0,2.03,110,11312.82,1,0.0,3,High Value Customers
CUST103983,0.0,0,0.0,2.0,0.0,5.45,400,0.0,1,0.0,2,At-Risk Customers
CUST103984,0.0,0,0.0,0.0,0.0,1.45,400,5.2,1,0.0,2,At-Risk Customers
CUST103985,2553.47,2,1276.735,3.0,0.0,8.09,301,3515.2,1,0.0,0,Potential Customers
CUST103986,0.0,0,0.0,1.0,0.0,1.61,400,0.0,1,0.0,2,At-Risk Customers
CUST103987,0.0,0,0.0,1.0,0.0,2.18,400,0.0,1,0.0,2,At-Risk Customers
CUST103988,6258.64,2,3129.32,1.0,0.0,2.06,350,7722.81,1,0.0,3,High Value Customers
CUST103989,2013.43,1,2013.43,3.0,0.0,6.26,166,2370.74,1,0.0,0,Potential Customers
CUST103990,6849.58,2,3424.79,4.0,3.0,1.85,129,9222.28,1,0.0,1,Loyal Customers
CUST103991,1371.46,1,1371.46,1.0,3.0,5.79,212,1963.68,1,0.0,1,Loyal Customers
CUST103992,371.58,1,371.58,6.0,2.0,2.53,324,715.07,1,1.0,1,Loyal Customers
CUST103993,0.0,0,0.0,2.0,0.0,3.74,400,22.61,1,0.0,2,At-Risk Customers
CUST103994,1873.04,2,936.52,2.0,0.0,2.79,340,3003.31,1,0.0,0,Potential Customers
CUST103995,6484.82,3,2161.6066666666666,6.0,0.0,20.68,88,9331.52,1,1.0,3,High Value Customers
CUST103996,2724.8,2,1362.4,2.0,0.0,1.27,80,4624.65,1,0.0,0,Potential Customers
CUST103997,2309.58,3,769.86,2.0,0.0,5.71,289,4232.81,1,0.0,0,Potential Customers
CUST103998,5284.7,4,1321.175,2.0,2.0,4.03,79,6736.51,1,1.0,1,Loyal Customers
CUST103999,0.0,0,0.0,0.0,0.0,2.35,400,51.5,1,0.0,2,At-Risk Customers
CUST104000,0.0,0,0.0,1.0,0.0,5.35,400,8.56,1,0.0,2,At-Risk Customers
CUST104001,4008.51,2,2004.255,3.0,0.0,2.07,304,5244.24,1,0.0,0,Potential Customers
CUST104002,2517.82,1,2517.82,1.0,0.0,1.91,60,3646.15,1,0.0,0,Potential Customers
CUST104003,0.0,0,0.0,1.0,0.0,1.82,400,27.34,1,0.0,2,At-Risk Customers
CUST104004,11589.14840000001,4,2897.2871000000023,1.0,0.0,4.3,142,20371.08,1,0.0,3,High Value Customers
CUST104005,3864.32,1,3864.32,1.0,0.0,2.67,159,5331.3,1,1.0,0,Potential Customers
CUST104006,4200.97,2,2100.485,0.0,0.0,2.21,245,5233.21,1,1.0,0,Potential Customers
CUST104007,3704.12,2,1852.06,0.0,0.0,5.16,276,4380.62,1,0.0,0,Potential Customers
CUST104008,3449.16,1,3449.16,5.0,0.0,8.63,91,4289.8,1,0.0,0,Potential Customers
CUST104009,2819.83,2,1409.915,1.0,0.0,1.5,203,3577.04,1,0.0,0,Potential Customers
CUST104010,2431.68,1,2431.68,3.0,0.0,5.11,74,3241.66,1,0.0,0,Potential Customers
CUST104011,1375.17,2,687.585,1.0,0.0,5.85,183,2355.96,1,0.0,0,Potential Customers
CUST104012,1136.35,1,1136.35,5.0,0.0,9.89,209,1664.53,1,0.0,0,Potential Customers
CUST104013,4667.57,2,2333.785,4.0,0.0,3.31,45,5305.42,1,0.0,0,Potential Customers
CUST104014,7148.58,4,1787.145,2.0,0.0,11.96,248,9272.03,1,0.0,3,High Value Customers
CUST104015,4605.92,2,2302.96,1.0,0.0,6.1,31,5659.53,1,0.0,0,Potential Customers
CUST104016,1683.39,1,1683.39,1.0,0.0,1.09,111,1962.71,1,0.0,0,Potential Customers
CUST104017,0.0,0,0.0,3.0,0.0,5.0,400,0.0,1,0.0,2,At-Risk Customers
CUST104018,1494.72,1,1494.72,1.0,0.0,4.01,279,2097.85,1,0.0,0,Potential Customers
CUST104019,3010.92,1,3010.92,2.0,0.0,8.08,238,4311.06,1,0.0,0,Potential Customers
CUST104020,0.0,0,0.0,2.0,0.0,9.26,400,0.0,1,0.0,2,At-Risk Customers
CUST104021,3207.22,2,1603.61,0.0,0.0,2.05,251,4266.12,1,0.0,0,Potential Customers
CUST104022,679.42,1,679.42,1.0,0.0,7.65,20,1118.13,1,0.0,0,Potential Customers
CUST104023,0.0,0,0.0,2.0,0.0,3.7,400,0.0,1,0.0,2,At-Risk Customers
CUST104024,3978.58,2,1989.29,2.0,2.0,2.47,91,5381.97,1,0.0,1,Loyal Customers
CUST104025,2363.76,2,1181.88,2.0,0.0,11.18,177,3100.36,1,0.0,0,Potential Customers
CUST104026,1578.94,1,1578.94,2.0,0.0,2.91,332,2544.43,1,0.0,0,Potential Customers
CUST104027,6261.74,3,2087.2466666666664,1.0,0.0,4.15,24,7960.23,1,0.0,3,High Value Customers
CUST104028,1022.54,1,1022.54,1.0,0.0,3.85,135,1522.38,1,0.0,0,Potential Customers
CUST104029,922.16,2,461.08,1.0,0.0,5.81,207,1685.07,1,0.0,0,Potential Customers
CUST104030,3021.95,2,1510.975,4.0,0.0,10.21,135,4098.78,1,0.0,0,Potential Customers
CUST104031,0.0,0,0.0,5.0,0.0,12.51,400,0.0,1,0.0,2,At-Risk Customers
CUST104032,0.0,0,0.0,2.0,0.0,7.64,400,0.0,1,0.0,2,At-Risk Customers
CUST104033,0.0,0,0.0,3.0,0.0,1.24,400,44.43,1,0.0,2,At-Risk Customers
CUST104034,1844.53,1,1844.53,2.0,0.0,11.25,155,2472.08,1,1.0,0,Potential Customers
CUST104035,2604.86,2,1302.43,4.0,0.0,6.18,45,4269.3,1,0.0,0,Potential Customers
CUST104036,4350.26,2,2175.13,4.0,0.0,8.74,270,5924.71,1,0.0,0,Potential Customers
CUST104037,0.0,0,0.0,5.0,0.0,3.28,400,26.08,1,0.0,2,At-Risk Customers
CUST104038,3508.33,2,1754.165,1.0,0.0,4.02,149,4425.23,1,1.0,0,Potential Customers
CUST104039,1907.79,2,953.895,7.0,2.0,7.88,126,2792.26,1,0.0,1,Loyal Customers
CUST104040,1756.85,1,1756.85,4.0,0.0,16.58,242,2024.56,1,0.0,0,Potential Customers
CUST104041,1652.3,1,1652.3,3.0,0.0,4.64,43,2022.88,1,0.0,0,Potential Customers
CUST104042,1955.18,1,1955.18,1.0,0.0,1.69,349,2987.41,1,0.0,0,Potential Customers
CUST104043,0.0,0,0.0,2.0,0.0,6.16,400,188.78,1,0.0,2,At-Risk Customers
CUST104044,1689.35,1,1689.35,1.0,0.0,3.56,300,2551.8,1,0.0,0,Potential Customers
CUST104045,4729.09,2,2364.545,3.0,0.0,1.94,74,5989.56,1,0.0,3,High Value Customers
CUST104046,4029.27,2,2014.635,3.0,0.0,3.7,170,5929.55,1,0.0,0,Potential Customers
CUST104047,1713.75,1,1713.75,1.0,0.0,5.66,120,2253.08,1,1.0,0,Potential Customers
CUST104048,0.0,0,0.0,5.0,0.0,8.47,400,0.0,1,0.0,2,At-Risk Customers
CUST104049,4312.39,2,2156.195,1.0,0.0,2.89,108,5310.12,1,0.0,0,Potential Customers
CUST104050,283.16,1,283.16,3.0,0.0,2.98,43,774.84,1,0.0,0,Potential Customers
CUST104051,3623.11,2,1811.555,1.0,0.0,3.78,102,5389.23,1,0.0,0,Potential Customers
CUST104052,4379.34,2,2189.67,3.0,0.0,13.86,292,6088.02,1,0.0,0,Potential Customers
CUST104053,3197.26,2,1598.63,5.0,0.0,10.38,32,4122.39,1,0.0,0,Potential Customers
CUST104054,2649.08,4,662.27,4.0,0.0,6.02,88,5037.34,1,0.0,0,Potential Customers
CUST104055,3462.12,1,3462.12,1.0,0.0,5.86,320,4146.13,1,0.0,0,Potential Customers
CUST104056,0.0,0,0.0,3.0,0.0,3.25,400,0.0,1,0.0,2,At-Risk Customers
CUST104057,0.0,0,0.0,2.0,0.0,6.96,400,76.35,1,0.0,2,At-Risk Customers
CUST104058,4963.66,2,2481.83,2.0,0.0,2.02,202,6528.97,1,0.0,3,High Value Customers
CUST104059,0.0,0,0.0,3.0,0.0,5.67,400,0.0,1,0.0,2,At-Risk Customers
CUST104060,2657.83,1,2657.83,1.0,0.0,0.98,128,3568.68,1,1.0,0,Potential Customers
CUST104061,2545.24,1,2545.24,1.0,0.0,1.29,15,3234.79,1,0.0,0,Potential Customers
CUST104062,7530.12,3,2510.04,1.0,2.0,1.05,309,9383.34,1,1.0,3,High Value Customers
CUST104063,3735.79,2,1867.895,3.0,0.0,15.14,41,4674.87,1,0.0,0,Potential Customers
CUST104064,1394.24,1,1394.24,0.0,0.0,3.63,168,1987.24,1,0.0,0,Potential Customers
CUST104065,3570.93,1,3570.93,3.0,2.0,1.57,61,4559.48,1,0.0,1,Loyal Customers
CUST104066,3855.01,4,963.7525,5.0,0.0,22.34,203,5914.64,1,0.0,3,High Value Customers
CUST104067,1341.07,2,670.535,1.0,0.0,2.36,122,2101.34,1,1.0,0,Potential Customers
CUST104068,3587.71,3,1195.9033333333334,1.0,0.0,5.86,184,5604.31,1,0.0,0,Potential Customers
CUST104069,2260.48,1,2260.48,2.0,0.0,2.34,18,2974.65,1,0.0,0,Potential Customers
CUST104070,0.0,0,0.0,2.0,0.0,7.07,400,0.0,1,0.0,2,At-Risk Customers
CUST104071,1078.56,1,1078.56,3.0,0.0,4.01,83,1708.48,1,0.0,0,Potential Customers
CUST104072,2417.73,1,2417.73,0.0,0.0,2.4,210,2953.86,1,0.0,0,Potential Customers
CUST104073,1794.38,1,1794.38,2.0,0.0,1.59,82,2605.11,1,0.0,0,Potential Customers
CUST104074,5624.62,3,1874.8733333333332,2.0,0.0,2.47,153,8313.68,1,1.0,3,High Value Customers
CUST104075,5993.07,3,1997.6899999999998,2.0,0.0,2.01,15,8571.89,1,1.0,3,High Value Customers
CUST104076,3466.61,1,3466.61,1.0,0.0,4.02,364,4638.44,1,0.0,0,Potential Customers
CUST104077,0.0,0,0.0,4.0,0.0,6.78,400,45.49,1,0.0,2,At-Risk Customers
CUST104078,0.0,0,0.0,3.0,0.0,4.02,400,0.0,1,0.0,2,At-Risk Customers
CUST104079,0.0,0,0.0,1.0,0.0,2.52,400,36.1,1,0.0,2,At-Risk Customers
CUST104080,0.0,0,0.0,1.0,0.0,0.94,400,0.0,1,1.0,2,At-Risk Customers
CUST104081,1154.57,1,1154.57,0.0,3.0,5.23,17,1699.14,1,1.0,1,Loyal Customers
CUST104082,989.8,1,989.8,2.0,0.0,4.52,35,1743.21,1,0.0,0,Potential Customers
CUST104083,2102.93,1,2102.93,2.0,0.0,2.01,191,2606.56,1,0.0,0,Potential Customers
CUST104084,5783.11,2,2891.555,3.0,0.0,3.89,29,7640.72,1,0.0,3,High Value Customers
CUST104085,597.15,1,597.15,1.0,0.0,0.76,296,1085.55,1,0.0,2,At-Risk Customers
CUST104086,1744.63,1,1744.63,3.0,0.0,4.08,326,2242.62,1,0.0,0,Potential Customers
CUST104087,333.55,1,333.55,1.0,0.0,3.64,212,526.18,1,0.0,2,At-Risk Customers
CUST104088,4508.66,2,2254.33,3.0,0.0,10.28,327,5905.72,1,0.0,0,Potential Customers
CUST104089,2398.11,1,2398.11,2.0,0.0,4.84,328,3009.67,1,0.0,0,Potential Customers
CUST104090,3107.81,3,1035.9366666666667,1.0,0.0,4.32,308,4703.86,1,0.0,0,Potential Customers
CUST104091,2160.27,1,2160.27,4.0,0.0,16.04,203,3117.08,1,0.0,0,Potential Customers
CUST104092,8411.84,3,2803.9466666666667,3.0,0.0,2.33,113,10429.26,1,0.0,3,High Value Customers
CUST104093,481.77,1,481.77,2.0,0.0,1.42,116,630.99,1,0.0,0,Potential Customers
CUST104094,0.0,0,0.0,1.0,0.0,7.68,400,97.38,1,1.0,2,At-Risk Customers
CUST104095,0.0,0,0.0,2.0,1.0,8.43,400,0.0,1,1.0,2,At-Risk Customers
CUST104096,0.0,0,0.0,2.0,0.0,8.57,400,70.17,1,0.0,2,At-Risk Customers
CUST104097,3147.89,2,1573.945,0.0,0.0,3.45,146,4350.86,1,0.0,0,Potential Customers
CUST104098,2158.46,1,2158.46,1.0,0.0,2.47,47,2804.4,1,0.0,0,Potential Customers
CUST104099,0.0,0,0.0,2.0,0.0,1.7,400,0.0,1,0.0,2,At-Risk Customers
CUST104100,3757.35,3,1252.45,2.0,0.0,2.18,154,5706.31,1,0.0,0,Potential Customers
CUST104101,2560.66,1,2560.66,2.0,0.0,1.41,2,3323.22,1,0.0,0,Potential Customers
CUST104102,1158.37,1,1158.37,2.0,0.0,2.98,339,1646.88,1,1.0,2,At-Risk Customers
CUST104103,0.0,0,0.0,3.0,0.0,12.95,400,56.84,1,0.0,2,At-Risk Customers
CUST104104,534.67,1,534.67,5.0,0.0,2.77,364,971.78,1,0.0,2,At-Risk Customers
CUST104105,6321.7,3,2107.233333333333,1.0,0.0,4.44,294,7383.24,1,0.0,3,High Value Customers
CUST104106,1654.98,1,1654.98,1.0,0.0,5.95,294,2498.39,1,1.0,0,Potential Customers
CUST104107,0.0,0,0.0,4.0,0.0,3.15,400,75.76,1,0.0,2,At-Risk Customers
CUST104108,0.0,0,0.0,5.0,0.0,3.13,400,0.0,1,0.0,2,At-Risk Customers
CUST104109,1120.91,1,1120.91,4.0,0.0,9.98,262,1343.6,1,0.0,0,Potential Customers
CUST104110,4488.53,2,2244.265,1.0,0.0,4.62,66,5956.36,1,1.0,0,Potential Customers
CUST104111,1411.92,1,1411.92,2.0,0.0,8.94,8,2026.77,1,0.0,0,Potential Customers
CUST104112,2019.77,3,673.2566666666667,8.0,0.0,21.57,97,2821.23,1,0.0,0,Potential Customers
CUST104113,1018.79,1,1018.79,1.0,0.0,2.21,201,1564.35,1,0.0,0,Potential Customers
CUST104114,2774.84,2,1387.42,2.0,0.0,3.64,340,3246.46,1,0.0,0,Potential Customers
CUST104115,0.0,0,0.0,6.0,0.0,3.61,400,56.86,1,0.0,2,At-Risk Customers
CUST104116,0.0,0,0.0,1.0,2.0,2.87,400,104.7,1,1.0,1,Loyal Customers
CUST104117,9700.79,2,4850.395,2.0,0.0,3.0,239,11951.78,1,0.0,3,High Value Customers
CUST104118,4860.57,3,1620.1899999999998,1.0,0.0,10.83,357,7160.55,1,0.0,3,High Value Customers
CUST104119,4071.45,2,2035.725,2.0,0.0,4.35,227,5627.35,1,1.0,0,Potential Customers
CUST104120,0.0,0,0.0,4.0,2.0,23.16,400,177.13,1,1.0,1,Loyal Customers
CUST104121,2667.35,1,2667.35,2.0,0.0,3.05,182,3672.44,1,0.0,0,Potential Customers
CUST104122,1838.75,1,1838.75,3.0,0.0,11.64,284,2526.48,1,0.0,0,Potential Customers
CUST104123,0.0,0,0.0,6.0,2.0,13.89,400,0.0,1,0.0,1,Loyal Customers
CUST104124,1413.9,1,1413.9,1.0,2.0,3.83,150,2037.13,1,0.0,1,Loyal Customers
CUST104125,0.0,0,0.0,3.0,0.0,5.55,400,0.0,1,0.0,2,At-Risk Customers
CUST104126,0.0,0,0.0,1.0,0.0,7.52,400,68.01,1,0.0,2,At-Risk Customers
CUST104127,686.28,2,343.14,1.0,0.0,2.75,59,1578.88,1,1.0,0,Potential Customers
CUST104128,0.0,0,0.0,4.0,0.0,13.0,400,137.56,1,0.0,2,At-Risk Customers
CUST104129,1996.34,1,1996.34,3.0,0.0,2.3,32,2321.98,1,0.0,0,Potential Customers
CUST104130,4868.63,3,1622.8766666666668,3.0,0.0,2.82,247,5896.57,1,0.0,3,High Value Customers
CUST104131,4839.21,1,4839.21,1.0,0.0,2.84,344,5831.57,1,0.0,3,High Value Customers
CUST104132,4778.2,2,2389.1,1.0,0.0,4.75,363,6255.66,1,0.0,3,High Value Customers
CUST104133,0.0,0,0.0,1.0,0.0,5.1,400,0.0,1,0.0,2,At-Risk Customers
CUST104134,1070.83,2,535.415,0.0,0.0,4.02,360,1525.51,1,0.0,2,At-Risk Customers
CUST104135,998.51,2,499.255,3.0,0.0,3.75,139,1736.8,1,0.0,0,Potential Customers
CUST104136,2191.83,2,1095.915,1.0,0.0,1.86,26,3025.18,1,0.0,0,Potential Customers
CUST104137,681.9,1,681.9,2.0,0.0,9.16,204,1046.49,1,0.0,0,Potential Customers
CUST104138,1793.75,1,1793.75,4.0,0.0,6.6,338,2727.09,1,0.0,0,Potential Customers
CUST104139,1051.35,1,1051.35,2.0,0.0,3.18,28,1385.81,1,0.0,0,Potential Customers
CUST104140,0.0,0,0.0,3.0,0.0,3.54,400,124.97,1,0.0,2,At-Risk Customers
CUST104141,5433.33,2,2716.665,4.0,0.0,2.55,60,7229.83,1,1.0,3,High Value Customers
CUST104142,0.0,0,0.0,3.0,0.0,2.12,400,0.0,1,0.0,2,At-Risk Customers
CUST104143,3694.88,2,1847.44,4.0,0.0,1.9,54,5280.1,1,1.0,0,Potential Customers
CUST104144,2316.42,2,1158.21,1.0,0.0,2.12,55,3064.22,1,0.0,0,Potential Customers
CUST104145,3493.12,2,1746.56,1.0,0.0,7.93,33,5021.75,1,0.0,0,Potential Customers
CUST104146,2233.5,1,2233.5,2.0,0.0,8.37,272,2893.09,1,0.0,0,Potential Customers
CUST104147,0.0,0,0.0,6.0,0.0,1.55,400,204.96,1,1.0,2,At-Risk Customers
CUST104148,2150.85,2,1075.425,2.0,1.0,6.61,5,3467.85,1,1.0,0,Potential Customers
CUST104149,1329.57,1,1329.57,0.0,0.0,1.73,203,2019.51,1,0.0,0,Potential Customers
CUST104150,1102.6,1,1102.6,4.0,0.0,6.93,350,1878.95,1,0.0,2,At-Risk Customers
CUST104151,990.09,1,990.09,1.0,0.0,4.3,175,1754.29,1,0.0,0,Potential Customers
CUST104152,0.0,0,0.0,1.0,0.0,2.82,400,0.0,1,0.0,2,At-Risk Customers
CUST104153,0.0,0,0.0,1.0,0.0,5.54,400,0.0,1,0.0,2,At-Risk Customers
CUST104154,483.28,1,483.28,3.0,0.0,10.42,277,771.04,1,1.0,2,At-Risk Customers
CUST104155,1780.53,1,1780.53,4.0,0.0,1.09,229,2519.37,1,0.0,0,Potential Customers
CUST104156,2010.98,2,1005.49,2.0,0.0,8.99,166,2948.33,1,0.0,0,Potential Customers
CUST104157,0.0,0,0.0,4.0,0.0,2.32,400,35.01,1,0.0,2,At-Risk Customers
CUST104158,0.0,0,0.0,3.0,0.0,10.99,400,51.28,1,0.0,2,At-Risk Customers
CUST104159,773.1,3,257.7,1.0,0.0,7.44,227,1525.45,1,0.0,0,Potential Customers
CUST104160,1452.76,1,1452.76,3.0,0.0,1.85,48,2166.82,1,0.0,0,Potential Customers
CUST104161,0.0,0,0.0,4.0,0.0,2.7,400,189.35,1,0.0,2,At-Risk Customers
CUST104162,3963.6,2,1981.8,2.0,0.0,5.68,357,5330.53,1,0.0,0,Potential Customers
CUST104163,5360.07,2,2680.035,1.0,0.0,7.87,36,6657.04,1,1.0,3,High Value Customers
CUST104164,5928.02,2,2964.01,2.0,2.0,5.66,40,6768.11,1,0.0,1,Loyal Customers
CUST104165,4773.29,2,2386.645,4.0,0.0,5.33,231,5835.92,1,0.0,3,High Value Customers
CUST104166,808.77,1,808.77,1.0,0.0,2.59,196,1213.57,1,0.0,0,Potential Customers
CUST104167,2287.12,2,1143.56,0.0,0.0,4.15,15,3593.79,1,0.0,0,Potential Customers
CUST104168,785.52,1,785.52,2.0,0.0,3.85,200,1460.33,1,0.0,0,Potential Customers
CUST104169,2446.1,2,1223.05,1.0,0.0,1.42,215,3801.35,1,0.0,0,Potential Customers
CUST104170,941.5,1,941.5,3.0,0.0,5.13,232,1400.17,1,0.0,0,Potential Customers
CUST104171,0.0,0,0.0,3.0,0.0,3.14,400,90.72,1,0.0,2,At-Risk Customers
CUST104172,741.5,1,741.5,2.0,3.0,10.62,154,1048.71,1,1.0,1,Loyal Customers
CUST104173,4183.13,3,1394.3766666666668,3.0,0.0,9.2,138,5727.71,1,0.0,3,High Value Customers
CUST104174,4912.03,2,2456.015,5.0,0.0,4.61,238,6877.03,1,0.0,3,High Value Customers
CUST104175,5032.79,2,2516.395,4.0,0.0,8.78,76,6879.07,1,0.0,3,High Value Customers
CUST104176,0.0,0,0.0,0.0,0.0,6.24,400,0.0,1,0.0,2,At-Risk Customers
CUST104177,1188.73,2,594.365,2.0,0.0,3.99,20,1838.23,1,1.0,0,Potential Customers
CUST104178,0.0,0,0.0,0.0,0.0,1.51,400,92.94,1,0.0,2,At-Risk Customers
CUST104179,3624.69,3,1208.23,3.0,0.0,3.63,285,5344.98,1,0.0,0,Potential Customers
CUST104180,1774.76,1,1774.76,1.0,0.0,3.21,277,2547.86,1,0.0,0,Potential Customers
CUST104181,1537.5,1,1537.5,3.0,0.0,3.75,125,2185.64,1,0.0,0,Potential Customers
CUST104182,0.0,0,0.0,4.0,0.0,3.45,400,33.57,1,0.0,2,At-Risk Customers
CUST104183,0.0,0,0.0,1.0,2.0,8.78,400,26.87,1,0.0,1,Loyal Customers
CUST104184,6293.94,3,2097.98,4.0,0.0,9.49,350,9004.81,1,0.0,3,High Value Customers
CUST104185,1507.42,2,753.71,1.0,2.0,2.88,81,2207.6,1,1.0,1,Loyal Customers
CUST104186,0.0,0,0.0,3.0,0.0,1.6,400,165.81,1,0.0,2,At-Risk Customers
CUST104187,2276.64,1,2276.64,0.0,0.0,2.06,306,2697.02,1,0.0,0,Potential Customers
CUST104188,6957.23,2,3478.615,2.0,3.0,9.67,242,9697.64,1,0.0,1,Loyal Customers
CUST104189,0.0,0,0.0,2.0,0.0,7.92,400,24.31,1,0.0,2,At-Risk Customers
CUST104190,2077.73,2,1038.865,2.0,0.0,1.83,337,2754.39,1,1.0,0,Potential Customers
CUST104191,9269.11,4,2317.2775,2.0,0.0,1.45,298,13729.57,1,0.0,3,High Value Customers
CUST104192,2215.08,1,2215.08,2.0,0.0,2.68,6,3040.63,1,1.0,0,Potential Customers
CUST104193,2314.43,1,2314.43,5.0,0.0,14.25,30,2781.6,1,0.0,0,Potential Customers
CUST104194,2752.02,2,1376.01,1.0,0.0,5.44,317,3960.27,1,0.0,0,Potential Customers
CUST104195,0.0,0,0.0,2.0,0.0,3.44,400,120.05,1,0.0,2,At-Risk Customers
CUST104196,1041.83,1,1041.83,5.0,1.0,3.71,97,1511.31,1,0.0,0,Potential Customers
CUST104197,4458.83,2,2229.415,0.0,0.0,1.09,163,6162.84,1,0.0,3,High Value Customers
CUST104198,2336.24,1,2336.24,2.0,0.0,3.31,340,3375.62,1,0.0,0,Potential Customers
CUST104199,0.0,0,0.0,4.0,0.0,9.66,400,122.49,1,0.0,2,At-Risk Customers
CUST104200,1185.42,1,1185.42,6.0,0.0,3.08,86,1682.94,1,0.0,0,Potential Customers
CUST104201,0.0,0,0.0,2.0,0.0,3.42,400,0.0,1,0.0,2,At-Risk Customers
CUST104202,0.0,0,0.0,2.0,0.0,5.11,400,0.0,1,0.0,2,At-Risk Customers
CUST104203,0.0,0,0.0,2.0,2.0,1.85,400,0.0,1,1.0,1,Loyal Customers
CUST104204,0.0,0,0.0,2.0,3.0,5.12,400,0.0,1,0.0,1,Loyal Customers
CUST104205,11589.14840000001,5,2317.8296800000016,3.0,0.0,2.27,44,16219.98,1,0.0,3,High Value Customers
CUST104206,1272.78,1,1272.78,2.0,0.0,2.86,50,1985.51,1,0.0,0,Potential Customers
CUST104207,3337.62,1,3337.62,4.0,0.0,3.11,169,4623.07,1,0.0,0,Potential Customers
CUST104208,4807.4,2,2403.7,2.0,0.0,3.11,245,6994.99,1,0.0,3,High Value Customers
CUST104209,4898.46,3,1632.82,4.0,0.0,4.36,24,5798.27,1,0.0,3,High Value Customers
CUST104210,1503.51,1,1503.51,3.0,3.0,3.85,198,2352.36,1,0.0,1,Loyal Customers
CUST104211,5074.47,2,2537.235,3.0,0.0,3.57,342,6733.32,1,0.0,3,High Value Customers
CUST104212,2244.91,2,1122.455,4.0,0.0,4.42,256,3203.6,1,0.0,0,Potential Customers
CUST104213,6379.54,2,3189.77,0.0,0.0,2.15,228,9268.37,1,0.0,3,High Value Customers
CUST104214,0.0,0,0.0,3.0,0.0,0.9,400,222.78,1,0.0,2,At-Risk Customers
CUST104215,5049.88,2,2524.94,2.0,0.0,4.03,326,7230.61,1,1.0,3,High Value Customers
CUST104216,0.0,0,0.0,1.0,0.0,2.51,400,0.0,1,0.0,2,At-Risk Customers
CUST104217,2410.06,2,1205.03,4.0,0.0,5.57,307,3197.34,1,1.0,0,Potential Customers
CUST104218,0.0,0,0.0,5.0,0.0,2.76,400,96.87,1,0.0,2,At-Risk Customers
CUST104219,3172.38,1,3172.38,5.0,0.0,1.07,76,4435.04,1,0.0,0,Potential Customers
CUST104220,0.0,0,0.0,3.0,0.0,3.73,400,161.06,1,0.0,2,At-Risk Customers
CUST104221,4168.06,2,2084.03,1.0,0.0,8.47,158,5329.59,1,0.0,0,Potential Customers
CUST104222,6574.69,2,3287.345,1.0,0.0,5.05,196,8003.21,1,0.0,3,High Value Customers
CUST104223,2411.77,1,2411.77,3.0,0.0,1.5,160,3324.09,1,0.0,0,Potential Customers
CUST104224,0.0,0,0.0,1.0,0.0,2.62,400,0.0,1,0.0,2,At-Risk Customers
CUST104225,8004.88,3,2668.2933333333335,1.0,0.0,2.86,47,10470.69,1,0.0,3,High Value Customers
CUST104226,0.0,0,0.0,3.0,0.0,3.57,400,0.0,1,0.0,2,At-Risk Customers
CUST104227,0.0,0,0.0,7.0,0.0,2.69,400,233.57,1,0.0,2,At-Risk Customers
CUST104228,6052.85,2,3026.425,1.0,0.0,1.19,35,8491.69,1,0.0,3,High Value Customers
CUST104229,2010.98,1,2010.98,2.0,0.0,3.68,146,2925.53,1,0.0,0,Potential Customers
CUST104230,0.0,0,0.0,1.0,0.0,11.05,400,0.0,1,0.0,2,At-Risk Customers
CUST104231,0.0,0,0.0,5.0,0.0,2.57,400,0.0,1,0.0,2,At-Risk Customers
CUST104232,4006.24,1,4006.24,5.0,0.0,1.7,214,5480.69,1,0.0,0,Potential Customers
CUST104233,5546.58,3,1848.86,2.0,0.0,10.99,104,6922.08,1,0.0,3,High Value Customers
CUST104234,0.0,0,0.0,6.0,2.0,15.56,400,15.6,1,0.0,1,Loyal Customers
CUST104235,6098.98,2,3049.49,1.0,0.0,3.05,257,7408.81,1,0.0,3,High Value Customers
CUST104236,1691.99,1,1691.99,10.0,0.0,4.79,5,2108.8,1,1.0,0,Potential Customers
CUST104237,0.0,0,0.0,3.0,0.0,4.73,400,99.65,1,0.0,2,At-Risk Customers
CUST104238,4126.39,3,1375.4633333333334,3.0,0.0,7.55,206,5290.71,1,1.0,0,Potential Customers
CUST104239,6201.04,3,2067.0133333333333,1.0,0.0,1.86,287,7379.94,1,1.0,3,High Value Customers
CUST104240,1801.12,1,1801.12,2.0,3.0,3.97,147,2416.07,1,1.0,1,Loyal Customers
CUST104241,1561.42,1,1561.42,3.0,0.0,1.89,169,2187.92,1,0.0,0,Potential Customers
CUST104242,5212.26,2,2606.13,2.0,0.0,5.16,51,7833.52,1,0.0,3,High Value Customers
CUST104243,2351.53,1,2351.53,4.0,0.0,11.69,89,3228.54,1,1.0,0,Potential Customers
CUST104244,1859.85,2,929.925,3.0,0.0,5.12,49,3032.04,1,1.0,0,Potential Customers
CUST104245,1540.26,2,770.13,6.0,0.0,2.24,226,2049.77,1,1.0,0,Potential Customers
CUST104246,325.68,1,325.68,5.0,3.0,8.14,230,785.36,1,1.0,1,Loyal Customers
CUST104247,0.0,0,0.0,1.0,0.0,2.64,400,0.0,1,0.0,2,At-Risk Customers
CUST104248,9907.33,3,3302.443333333333,6.0,0.0,5.65,342,11357.6,1,0.0,3,High Value Customers
CUST104249,3151.67,2,1575.835,4.0,0.0,2.35,348,4550.33,1,0.0,0,Potential Customers
CUST104250,0.0,0,0.0,2.0,0.0,1.6,400,21.7,1,0.0,2,At-Risk Customers
CUST104251,0.0,0,0.0,2.0,0.0,2.38,400,70.26,1,0.0,2,At-Risk Customers
CUST104252,0.0,0,0.0,4.0,0.0,0.76,400,0.0,1,1.0,2,At-Risk Customers
CUST104253,8680.85,3,2893.616666666667,1.0,0.0,1.9,311,11949.67,1,0.0,3,High Value Customers
CUST104254,333.57,1,333.57,4.0,0.0,18.15,107,750.8,1,0.0,0,Potential Customers
CUST104255,0.0,0,0.0,1.0,0.0,0.76,400,0.0,1,0.0,2,At-Risk Customers
CUST104256,0.0,0,0.0,1.0,0.0,1.35,400,0.0,1,0.0,2,At-Risk Customers
CUST104257,4021.45,2,2010.725,6.0,0.0,13.72,110,5649.35,1,0.0,0,Potential Customers
CUST104258,3668.38,3,1222.7933333333333,2.0,0.0,2.07,336,5048.82,1,0.0,0,Potential Customers
CUST104259,0.0,0,0.0,1.0,0.0,3.06,400,213.48,1,0.0,2,At-Risk Customers
CUST104260,1453.96,1,1453.96,1.0,0.0,4.01,244,1900.17,1,0.0,0,Potential Customers
CUST104261,0.0,0,0.0,0.0,0.0,1.28,400,0.0,1,0.0,2,At-Risk Customers
CUST104262,0.0,0,0.0,8.0,0.0,8.42,400,0.0,1,1.0,2,At-Risk Customers
CUST104263,935.64,1,935.64,1.0,0.0,3.73,1,1286.49,1,0.0,0,Potential Customers
CUST104264,10692.52,4,2673.13,2.0,0.0,2.6,104,14101.1,1,0.0,3,High Value Customers
CUST104265,3868.83,2,1934.415,4.0,0.0,7.85,117,5328.3,1,0.0,0,Potential Customers
CUST104266,1097.97,1,1097.97,0.0,0.0,1.6,122,1588.35,1,0.0,0,Potential Customers
CUST104267,0.0,0,0.0,1.0,0.0,4.17,400,288.39,1,0.0,2,At-Risk Customers
CUST104268,1647.91,1,1647.91,1.0,0.0,1.99,165,1782.51,1,0.0,0,Potential Customers
CUST104269,0.0,0,0.0,3.0,0.0,1.68,400,0.0,1,0.0,2,At-Risk Customers
CUST104270,5148.39,2,2574.195,5.0,0.0,16.47,193,5955.83,1,0.0,3,High Value Customers
CUST104271,1851.94,1,1851.94,2.0,0.0,4.43,56,2566.59,1,0.0,0,Potential Customers
CUST104272,0.0,0,0.0,1.0,0.0,7.87,400,24.13,1,0.0,2,At-Risk Customers
CUST104273,4562.82,3,1520.9399999999998,2.0,0.0,2.82,48,6144.26,1,0.0,3,High Value Customers
CUST104274,3498.7,3,1166.2333333333333,4.0,0.0,1.97,254,4623.77,1,0.0,0,Potential Customers
CUST104275,847.36,1,847.36,3.0,0.0,0.76,70,1145.42,1,0.0,0,Potential Customers
CUST104276,6476.73,3,2158.91,1.0,0.0,3.25,205,8326.2,1,1.0,3,High Value Customers
CUST104277,0.0,0,0.0,2.0,0.0,1.27,400,41.04,1,0.0,2,At-Risk Customers
CUST104278,1270.26,1,1270.26,2.0,2.0,4.33,246,1573.39,1,0.0,1,Loyal Customers
CUST104279,0.0,0,0.0,1.0,0.0,1.64,400,30.29,1,0.0,2,At-Risk Customers
CUST104280,0.0,0,0.0,2.0,0.0,5.63,400,39.19,1,0.0,2,At-Risk Customers
CUST104281,2497.38,1,2497.38,3.0,0.0,17.13,86,3311.38,1,0.0,0,Potential Customers
CUST104282,0.0,0,0.0,3.0,2.0,23.312000000000044,400,0.0,1,0.0,1,Loyal Customers
CUST104283,0.0,0,0.0,2.0,0.0,5.08,400,137.11,1,0.0,2,At-Risk Customers
CUST104284,0.0,0,0.0,0.0,0.0,4.02,400,0.0,1,0.0,2,At-Risk Customers
CUST104285,0.0,0,0.0,1.0,0.0,2.48,400,31.6,1,0.0,2,At-Risk Customers
CUST104286,1611.99,1,1611.99,0.0,0.0,2.35,318,1889.95,1,0.0,0,Potential Customers
CUST104287,0.0,0,0.0,2.0,0.0,2.13,400,57.85,1,0.0,2,At-Risk Customers
CUST104288,1441.25,1,1441.25,4.0,0.0,11.45,228,2208.2,1,0.0,0,Potential Customers
CUST104289,596.54,1,596.54,1.0,0.0,3.08,97,1039.42,1,1.0,0,Potential Customers
CUST104290,971.99,1,971.99,6.0,1.0,18.4,223,1567.72,1,0.0,1,Loyal Customers
CUST104291,5381.12,3,1793.7066666666667,1.0,0.0,2.12,331,6977.65,1,0.0,3,High Value Customers
CUST104292,3215.66,2,1607.83,2.0,0.0,3.67,23,4512.58,1,1.0,0,Potential Customers
CUST104293,3144.38,2,1572.19,2.0,3.0,1.67,35,4517.71,1,1.0,1,Loyal Customers
CUST104294,0.0,0,0.0,2.0,0.0,5.89,400,74.7,1,0.0,2,At-Risk Customers
CUST104295,1173.52,2,586.76,1.0,0.0,3.52,291,1895.23,1,0.0,0,Potential Customers
CUST104296,2864.38,2,1432.19,3.0,0.0,3.96,202,4264.56,1,0.0,0,Potential Customers
CUST104297,1487.78,1,1487.78,3.0,0.0,3.26,51,1897.1,1,0.0,0,Potential Customers
CUST104298,5549.35,2,2774.675,1.0,0.0,5.99,271,6747.28,1,0.0,3,High Value Customers
CUST104299,1361.68,1,1361.68,4.0,0.0,6.48,10,1687.72,1,0.0,0,Potential Customers
CUST104300,4274.09,2,2137.045,2.0,0.0,7.26,44,5508.08,1,0.0,0,Potential Customers
CUST104301,0.0,0,0.0,1.0,0.0,2.1,400,17.28,1,0.0,2,At-Risk Customers
CUST104302,1841.68,1,1841.68,2.0,0.0,5.08,182,2314.09,1,0.0,0,Potential Customers
CUST104303,5390.21,2,2695.105,0.0,0.0,2.86,63,6445.51,1,0.0,3,High Value Customers
CUST104304,2832.22,1,2832.22,4.0,0.0,10.28,2,3848.71,1,0.0,0,Potential Customers
CUST104305,0.0,0,0.0,1.0,2.0,4.82,400,31.04,1,1.0,1,Loyal Customers
CUST104306,0.0,0,0.0,4.0,0.0,5.0,400,0.0,1,1.0,2,At-Risk Customers
CUST104307,1963.67,1,1963.67,1.0,0.0,3.34,330,2664.65,1,0.0,0,Potential Customers
CUST104308,1735.44,2,867.72,0.0,0.0,2.29,261,2929.15,1,0.0,0,Potential Customers
CUST104309,3099.49,1,3099.49,1.0,0.0,4.27,154,3546.78,1,0.0,0,Potential Customers
CUST104310,0.0,0,0.0,6.0,0.0,9.56,400,0.0,1,0.0,2,At-Risk Customers
CUST104311,3904.2,2,1952.1,4.0,0.0,2.37,217,5595.62,1,0.0,0,Potential Customers
CUST104312,1723.26,1,1723.26,6.0,0.0,10.21,267,2336.67,1,0.0,0,Potential Customers
CUST104313,3138.09,2,1569.045,3.0,0.0,6.04,14,4775.84,1,1.0,0,Potential Customers
CUST104314,843.53,3,281.1766666666667,0.0,0.0,0.98,53,1911.02,1,0.0,0,Potential Customers
CUST104315,7128.61,4,1782.1525,2.0,0.0,2.14,211,10202.69,1,0.0,3,High Value Customers
CUST104316,1953.1,3,651.0333333333333,6.0,0.0,20.12,312,3127.19,1,0.0,0,Potential Customers
CUST104317,3051.87,2,1525.935,3.0,0.0,3.72,101,4659.03,1,0.0,0,Potential Customers
CUST104318,0.0,0,0.0,1.0,0.0,2.15,400,266.61,1,0.0,2,At-Risk Customers
CUST104319,1591.23,1,1591.23,2.0,1.0,2.2,170,2181.58,1,0.0,0,Potential Customers
CUST104320,3768.62,3,1256.2066666666667,1.0,0.0,3.69,12,4900.08,1,0.0,0,Potential Customers
CUST104321,1669.89,2,834.945,4.0,0.0,7.71,7,2403.62,1,0.0,0,Potential Customers
CUST104322,1547.91,1,1547.91,3.0,0.0,3.2,133,2134.1,1,1.0,0,Potential Customers
CUST104323,7006.19,2,3503.095,5.0,0.0,2.36,208,8761.38,1,0.0,3,High Value Customers
CUST104324,2982.46,3,994.1533333333333,5.0,3.0,4.02,11,4321.76,1,0.0,1,Loyal Customers
CUST104325,5199.84,3,1733.28,1.0,0.0,2.14,200,6728.21,1,0.0,3,High Value Customers
CUST104326,0.0,0,0.0,1.0,0.0,2.49,400,13.38,1,0.0,2,At-Risk Customers
CUST104327,3662.26,2,1831.13,3.0,0.0,5.08,275,5111.27,1,1.0,0,Potential Customers
CUST104328,0.0,0,0.0,6.0,0.0,5.39,400,279.2,1,0.0,2,At-Risk Customers
CUST104329,0.0,0,0.0,4.0,0.0,11.1,400,0.0,1,0.0,2,At-Risk Customers
CUST104330,0.0,0,0.0,0.0,0.0,1.76,400,107.86,1,0.0,2,At-Risk Customers
CUST104331,1930.31,1,1930.31,4.0,0.0,4.45,358,2833.51,1,0.0,0,Potential Customers
CUST104332,0.0,0,0.0,0.0,0.0,4.54,400,0.0,1,0.0,2,At-Risk Customers
CUST104333,4727.83,2,2363.915,1.0,0.0,2.01,29,5844.33,1,0.0,3,High Value Customers
CUST104334,259.32,1,259.32,2.0,0.0,4.02,288,429.45,1,0.0,2,At-Risk Customers
CUST104335,0.0,0,0.0,2.0,0.0,13.37,400,102.35,1,0.0,2,At-Risk Customers
CUST104336,1943.32,1,1943.32,3.0,0.0,4.12,152,2661.37,1,0.0,0,Potential Customers
CUST104337,0.0,0,0.0,3.0,0.0,2.9,400,0.0,1,0.0,2,At-Risk Customers
CUST104338,1655.79,2,827.895,4.0,0.0,11.54,117,2382.27,1,0.0,0,Potential Customers
CUST104339,1482.4,1,1482.4,6.0,0.0,5.51,106,1867.39,1,0.0,0,Potential Customers
CUST104340,1887.0,1,1887.0,1.0,0.0,1.73,26,2550.81,1,0.0,0,Potential Customers
CUST104341,1902.91,1,1902.91,0.0,0.0,3.54,134,2807.45,1,0.0,0,Potential Customers
CUST104342,0.0,0,0.0,3.0,0.0,3.15,400,140.34,1,0.0,2,At-Risk Customers
CUST104343,4490.84,2,2245.42,0.0,0.0,2.24,71,5490.75,1,0.0,0,Potential Customers
CUST104344,7936.23,4,1984.0575,0.0,3.0,2.32,41,10231.34,1,0.0,1,Loyal Customers
CUST104345,1554.61,1,1554.61,3.0,0.0,2.54,293,1929.21,1,0.0,0,Potential Customers
CUST104346,4859.23,2,2429.615,1.0,0.0,7.15,124,5747.6,1,0.0,3,High Value Customers
CUST104347,643.2,2,321.6,3.0,0.0,3.3,347,1033.58,1,0.0,2,At-Risk Customers
CUST104348,0.0,0,0.0,2.0,0.0,4.31,400,47.43,1,1.0,2,At-Risk Customers
CUST104349,0.0,0,0.0,0.0,0.0,7.98,400,115.27,1,0.0,2,At-Risk Customers
CUST104350,0.0,0,0.0,4.0,0.0,3.29,400,0.0,1,0.0,2,At-Risk Customers
CUST104351,1565.26,1,1565.26,2.0,0.0,1.75,34,2175.33,1,0.0,0,Potential Customers
CUST104352,1670.6,1,1670.6,1.0,0.0,7.85,174,2127.41,1,0.0,0,Potential Customers
CUST104353,4826.78,3,1608.9266666666665,5.0,0.0,3.11,360,7264.98,1,0.0,3,High Value Customers
CUST104354,4784.78,2,2392.39,2.0,0.0,14.11,355,6284.36,1,0.0,3,High Value Customers
CUST104355,378.48,1,378.48,2.0,0.0,8.22,263,819.47,1,0.0,2,At-Risk Customers
CUST104356,8610.21,3,2870.0699999999997,1.0,0.0,5.87,98,11937.59,1,0.0,3,High Value Customers
CUST104357,0.0,0,0.0,2.0,0.0,4.75,400,0.0,1,0.0,2,At-Risk Customers
CUST104358,673.4,1,673.4,7.0,0.0,8.9,309,1273.89,1,0.0,2,At-Risk Customers
CUST104359,1520.47,1,1520.47,2.0,3.0,4.83,354,1850.87,1,0.0,1,Loyal Customers
CUST104360,0.0,0,0.0,4.0,0.0,0.89,400,93.09,1,0.0,2,At-Risk Customers
CUST104361,0.0,0,0.0,2.0,0.0,3.78,400,0.0,1,0.0,2,At-Risk Customers
CUST104362,2950.63,1,2950.63,6.0,0.0,6.05,62,3433.19,1,0.0,0,Potential Customers
CUST104363,1061.93,3,353.9766666666667,0.0,0.0,2.01,330,2419.74,1,0.0,0,Potential Customers
CUST104364,7767.4,5,1553.48,5.0,0.0,23.312000000000044,100,10137.3,1,0.0,3,High Value Customers
CUST104365,274.73,1,274.73,1.0,0.0,3.66,219,834.65,1,0.0,2,At-Risk Customers
CUST104366,5957.07,3,1985.6899999999998,2.0,0.0,6.01,283,8371.65,1,0.0,3,High Value Customers
CUST104367,1896.43,1,1896.43,4.0,0.0,9.21,173,2605.9,1,1.0,0,Potential Customers
CUST104368,0.0,0,0.0,3.0,0.0,6.19,400,45.05,1,0.0,2,At-Risk Customers
CUST104369,2231.41,1,2231.41,2.0,0.0,3.76,284,3729.77,1,0.0,0,Potential Customers
CUST104370,3841.29,2,1920.645,3.0,0.0,5.37,360,4660.87,1,0.0,0,Potential Customers
CUST104371,6934.24,5,1386.848,3.0,0.0,3.54,344,8966.18,1,0.0,3,High Value Customers
CUST104372,2141.35,1,2141.35,2.0,0.0,3.8,298,3144.58,1,0.0,0,Potential Customers
CUST104373,729.94,1,729.94,1.0,0.0,1.82,237,1253.9,1,1.0,0,Potential Customers
CUST104374,1338.25,1,1338.25,3.0,0.0,3.38,308,2211.64,1,0.0,0,Potential Customers
CUST104375,4338.49,2,2169.245,3.0,0.0,1.75,287,5027.73,1,1.0,0,Potential Customers
CUST104376,0.0,0,0.0,3.0,0.0,4.04,400,270.52,1,0.0,2,At-Risk Customers
CUST104377,0.0,0,0.0,2.0,0.0,3.05,400,0.0,1,0.0,2,At-Risk Customers
CUST104378,1874.62,1,1874.62,2.0,0.0,5.76,262,2623.25,1,0.0,0,Potential Customers
CUST104379,0.0,0,0.0,4.0,0.0,1.42,400,66.93,1,0.0,2,At-Risk Customers
CUST104380,5364.41,3,1788.1366666666665,1.0,0.0,2.12,69,7219.16,1,0.0,3,High Value Customers
CUST104381,2313.02,2,1156.51,3.0,0.0,2.13,207,2964.05,1,0.0,0,Potential Customers
CUST104382,2427.5,1,2427.5,1.0,0.0,4.02,229,3119.75,1,0.0,0,Potential Customers
CUST104383,0.0,0,0.0,2.0,0.0,3.42,400,0.0,1,0.0,2,At-Risk Customers
CUST104384,3587.73,3,1195.91,5.0,0.0,8.74,32,4515.64,1,0.0,0,Potential Customers
CUST104385,1766.32,1,1766.32,1.0,0.0,4.18,52,2272.4,1,0.0,0,Potential Customers
CUST104386,1014.26,1,1014.26,3.0,0.0,4.06,242,1328.65,1,0.0,0,Potential Customers
CUST104387,5365.64,2,2682.82,3.0,0.0,1.94,282,6830.2,1,0.0,3,High Value Customers
CUST104388,8519.14,3,2839.713333333333,1.0,3.0,3.31,340,11575.39,1,0.0,1,Loyal Customers
CUST104389,2630.66,1,2630.66,1.0,0.0,1.59,92,3684.6,1,0.0,0,Potential Customers
CUST104390,6325.09,2,3162.545,3.0,0.0,5.73,210,7258.88,1,0.0,3,High Value Customers
CUST104391,0.0,0,0.0,4.0,0.0,7.25,400,486.68,1,0.0,2,At-Risk Customers
CUST104392,4415.74,2,2207.87,2.0,0.0,1.41,168,5884.27,1,1.0,0,Potential Customers
CUST104393,3201.05,1,3201.05,0.0,0.0,4.18,302,3836.26,1,0.0,0,Potential Customers
CUST104394,1927.52,1,1927.52,1.0,0.0,3.77,112,2686.59,1,1.0,0,Potential Customers
CUST104395,0.0,0,0.0,3.0,0.0,9.42,400,0.0,1,0.0,2,At-Risk Customers
CUST104396,2140.55,1,2140.55,3.0,0.0,2.01,325,2781.52,1,0.0,0,Potential Customers
CUST104397,2578.79,1,2578.79,2.0,0.0,2.38,342,3769.62,1,0.0,0,Potential Customers
CUST104398,853.09,2,426.545,3.0,0.0,4.88,169,1864.88,1,0.0,0,Potential Customers
CUST104399,6097.72,2,3048.86,0.0,0.0,2.88,295,8407.37,1,0.0,3,High Value Customers
CUST104400,7487.86,3,2495.9533333333334,1.0,0.0,2.99,321,9350.31,1,0.0,3,High Value Customers
CUST104401,0.0,0,0.0,4.0,0.0,2.95,400,0.0,1,0.0,2,At-Risk Customers
CUST104402,8651.75,3,2883.9166666666665,2.0,0.0,5.85,173,10714.74,1,1.0,3,High Value Customers
CUST104403,0.0,0,0.0,8.0,2.0,8.98,400,0.0,1,0.0,1,Loyal Customers
CUST104404,4098.32,2,2049.16,0.0,0.0,3.83,166,5425.57,1,0.0,0,Potential Customers
CUST104405,5074.84,2,2537.42,4.0,3.0,3.36,118,7216.55,1,0.0,1,Loyal Customers
CUST104406,0.0,0,0.0,3.0,0.0,6.46,400,116.49,1,0.0,2,At-Risk Customers
CUST104407,0.0,0,0.0,5.0,0.0,4.69,400,0.0,1,0.0,2,At-Risk Customers
CUST104408,0.0,0,0.0,1.0,0.0,4.53,400,0.0,1,0.0,2,At-Risk Customers
CUST104409,3841.64,2,1920.82,4.0,0.0,8.97,88,5735.32,1,0.0,0,Potential Customers
CUST104410,4162.82,3,1387.6066666666666,2.0,0.0,1.92,345,6510.88,1,0.0,3,High Value Customers
CUST104411,0.0,0,0.0,1.0,0.0,3.37,400,0.0,1,0.0,2,At-Risk Customers
CUST104412,1279.23,1,1279.23,4.0,0.0,2.04,347,1600.28,1,0.0,0,Potential Customers
CUST104413,0.0,0,0.0,1.0,0.0,2.79,400,0.0,1,0.0,2,At-Risk Customers
CUST104414,0.0,0,0.0,3.0,0.0,1.66,400,55.52,1,0.0,2,At-Risk Customers
CUST104415,0.0,0,0.0,3.0,0.0,3.11,400,0.0,1,0.0,2,At-Risk Customers
CUST104416,1203.52,1,1203.52,3.0,0.0,5.25,210,1949.33,1,1.0,0,Potential Customers
CUST104417,6310.76,2,3155.38,4.0,0.0,0.76,291,7540.22,1,0.0,3,High Value Customers
CUST104418,5025.64,2,2512.82,5.0,0.0,3.23,195,6918.25,1,0.0,3,High Value Customers
CUST104419,1381.74,2,690.87,1.0,0.0,3.81,320,2405.93,1,0.0,0,Potential Customers
CUST104420,1383.06,1,1383.06,1.0,0.0,3.34,310,1630.41,1,0.0,0,Potential Customers
CUST104421,2648.76,2,1324.38,4.0,0.0,1.25,36,3788.31,1,0.0,0,Potential Customers
CUST104422,0.0,0,0.0,3.0,0.0,7.92,400,111.87,1,0.0,2,At-Risk Customers
CUST104423,1344.77,1,1344.77,1.0,0.0,7.84,32,1862.93,1,1.0,0,Potential Customers
CUST104424,4832.6,3,1610.8666666666668,3.0,0.0,9.03,274,7244.93,1,0.0,3,High Value Customers
CUST104425,4282.03,4,1070.5075,3.0,0.0,2.74,341,5471.2,1,0.0,3,High Value Customers
CUST104426,2335.82,2,1167.91,4.0,0.0,4.58,85,3161.87,1,1.0,0,Potential Customers
CUST104427,0.0,0,0.0,1.0,0.0,2.43,400,67.55,1,0.0,2,At-Risk Customers
CUST104428,0.0,0,0.0,2.0,0.0,1.91,400,0.0,1,0.0,2,At-Risk Customers
CUST104429,2080.67,1,2080.67,4.0,0.0,1.85,209,2440.48,1,0.0,0,Potential Customers
CUST104430,0.0,0,0.0,1.0,0.0,4.67,400,0.0,1,0.0,2,At-Risk Customers
CUST104431,7720.39,4,1930.0975,1.0,0.0,7.28,179,9203.89,1,0.0,3,High Value Customers
CUST104432,1905.82,1,1905.82,2.0,0.0,9.98,300,2734.13,1,0.0,0,Potential Customers
CUST104433,2209.02,2,1104.51,2.0,0.0,3.92,314,3297.38,1,0.0,0,Potential Customers
CUST104434,7221.93,3,2407.31,3.0,0.0,2.52,225,8566.02,1,0.0,3,High Value Customers
CUST104435,562.96,2,281.48,1.0,0.0,3.79,291,1271.75,1,0.0,0,Potential Customers
CUST104436,9847.84,4,2461.96,2.0,0.0,8.0,8,13513.96,1,0.0,3,High Value Customers
CUST104437,0.0,0,0.0,2.0,0.0,12.63,400,195.41,1,0.0,2,At-Risk Customers
CUST104438,1251.53,1,1251.53,3.0,0.0,9.24,20,1921.64,1,0.0,0,Potential Customers
CUST104439,0.0,0,0.0,3.0,0.0,8.63,400,0.0,1,0.0,2,At-Risk Customers
CUST104440,801.59,1,801.59,5.0,0.0,10.52,196,1130.9,1,0.0,0,Potential Customers
CUST104441,3737.94,1,3737.94,1.0,0.0,4.27,336,4589.6,1,0.0,0,Potential Customers
CUST104442,694.86,1,694.86,1.0,0.0,4.94,8,1109.25,1,0.0,0,Potential Customers
CUST104443,0.0,0,0.0,3.0,0.0,8.52,400,83.22,1,0.0,2,At-Risk Customers
CUST104444,1115.54,1,1115.54,4.0,0.0,5.82,263,1475.61,1,0.0,0,Potential Customers
CUST104445,0.0,0,0.0,4.0,0.0,7.44,400,24.7,1,0.0,2,At-Risk Customers
CUST104446,1956.19,1,1956.19,2.0,0.0,2.65,141,2941.69,1,0.0,0,Potential Customers
CUST104447,1746.57,1,1746.57,6.0,0.0,10.79,35,2129.51,1,0.0,0,Potential Customers
CUST104448,0.0,0,0.0,1.0,0.0,2.86,400,7.57,1,0.0,2,At-Risk Customers
CUST104449,1153.43,1,1153.43,5.0,0.0,8.83,146,1532.54,1,0.0,0,Potential Customers
CUST104450,10208.21,3,3402.736666666666,3.0,0.0,3.81,82,13111.25,1,0.0,3,High Value Customers
CUST104451,4094.26,1,4094.26,2.0,0.0,2.79,204,5584.09,1,0.0,0,Potential Customers
CUST104452,8281.59,2,4140.795,1.0,0.0,1.0,184,9422.95,1,1.0,3,High Value Customers
CUST104453,0.0,0,0.0,2.0,0.0,3.48,400,35.69,1,0.0,2,At-Risk Customers
CUST104454,0.0,0,0.0,2.0,0.0,1.69,400,176.33,1,0.0,2,At-Risk Customers
CUST104455,2008.29,2,1004.145,0.0,0.0,2.13,27,3087.93,1,1.0,0,Potential Customers
CUST104456,0.0,0,0.0,3.0,1.0,5.79,400,0.0,1,0.0,2,At-Risk Customers
CUST104457,2322.69,1,2322.69,3.0,0.0,1.4,237,2785.16,1,0.0,0,Potential Customers
CUST104458,0.0,0,0.0,4.0,0.0,9.6,400,108.9,1,0.0,2,At-Risk Customers
CUST104459,3625.05,2,1812.525,4.0,3.0,23.312000000000044,298,5034.46,1,0.0,1,Loyal Customers
CUST104460,8288.69,3,2762.896666666667,0.0,0.0,2.89,25,10495.62,1,1.0,3,High Value Customers
CUST104461,5029.45,2,2514.725,3.0,0.0,9.42,247,6715.85,1,0.0,3,High Value Customers
CUST104462,2690.18,2,1345.09,1.0,0.0,1.53,295,3478.95,1,0.0,0,Potential Customers
CUST104463,1197.77,1,1197.77,2.0,0.0,5.37,61,1766.6,1,0.0,0,Potential Customers
CUST104464,4086.39,2,2043.195,3.0,0.0,5.2,284,4681.51,1,1.0,0,Potential Customers
CUST104465,3293.33,2,1646.665,12.0,1.0,23.312000000000044,11,4565.96,1,1.0,1,Loyal Customers
CUST104466,4852.73,2,2426.365,3.0,0.0,3.13,250,6929.31,1,0.0,3,High Value Customers
CUST104467,2609.93,1,2609.93,1.0,0.0,5.6,62,3040.37,1,0.0,0,Potential Customers
CUST104468,2743.49,1,2743.49,1.0,0.0,3.56,357,3303.64,1,0.0,0,Potential Customers
CUST104469,1718.98,2,859.49,3.0,0.0,3.13,180,2254.99,1,0.0,0,Potential Customers
CUST104470,1073.93,1,1073.93,3.0,0.0,3.68,242,1918.54,1,0.0,0,Potential Customers
CUST104471,3177.98,2,1588.99,3.0,0.0,3.55,19,4182.27,1,0.0,0,Potential Customers
CUST104472,276.17,1,276.17,1.0,0.0,2.6,176,818.78,1,0.0,0,Potential Customers
CUST104473,2674.9,1,2674.9,2.0,0.0,4.89,87,4010.65,1,1.0,0,Potential Customers
CUST104474,2379.61,1,2379.61,3.0,0.0,2.17,143,2843.32,1,0.0,0,Potential Customers
CUST104475,9000.83,3,3000.2766666666666,4.0,0.0,3.07,4,11525.48,1,0.0,3,High Value Customers
CUST104476,6856.75,3,2285.5833333333335,4.0,0.0,15.57,249,8652.38,1,0.0,3,High Value Customers
CUST104477,4537.36,2,2268.68,2.0,0.0,3.74,172,6565.91,1,0.0,3,High Value Customers
CUST104478,3689.13,2,1844.565,3.0,0.0,7.54,214,5103.3,1,0.0,0,Potential Customers
CUST104479,8178.01,4,2044.5025,0.0,0.0,3.84,167,10728.12,1,0.0,3,High Value Customers
CUST104480,11529.19,3,3843.0633333333335,3.0,0.0,4.02,330,13352.03,1,0.0,3,High Value Customers
CUST104481,4123.54,2,2061.77,1.0,0.0,4.02,305,5259.1,1,0.0,0,Potential Customers
CUST104482,1193.56,1,1193.56,2.0,0.0,0.76,171,1613.55,1,0.0,0,Potential Customers
CUST104483,0.0,0,0.0,0.0,0.0,3.97,400,82.15,1,0.0,2,At-Risk Customers
CUST104484,7384.31,3,2461.436666666667,4.0,0.0,2.01,22,9248.55,1,0.0,3,High Value Customers
CUST104485,0.0,0,0.0,1.0,0.0,3.29,400,47.23,1,0.0,2,At-Risk Customers
CUST104486,7991.62,3,2663.8733333333334,3.0,0.0,6.57,315,9817.1,1,0.0,3,High Value Customers
CUST104487,6676.72,3,2225.5733333333333,4.0,0.0,14.46,349,9281.57,1,0.0,3,High Value Customers
CUST104488,0.0,0,0.0,0.0,0.0,1.51,400,35.51,1,0.0,2,At-Risk Customers
CUST104489,2794.93,1,2794.93,2.0,0.0,3.43,220,3464.92,1,0.0,0,Potential Customers
CUST104490,3090.35,2,1545.175,2.0,0.0,4.1,297,4515.38,1,0.0,0,Potential Customers
CUST104491,0.0,0,0.0,8.0,3.0,4.2,400,0.0,1,0.0,1,Loyal Customers
CUST104492,1381.95,1,1381.95,1.0,0.0,4.22,251,2103.79,1,0.0,0,Potential Customers
CUST104493,9050.47,4,2262.6175,5.0,2.0,6.02,178,12013.19,1,1.0,3,High Value Customers
CUST104494,1773.44,2,886.72,4.0,0.0,2.98,352,2765.88,1,0.0,0,Potential Customers
CUST104495,4786.7,3,1595.5666666666666,2.0,0.0,3.53,339,5427.48,1,0.0,3,High Value Customers
CUST104496,3862.54,3,1287.5133333333333,4.0,0.0,5.34,160,5337.55,1,0.0,0,Potential Customers
CUST104497,0.0,0,0.0,2.0,0.0,2.49,400,30.82,1,0.0,2,At-Risk Customers
CUST104498,0.0,0,0.0,3.0,0.0,2.68,400,0.0,1,0.0,2,At-Risk Customers
CUST104499,0.0,0,0.0,3.0,0.0,3.87,400,0.0,1,0.0,2,At-Risk Customers
CUST104500,4151.56,2,2075.78,1.0,0.0,2.68,86,5230.35,1,1.0,0,Potential Customers
CUST104501,0.0,0,0.0,3.0,0.0,2.05,400,9.96,1,0.0,2,At-Risk Customers
CUST104502,0.0,0,0.0,1.0,0.0,1.88,400,0.0,1,0.0,2,At-Risk Customers
CUST104503,0.0,0,0.0,1.0,0.0,3.93,400,0.0,1,0.0,2,At-Risk Customers
CUST104504,1131.2,1,1131.2,2.0,0.0,10.58,255,1392.2,1,1.0,0,Potential Customers
CUST104505,0.0,0,0.0,2.0,0.0,5.34,400,7.62,1,0.0,2,At-Risk Customers
CUST104506,11050.01,5,2210.002,2.0,0.0,2.08,120,14551.56,1,0.0,3,High Value Customers
CUST104507,2829.87,1,2829.87,4.0,0.0,11.99,15,4013.35,1,0.0,0,Potential Customers
CUST104508,6396.29,2,3198.145,1.0,0.0,2.85,175,7894.92,1,1.0,3,High Value Customers
CUST104509,2046.58,1,2046.58,3.0,0.0,12.32,222,2554.12,1,0.0,0,Potential Customers
CUST104510,0.0,0,0.0,0.0,1.0,3.85,400,0.0,1,1.0,2,At-Risk Customers
CUST104511,2953.63,1,2953.63,3.0,0.0,4.89,279,4175.23,1,0.0,0,Potential Customers
CUST104512,2681.68,4,670.42,1.0,0.0,3.14,355,4785.48,1,1.0,0,Potential Customers
CUST104513,1458.08,1,1458.08,4.0,0.0,3.29,68,2535.83,1,0.0,0,Potential Customers
CUST104514,6540.61,3,2180.2033333333334,2.0,0.0,10.67,208,9840.17,1,1.0,3,High Value Customers
CUST104515,1806.12,1,1806.12,4.0,0.0,3.58,260,2639.39,1,0.0,0,Potential Customers
CUST104516,0.0,0,0.0,2.0,0.0,7.85,400,52.94,1,0.0,2,At-Risk Customers
CUST104517,2100.17,1,2100.17,2.0,0.0,4.19,272,2863.85,1,0.0,0,Potential Customers
CUST104518,3338.47,2,1669.235,1.0,0.0,3.74,232,4248.33,1,0.0,0,Potential Customers
CUST104519,1183.7,1,1183.7,4.0,0.0,6.28,91,1719.23,1,1.0,0,Potential Customers
CUST104520,0.0,0,0.0,2.0,0.0,3.73,400,56.67,1,0.0,2,At-Risk Customers
CUST104521,7061.32,2,3530.66,1.0,0.0,2.34,227,9871.47,1,1.0,3,High Value Customers
CUST104522,4060.19,3,1353.3966666666668,1.0,0.0,2.38,149,5579.99,1,1.0,3,High Value Customers
CUST104523,1301.97,1,1301.97,2.0,0.0,6.08,76,1800.47,1,0.0,0,Potential Customers
CUST104524,831.13,1,831.13,1.0,0.0,0.86,5,1449.76,1,0.0,0,Potential Customers
CUST104525,0.0,0,0.0,3.0,0.0,5.28,400,134.13,1,0.0,2,At-Risk Customers
CUST104526,2539.56,1,2539.56,1.0,0.0,1.48,145,3376.58,1,0.0,0,Potential Customers
CUST104527,2957.14,1,2957.14,1.0,1.0,4.58,262,3814.05,1,0.0,0,Potential Customers
CUST104528,3848.05,2,1924.025,1.0,0.0,10.35,182,5365.61,1,0.0,0,Potential Customers
CUST104529,7468.72,3,2489.5733333333333,1.0,0.0,2.18,71,11098.7,1,1.0,3,High Value Customers
CUST104530,1737.68,1,1737.68,3.0,0.0,5.85,241,2543.22,1,0.0,0,Potential Customers
CUST104531,0.0,0,0.0,3.0,0.0,8.91,400,0.0,1,0.0,2,At-Risk Customers
CUST104532,2329.0,2,1164.5,0.0,0.0,2.71,38,2785.67,1,0.0,0,Potential Customers
CUST104533,1583.44,3,527.8133333333334,2.0,0.0,2.58,150,2499.22,1,0.0,0,Potential Customers
CUST104534,1065.12,1,1065.12,5.0,3.0,5.27,190,1549.63,1,1.0,1,Loyal Customers
CUST104535,0.0,0,0.0,4.0,0.0,9.73,400,0.0,1,0.0,2,At-Risk Customers
CUST104536,6232.59,3,2077.53,5.0,1.0,20.04,73,7924.59,1,1.0,3,High Value Customers
CUST104537,0.0,0,0.0,4.0,0.0,2.41,400,162.78,1,0.0,2,At-Risk Customers
CUST104538,0.0,0,0.0,3.0,0.0,6.38,400,216.04,1,0.0,2,At-Risk Customers
CUST104539,2885.59,2,1442.795,1.0,0.0,2.9,158,4229.1,1,1.0,0,Potential Customers
CUST104540,0.0,0,0.0,2.0,0.0,1.84,400,102.95,1,0.0,2,At-Risk Customers
CUST104541,2377.09,1,2377.09,2.0,0.0,3.44,224,3207.06,1,0.0,0,Potential Customers
CUST104542,649.22,1,649.22,2.0,0.0,3.45,303,903.98,1,0.0,2,At-Risk Customers
CUST104543,4311.63,2,2155.815,0.0,0.0,4.31,148,6586.23,1,0.0,3,High Value Customers
CUST104544,0.0,0,0.0,3.0,0.0,5.44,400,0.0,1,0.0,2,At-Risk Customers
CUST104545,0.0,0,0.0,4.0,0.0,4.77,400,0.0,1,0.0,2,At-Risk Customers
CUST104546,11589.14840000001,4,2897.2871000000023,5.0,0.0,9.49,178,15383.22,1,0.0,3,High Value Customers
CUST104547,3608.54,2,1804.27,10.0,0.0,15.1,14,4729.7,1,0.0,0,Potential Customers
CUST104548,0.0,0,0.0,1.0,0.0,4.1,400,0.0,1,0.0,2,At-Risk Customers
CUST104549,0.0,0,0.0,0.0,0.0,2.87,400,0.0,1,0.0,2,At-Risk Customers
CUST104550,307.21,1,307.21,1.0,0.0,3.53,66,546.29,1,0.0,0,Potential Customers
CUST104551,7540.04,2,3770.02,3.0,0.0,3.45,24,9691.34,1,0.0,3,High Value Customers
CUST104552,2279.83,1,2279.83,0.0,0.0,2.68,75,3048.94,1,0.0,0,Potential Customers
CUST104553,4764.38,3,1588.1266666666668,1.0,0.0,1.42,258,6249.97,1,0.0,3,High Value Customers
CUST104554,1388.14,1,1388.14,2.0,0.0,1.58,95,2117.1,1,1.0,0,Potential Customers
CUST104555,5971.21,2,2985.605,2.0,0.0,6.54,113,6769.45,1,0.0,3,High Value Customers
CUST104556,0.0,0,0.0,3.0,0.0,6.85,400,0.0,1,0.0,2,At-Risk Customers
CUST104557,7816.58,3,2605.5266666666666,3.0,0.0,5.09,17,10376.31,1,0.0,3,High Value Customers
CUST104558,1042.5,1,1042.5,1.0,0.0,3.42,71,1272.11,1,0.0,0,Potential Customers
CUST104559,2929.32,1,2929.32,0.0,0.0,2.85,201,4204.22,1,0.0,0,Potential Customers
CUST104560,0.0,0,0.0,1.0,0.0,1.55,400,0.0,1,0.0,2,At-Risk Customers
CUST104561,312.78,1,312.78,1.0,0.0,4.02,10,539.66,1,0.0,0,Potential Customers
CUST104562,3584.9,2,1792.45,3.0,0.0,2.43,144,5213.84,1,0.0,0,Potential Customers
CUST104563,896.68,3,298.8933333333333,1.0,0.0,1.51,8,1743.4,1,0.0,0,Potential Customers
CUST104564,5714.51,3,1904.8366666666668,2.0,0.0,4.72,248,8315.66,1,0.0,3,High Value Customers
CUST104565,2507.97,1,2507.97,3.0,0.0,2.42,264,3222.0,1,0.0,0,Potential Customers
CUST104566,2989.09,2,1494.545,2.0,0.0,4.17,186,3694.59,1,1.0,0,Potential Customers
CUST104567,0.0,0,0.0,0.0,0.0,1.44,400,119.47,1,0.0,2,At-Risk Customers
CUST104568,1409.19,1,1409.19,3.0,0.0,6.12,263,2087.63,1,1.0,0,Potential Customers
CUST104569,2048.1,2,1024.05,1.0,0.0,5.48,294,3262.14,1,0.0,0,Potential Customers
CUST104570,2707.07,1,2707.07,2.0,0.0,2.83,80,3521.84,1,1.0,0,Potential Customers
CUST104571,6129.69,3,2043.2299999999998,5.0,0.0,10.61,334,8919.4,1,0.0,3,High Value Customers
CUST104572,734.74,2,367.37,2.0,0.0,3.83,76,1695.29,1,0.0,0,Potential Customers
CUST104573,6547.5,3,2182.5,1.0,0.0,4.46,2,7794.82,1,1.0,3,High Value Customers
CUST104574,0.0,0,0.0,1.0,0.0,1.36,400,0.0,1,0.0,2,At-Risk Customers
CUST104575,1874.21,1,1874.21,2.0,0.0,2.34,233,2649.18,1,0.0,0,Potential Customers
CUST104576,0.0,0,0.0,2.0,0.0,2.57,400,0.0,1,0.0,2,At-Risk Customers
CUST104577,0.0,0,0.0,3.0,0.0,7.01,400,130.45,1,0.0,2,At-Risk Customers
CUST104578,2645.72,2,1322.86,4.0,0.0,7.96,157,3991.7,1,0.0,0,Potential Customers
CUST104579,4445.17,2,2222.585,0.0,0.0,2.72,332,5468.96,1,0.0,0,Potential Customers
CUST104580,0.0,0,0.0,1.0,0.0,4.57,400,52.79,1,0.0,2,At-Risk Customers
CUST104581,0.0,0,0.0,1.0,0.0,7.39,400,45.49,1,0.0,2,At-Risk Customers
CUST104582,0.0,0,0.0,7.0,0.0,3.2,400,8.71,1,1.0,2,At-Risk Customers
CUST104583,1013.63,1,1013.63,2.0,0.0,1.46,66,1307.54,1,1.0,0,Potential Customers
CUST104584,2629.4,1,2629.4,2.0,0.0,6.67,224,3641.84,1,0.0,0,Potential Customers
CUST104585,643.05,1,643.05,1.0,0.0,5.46,64,1169.39,1,0.0,0,Potential Customers
CUST104586,2554.61,2,1277.305,5.0,0.0,4.97,129,3362.38,1,0.0,0,Potential Customers
CUST104587,4426.63,4,1106.6575,5.0,0.0,7.94,160,5928.85,1,0.0,3,High Value Customers
CUST104588,0.0,0,0.0,4.0,0.0,8.41,400,36.55,1,0.0,2,At-Risk Customers
CUST104589,0.0,0,0.0,5.0,0.0,6.26,400,132.68,1,0.0,2,At-Risk Customers
CUST104590,684.15,2,342.075,1.0,0.0,1.79,122,1369.39,1,0.0,0,Potential Customers
CUST104591,6152.63,2,3076.315,0.0,0.0,1.41,78,8619.67,1,0.0,3,High Value Customers
CUST104592,795.14,1,795.14,3.0,0.0,5.18,364,1506.38,1,1.0,2,At-Risk Customers
CUST104593,568.83,1,568.83,1.0,0.0,4.24,334,836.16,1,0.0,2,At-Risk Customers
CUST104594,1529.24,1,1529.24,3.0,0.0,4.47,217,2219.9,1,0.0,0,Potential Customers
CUST104595,533.48,2,266.74,5.0,0.0,13.25,91,1312.28,1,0.0,0,Potential Customers
CUST104596,262.16,1,262.16,2.0,0.0,7.71,211,612.48,1,0.0,2,At-Risk Customers
CUST104597,5484.73,2,2742.365,1.0,0.0,3.56,39,7451.73,1,0.0,3,High Value Customers
CUST104598,0.0,0,0.0,3.0,0.0,2.42,400,107.97,1,0.0,2,At-Risk Customers
CUST104599,2672.12,1,2672.12,3.0,0.0,6.37,168,3573.7,1,0.0,0,Potential Customers
CUST104600,2677.91,1,2677.91,1.0,0.0,5.61,128,3644.94,1,0.0,0,Potential Customers
CUST104601,0.0,0,0.0,4.0,0.0,3.49,400,0.0,1,0.0,2,At-Risk Customers
CUST104602,7252.74,2,3626.37,3.0,0.0,0.76,325,9779.41,1,0.0,3,High Value Customers
CUST104603,902.39,2,451.195,4.0,0.0,2.07,75,1746.65,1,0.0,0,Potential Customers
CUST104604,0.0,0,0.0,3.0,0.0,7.34,400,56.97,1,0.0,2,At-Risk Customers
CUST104605,0.0,0,0.0,1.0,0.0,1.64,400,0.0,1,0.0,2,At-Risk Customers
CUST104606,4408.68,2,2204.34,3.0,0.0,6.08,186,5945.52,1,0.0,0,Potential Customers
CUST104607,3110.05,1,3110.05,1.0,2.0,5.53,84,3554.68,1,0.0,1,Loyal Customers
CUST104608,6224.1,2,3112.05,1.0,0.0,2.03,218,7189.93,1,0.0,3,High Value Customers
CUST104609,6379.58,3,2126.5266666666666,3.0,0.0,7.61,290,8356.77,1,0.0,3,High Value Customers
CUST104610,366.99,1,366.99,1.0,0.0,3.84,236,825.7,1,1.0,2,At-Risk Customers
CUST104611,2607.04,1,2607.04,2.0,0.0,3.65,298,3424.18,1,0.0,0,Potential Customers
CUST104612,2076.32,1,2076.32,2.0,0.0,1.81,8,2856.91,1,0.0,0,Potential Customers
CUST104613,2409.21,1,2409.21,3.0,0.0,10.06,294,2905.17,1,0.0,0,Potential Customers
CUST104614,1399.69,1,1399.69,4.0,0.0,1.76,324,1843.61,1,0.0,0,Potential Customers
CUST104615,6486.35,4,1621.5875,1.0,0.0,1.75,200,8690.42,1,0.0,3,High Value Customers
CUST104616,1639.21,2,819.605,2.0,0.0,4.48,181,2297.64,1,0.0,0,Potential Customers
CUST104617,2215.35,1,2215.35,1.0,0.0,2.04,139,3102.69,1,1.0,0,Potential Customers
CUST104618,4892.98,3,1630.993333333333,2.0,0.0,17.25,97,7851.89,1,0.0,3,High Value Customers
CUST104619,5640.99,2,2820.495,3.0,0.0,2.03,210,8163.23,1,0.0,3,High Value Customers
CUST104620,549.03,2,274.515,3.0,0.0,7.07,349,1623.43,1,0.0,2,At-Risk Customers
CUST104621,1340.86,2,670.43,6.0,3.0,12.81,353,2605.3,1,0.0,1,Loyal Customers
CUST104622,0.0,0,0.0,0.0,0.0,6.69,400,22.85,1,0.0,2,At-Risk Customers
CUST104623,0.0,0,0.0,2.0,0.0,2.39,400,0.0,1,0.0,2,At-Risk Customers
CUST104624,4126.19,2,2063.095,3.0,0.0,5.16,111,5978.35,1,1.0,0,Potential Customers
CUST104625,3144.42,1,3144.42,2.0,0.0,10.47,139,4346.59,1,1.0,0,Potential Customers
CUST104626,0.0,0,0.0,2.0,0.0,1.42,400,26.13,1,0.0,2,At-Risk Customers
CUST104627,3058.58,1,3058.58,3.0,0.0,8.74,39,4038.51,1,0.0,0,Potential Customers
CUST104628,4027.7,2,2013.85,1.0,0.0,5.72,57,5309.93,1,0.0,0,Potential Customers
CUST104629,2227.47,1,2227.47,5.0,0.0,15.23,138,3130.44,1,0.0,0,Potential Customers
CUST104630,6999.2,2,3499.6,1.0,0.0,5.47,187,9066.61,1,0.0,3,High Value Customers
CUST104631,3966.13,3,1322.0433333333333,3.0,0.0,4.51,22,5418.63,1,0.0,0,Potential Customers
CUST104632,3394.21,3,1131.4033333333334,2.0,0.0,6.54,226,4333.32,1,0.0,0,Potential Customers
CUST104633,0.0,0,0.0,3.0,0.0,1.7,400,82.89,1,0.0,2,At-Risk Customers
CUST104634,6629.48,3,2209.8266666666664,0.0,0.0,2.29,130,8113.49,1,0.0,3,High Value Customers
CUST104635,1897.57,2,948.785,2.0,0.0,4.26,162,2564.67,1,0.0,0,Potential Customers
CUST104636,0.0,0,0.0,2.0,0.0,2.81,400,0.0,1,0.0,2,At-Risk Customers
CUST104637,6734.51,2,3367.255,2.0,0.0,2.64,124,7966.83,1,0.0,3,High Value Customers
CUST104638,2485.3,1,2485.3,2.0,0.0,16.89,135,3576.77,1,0.0,0,Potential Customers
CUST104639,3129.96,2,1564.98,3.0,0.0,14.24,217,4566.34,1,0.0,0,Potential Customers
CUST104640,5539.32,3,1846.4399999999998,1.0,0.0,0.76,273,7204.34,1,1.0,3,High Value Customers
CUST104641,3207.52,2,1603.76,1.0,0.0,4.17,182,4570.55,1,1.0,0,Potential Customers
CUST104642,3161.9,2,1580.95,1.0,0.0,1.76,260,4355.27,1,0.0,0,Potential Customers
CUST104643,1106.3,4,276.575,4.0,1.0,9.07,61,2897.71,1,0.0,0,Potential Customers
CUST104644,3202.13,2,1601.065,0.0,0.0,4.74,222,4765.7,1,0.0,0,Potential Customers
CUST104645,2997.28,1,2997.28,4.0,0.0,11.31,162,3424.48,1,0.0,0,Potential Customers
CUST104646,5825.09,3,1941.6966666666667,2.0,0.0,2.22,66,7972.2,1,1.0,3,High Value Customers
CUST104647,7323.03,2,3661.515,1.0,0.0,2.09,30,10294.83,1,0.0,3,High Value Customers
CUST104648,2406.13,1,2406.13,5.0,0.0,3.48,24,3019.93,1,0.0,0,Potential Customers
CUST104649,494.65,1,494.65,0.0,0.0,2.67,344,883.68,1,0.0,2,At-Risk Customers
CUST104650,5963.79,3,1987.93,0.0,0.0,3.8,285,7818.08,1,0.0,3,High Value Customers
CUST104651,4415.84,2,2207.92,2.0,0.0,9.31,211,6156.2,1,1.0,0,Potential Customers
CUST104652,0.0,0,0.0,2.0,0.0,5.62,400,0.0,1,0.0,2,At-Risk Customers
CUST104653,1723.22,3,574.4066666666666,0.0,0.0,3.3,60,2630.74,1,0.0,0,Potential Customers
CUST104654,2027.3,1,2027.3,3.0,0.0,4.21,174,2850.29,1,0.0,0,Potential Customers
CUST104655,5644.68,3,1881.5600000000002,5.0,2.0,1.34,334,7473.67,1,0.0,1,Loyal Customers
CUST104656,3407.06,2,1703.53,2.0,0.0,1.03,99,4086.68,1,0.0,0,Potential Customers
CUST104657,2388.04,1,2388.04,5.0,1.0,9.47,122,3218.09,1,1.0,0,Potential Customers
CUST104658,942.36,1,942.36,2.0,0.0,2.38,38,1141.09,1,0.0,0,Potential Customers
CUST104659,7043.27,4,1760.8175,8.0,0.0,11.06,161,9157.03,1,0.0,3,High Value Customers
CUST104660,0.0,0,0.0,2.0,0.0,3.27,400,0.0,1,0.0,2,At-Risk Customers
CUST104661,2854.43,2,1427.215,4.0,0.0,4.45,121,4239.93,1,0.0,0,Potential Customers
CUST104662,0.0,0,0.0,3.0,0.0,7.25,400,0.0,1,0.0,2,At-Risk Customers
CUST104663,0.0,0,0.0,4.0,0.0,7.87,400,0.0,1,0.0,2,At-Risk Customers
CUST104664,3204.22,2,1602.11,1.0,0.0,2.83,357,4163.21,1,0.0,0,Potential Customers
CUST104665,2146.35,2,1073.175,2.0,0.0,4.26,146,3358.44,1,0.0,0,Potential Customers
CUST104666,5005.54,2,2502.77,3.0,0.0,4.0,61,5714.8,1,0.0,3,High Value Customers
CUST104667,2953.56,1,2953.56,2.0,0.0,5.28,192,3884.6,1,0.0,0,Potential Customers
CUST104668,0.0,0,0.0,0.0,0.0,4.64,400,0.0,1,0.0,2,At-Risk Customers
CUST104669,3822.61,2,1911.305,2.0,0.0,2.43,121,4734.72,1,0.0,0,Potential Customers
CUST104670,0.0,0,0.0,3.0,1.0,4.5,400,64.88,1,1.0,2,At-Risk Customers
CUST104671,3127.71,3,1042.57,1.0,0.0,1.46,286,5515.99,1,0.0,0,Potential Customers
CUST104672,2738.44,2,1369.22,0.0,0.0,4.06,261,3464.63,1,0.0,0,Potential Customers
CUST104673,601.19,1,601.19,3.0,0.0,4.41,197,1103.4,1,0.0,0,Potential Customers
CUST104674,3616.28,2,1808.14,1.0,0.0,2.04,226,4962.94,1,0.0,0,Potential Customers
CUST104675,3808.44,3,1269.48,3.0,0.0,3.33,297,5072.73,1,0.0,0,Potential Customers
CUST104676,0.0,0,0.0,1.0,0.0,2.83,400,189.4,1,0.0,2,At-Risk Customers
CUST104677,5798.88,3,1932.96,2.0,0.0,2.87,281,7963.89,1,0.0,3,High Value Customers
CUST104678,1552.59,1,1552.59,3.0,2.0,6.89,80,2079.35,1,1.0,1,Loyal Customers
CUST104679,0.0,0,0.0,4.0,0.0,5.6,400,178.64,1,0.0,2,At-Risk Customers
CUST104680,1586.38,2,793.19,2.0,0.0,7.95,185,1903.06,1,1.0,0,Potential Customers
CUST104681,2106.63,1,2106.63,6.0,0.0,17.37,318,2901.87,1,1.0,0,Potential Customers
CUST104682,0.0,0,0.0,3.0,0.0,8.74,400,0.0,1,0.0,2,At-Risk Customers
CUST104683,6388.56,3,2129.52,3.0,0.0,1.38,177,7692.11,1,0.0,3,High Value Customers
CUST104684,658.34,2,329.17,6.0,0.0,2.56,155,923.09,1,0.0,0,Potential Customers
CUST104685,11589.14840000001,4,2897.2871000000023,3.0,0.0,10.38,202,18238.69,1,1.0,3,High Value Customers
CUST104686,3675.26,3,1225.0866666666668,2.0,3.0,3.08,175,5793.88,1,1.0,1,Loyal Customers
CUST104687,2347.52,2,1173.76,0.0,0.0,2.94,39,3882.05,1,0.0,0,Potential Customers
CUST104688,259.75,1,259.75,0.0,0.0,5.12,126,458.39,1,0.0,0,Potential Customers
CUST104689,3779.93,2,1889.965,2.0,0.0,3.32,335,5175.17,1,0.0,0,Potential Customers
CUST104690,3146.22,1,3146.22,3.0,0.0,13.42,105,4298.79,1,0.0,0,Potential Customers
CUST104691,0.0,0,0.0,1.0,0.0,3.62,400,119.0,1,0.0,2,At-Risk Customers
CUST104692,1360.72,1,1360.72,5.0,3.0,21.94,219,1615.24,1,1.0,1,Loyal Customers
CUST104693,4253.64,2,2126.82,2.0,0.0,2.74,324,6095.09,1,0.0,0,Potential Customers
CUST104694,6855.91,3,2285.3033333333333,1.0,0.0,2.56,160,8226.51,1,0.0,3,High Value Customers
CUST104695,11589.14840000001,3,3863.0494666666696,2.0,0.0,2.26,331,16691.41,1,0.0,3,High Value Customers
CUST104696,2903.14,1,2903.14,1.0,0.0,2.34,213,3444.89,1,0.0,0,Potential Customers
CUST104697,3508.12,2,1754.06,4.0,0.0,6.73,32,5241.96,1,0.0,0,Potential Customers
CUST104698,547.07,2,273.535,3.0,0.0,1.58,38,719.98,1,0.0,0,Potential Customers
CUST104699,3468.53,2,1734.265,1.0,0.0,2.01,6,4854.12,1,0.0,0,Potential Customers
CUST104700,1589.4,1,1589.4,2.0,0.0,5.83,330,2231.62,1,0.0,0,Potential Customers
CUST104701,2577.45,2,1288.725,2.0,0.0,0.89,252,3896.19,1,1.0,0,Potential Customers
CUST104702,1276.01,1,1276.01,2.0,0.0,1.45,7,1884.97,1,0.0,0,Potential Customers
CUST104703,570.77,1,570.77,3.0,0.0,3.91,82,1014.04,1,0.0,0,Potential Customers
CUST104704,0.0,0,0.0,3.0,0.0,5.4,400,0.0,1,0.0,2,At-Risk Customers
CUST104705,1821.52,1,1821.52,1.0,0.0,3.2,174,2325.07,1,0.0,0,Potential Customers
CUST104706,1133.04,2,566.52,2.0,0.0,5.5,226,1942.95,1,0.0,0,Potential Customers
CUST104707,2857.68,2,1428.84,2.0,0.0,2.22,241,4241.97,1,0.0,0,Potential Customers
CUST104708,11589.14840000001,5,2317.8296800000016,3.0,0.0,11.7,325,22395.37,1,0.0,3,High Value Customers
CUST104709,0.0,0,0.0,4.0,0.0,7.67,400,24.83,1,0.0,2,At-Risk Customers
CUST104710,0.0,0,0.0,2.0,0.0,2.29,400,184.52,1,0.0,2,At-Risk Customers
CUST104711,0.0,0,0.0,2.0,0.0,3.55,400,0.0,1,0.0,2,At-Risk Customers
CUST104712,2769.19,1,2769.19,2.0,3.0,1.03,13,3858.72,1,1.0,1,Loyal Customers
CUST104713,1983.08,1,1983.08,4.0,0.0,7.77,131,2713.13,1,0.0,0,Potential Customers
CUST104714,670.61,1,670.61,1.0,0.0,1.66,56,956.36,1,0.0,0,Potential Customers
CUST104715,2713.56,1,2713.56,4.0,0.0,2.78,91,3340.37,1,1.0,0,Potential Customers
CUST104716,5305.83,3,1768.61,1.0,0.0,3.3,262,7084.05,1,0.0,3,High Value Customers
CUST104717,667.93,2,333.965,2.0,0.0,1.55,235,1413.46,1,0.0,0,Potential Customers
CUST104718,0.0,0,0.0,0.0,0.0,2.26,400,167.81,1,0.0,2,At-Risk Customers
CUST104719,0.0,0,0.0,3.0,1.0,5.26,400,170.59,1,0.0,2,At-Risk Customers
CUST104720,9360.36,3,3120.1200000000003,1.0,0.0,2.86,222,11732.3,1,1.0,3,High Value Customers
CUST104721,1790.17,2,895.085,3.0,0.0,7.46,69,2570.27,1,0.0,0,Potential Customers
CUST104722,1535.1,1,1535.1,3.0,0.0,6.82,232,1880.83,1,0.0,0,Potential Customers
CUST104723,7765.92,3,2588.64,1.0,0.0,2.24,42,9247.2,1,0.0,3,High Value Customers
CUST104724,0.0,0,0.0,1.0,0.0,2.95,400,0.0,1,0.0,2,At-Risk Customers
CUST104725,0.0,0,0.0,4.0,0.0,2.95,400,186.67,1,0.0,2,At-Risk Customers
CUST104726,0.0,0,0.0,7.0,0.0,3.06,400,140.75,1,0.0,2,At-Risk Customers
CUST104727,2514.2,1,2514.2,4.0,0.0,11.39,200,3058.91,1,0.0,0,Potential Customers
CUST104728,3785.83,1,3785.83,1.0,0.0,4.64,7,5180.25,1,0.0,0,Potential Customers
CUST104729,3977.81,2,1988.905,3.0,0.0,1.27,87,5288.59,1,0.0,0,Potential Customers
CUST104730,3331.61,3,1110.5366666666666,0.0,0.0,2.56,82,5286.01,1,0.0,0,Potential Customers
CUST104731,0.0,0,0.0,3.0,0.0,2.93,400,84.36,1,0.0,2,At-Risk Customers
CUST104732,4105.5,2,2052.75,1.0,0.0,5.45,126,5811.8,1,0.0,0,Potential Customers
CUST104733,0.0,0,0.0,9.0,0.0,14.32,400,4.79,1,1.0,2,At-Risk Customers
CUST104734,3205.97,1,3205.97,5.0,0.0,7.04,217,3801.68,1,1.0,0,Potential Customers
CUST104735,5799.1,4,1449.775,3.0,0.0,3.78,165,7114.87,1,0.0,3,High Value Customers
CUST104736,5553.66,2,2776.83,3.0,0.0,2.24,223,6266.69,1,0.0,3,High Value Customers
CUST104737,0.0,0,0.0,3.0,0.0,10.96,400,41.9,1,0.0,2,At-Risk Customers
CUST104738,1042.36,2,521.18,3.0,0.0,3.29,190,1707.41,1,0.0,0,Potential Customers
CUST104739,0.0,0,0.0,0.0,0.0,1.5,400,0.0,1,0.0,2,At-Risk Customers
CUST104740,0.0,0,0.0,1.0,0.0,5.21,400,0.0,1,0.0,2,At-Risk Customers
CUST104741,2909.37,2,1454.685,2.0,0.0,1.71,346,3661.62,1,0.0,0,Potential Customers
CUST104742,1385.11,1,1385.11,3.0,0.0,6.44,100,1562.85,1,1.0,0,Potential Customers
CUST104743,1119.79,4,279.9475,3.0,0.0,3.08,355,2006.03,1,0.0,0,Potential Customers
CUST104744,0.0,0,0.0,3.0,0.0,3.27,400,71.75,1,0.0,2,At-Risk Customers
CUST104745,6799.1,3,2266.366666666667,1.0,0.0,0.76,142,9919.37,1,0.0,3,High Value Customers
CUST104746,1979.9,2,989.95,2.0,0.0,8.62,301,2760.81,1,0.0,0,Potential Customers
CUST104747,1695.0,1,1695.0,1.0,0.0,1.78,139,2582.34,1,0.0,0,Potential Customers
CUST104748,2266.8,1,2266.8,4.0,0.0,2.45,272,3050.91,1,0.0,0,Potential Customers
CUST104749,4631.26,4,1157.815,3.0,0.0,4.63,362,7282.05,1,0.0,3,High Value Customers
CUST104750,0.0,0,0.0,1.0,0.0,3.66,400,0.0,1,0.0,2,At-Risk Customers
CUST104751,1513.8,1,1513.8,2.0,0.0,20.23,191,1839.06,1,0.0,0,Potential Customers
CUST104752,0.0,0,0.0,2.0,0.0,1.21,400,0.0,1,0.0,2,At-Risk Customers
CUST104753,1255.83,1,1255.83,3.0,0.0,3.1,16,1782.54,1,1.0,0,Potential Customers
CUST104754,0.0,0,0.0,3.0,0.0,7.03,400,0.0,1,0.0,2,At-Risk Customers
CUST104755,2927.86,2,1463.93,0.0,0.0,2.97,205,3769.38,1,0.0,0,Potential Customers
CUST104756,2541.61,1,2541.61,2.0,0.0,4.05,280,3510.11,1,0.0,0,Potential Customers
CUST104757,0.0,0,0.0,3.0,0.0,23.312000000000044,400,73.29,1,0.0,2,At-Risk Customers
CUST104758,0.0,0,0.0,2.0,0.0,4.25,400,127.02,1,0.0,2,At-Risk Customers
CUST104759,1345.77,1,1345.77,4.0,0.0,10.81,233,1996.94,1,0.0,0,Potential Customers
CUST104760,1445.3,1,1445.3,2.0,0.0,6.39,97,2025.81,1,0.0,0,Potential Customers
CUST104761,0.0,0,0.0,5.0,1.0,6.8,400,0.0,1,0.0,2,At-Risk Customers
CUST104762,1521.74,1,1521.74,3.0,0.0,3.53,293,2234.67,1,0.0,0,Potential Customers
CUST104763,375.31,1,375.31,2.0,0.0,1.3,246,522.5,1,0.0,2,At-Risk Customers
CUST104764,1571.78,1,1571.78,3.0,0.0,8.68,347,2107.94,1,0.0,0,Potential Customers
CUST104765,0.0,0,0.0,5.0,0.0,5.99,400,0.0,1,0.0,2,At-Risk Customers
CUST104766,510.42,1,510.42,2.0,0.0,5.9,65,949.99,1,0.0,0,Potential Customers
CUST104767,6888.01,3,2296.0033333333336,2.0,0.0,3.65,277,8604.28,1,0.0,3,High Value Customers
CUST104768,0.0,0,0.0,1.0,0.0,2.58,400,7.67,1,0.0,2,At-Risk Customers
CUST104769,4561.75,3,1520.5833333333333,2.0,0.0,10.24,73,6221.38,1,0.0,3,High Value Customers
CUST104770,1815.34,1,1815.34,0.0,0.0,5.1,30,2714.3,1,1.0,0,Potential Customers
CUST104771,1798.35,1,1798.35,2.0,0.0,1.13,197,1939.88,1,0.0,0,Potential Customers
CUST104772,0.0,0,0.0,6.0,0.0,3.91,400,0.0,1,0.0,2,At-Risk Customers
CUST104773,0.0,0,0.0,5.0,0.0,3.28,400,83.27,1,1.0,2,At-Risk Customers
CUST104774,5827.34,3,1942.4466666666667,0.0,0.0,0.76,177,8393.11,1,0.0,3,High Value Customers
CUST104775,0.0,0,0.0,1.0,0.0,2.4,400,0.0,1,0.0,2,At-Risk Customers
CUST104776,0.0,0,0.0,5.0,0.0,23.312000000000044,400,0.0,1,0.0,2,At-Risk Customers
CUST104777,2233.23,1,2233.23,0.0,0.0,0.78,177,2436.38,1,0.0,0,Potential Customers
CUST104778,3194.54,1,3194.54,2.0,0.0,1.81,170,3737.49,1,0.0,0,Potential Customers
CUST104779,4142.02,2,2071.01,0.0,0.0,0.76,91,5184.72,1,1.0,0,Potential Customers
CUST104780,1003.47,3,334.49,2.0,0.0,1.34,47,2072.59,1,0.0,0,Potential Customers
CUST104781,503.16,1,503.16,1.0,0.0,1.12,305,855.66,1,0.0,2,At-Risk Customers
CUST104782,6378.13,3,2126.0433333333335,1.0,0.0,1.77,164,9268.57,1,0.0,3,High Value Customers
CUST104783,4551.8,3,1517.2666666666667,4.0,0.0,13.48,171,5805.32,1,0.0,3,High Value Customers
CUST104784,1481.27,3,493.75666666666666,4.0,0.0,7.65,126,2466.66,1,0.0,0,Potential Customers
CUST104785,323.57,1,323.57,1.0,0.0,3.38,173,615.22,1,0.0,0,Potential Customers
CUST104786,0.0,0,0.0,3.0,0.0,13.09,400,144.47,1,0.0,2,At-Risk Customers
CUST104787,1425.85,2,712.925,1.0,0.0,2.91,58,2261.13,1,0.0,0,Potential Customers
CUST104788,638.3,1,638.3,3.0,0.0,2.08,86,1020.73,1,0.0,0,Potential Customers
CUST104789,2021.77,1,2021.77,3.0,0.0,2.99,319,2349.6,1,0.0,0,Potential Customers
CUST104790,1605.33,1,1605.33,1.0,0.0,1.34,300,2440.62,1,0.0,0,Potential Customers
CUST104791,3783.1,2,1891.55,0.0,0.0,1.08,38,4675.2,1,0.0,0,Potential Customers
CUST104792,797.6,1,797.6,5.0,0.0,6.44,360,1342.8,1,0.0,2,At-Risk Customers
CUST104793,2451.34,1,2451.34,3.0,0.0,5.11,19,2857.53,1,0.0,0,Potential Customers
CUST104794,2855.56,1,2855.56,4.0,0.0,1.65,345,3924.53,1,0.0,0,Potential Customers
CUST104795,1740.02,1,1740.02,1.0,0.0,5.62,282,2592.55,1,0.0,0,Potential Customers
CUST104796,0.0,0,0.0,1.0,0.0,5.78,400,0.0,1,0.0,2,At-Risk Customers
CUST104797,2441.01,1,2441.01,1.0,0.0,2.66,320,3470.9,1,0.0,0,Potential Customers
CUST104798,2427.72,1,2427.72,0.0,0.0,2.08,128,3611.52,1,0.0,0,Potential Customers
CUST104799,5540.24,3,1846.7466666666667,5.0,0.0,7.06,330,7251.25,1,0.0,3,High Value Customers
CUST104800,0.0,0,0.0,2.0,0.0,5.55,400,0.0,1,0.0,2,At-Risk Customers
CUST104801,2740.29,1,2740.29,6.0,0.0,13.71,45,3822.28,1,0.0,0,Potential Customers
CUST104802,7332.52,2,3666.26,4.0,0.0,5.5,159,9790.52,1,0.0,3,High Value Customers
CUST104803,0.0,0,0.0,2.0,0.0,1.17,400,0.0,1,0.0,2,At-Risk Customers
CUST104804,0.0,0,0.0,0.0,0.0,1.39,400,144.56,1,0.0,2,At-Risk Customers
CUST104805,1838.84,1,1838.84,2.0,0.0,3.48,109,2464.2,1,0.0,0,Potential Customers
CUST104806,1439.28,1,1439.28,0.0,0.0,7.14,194,1925.18,1,0.0,0,Potential Customers
CUST104807,2606.21,1,2606.21,0.0,0.0,5.08,252,3509.7,1,1.0,0,Potential Customers
CUST104808,4044.55,2,2022.275,5.0,0.0,2.63,169,5072.93,1,0.0,0,Potential Customers
CUST104809,3216.39,1,3216.39,1.0,0.0,1.25,170,4036.71,1,0.0,0,Potential Customers
CUST104810,5126.42,2,2563.21,8.0,0.0,11.34,337,6649.3,1,0.0,3,High Value Customers
CUST104811,0.0,0,0.0,7.0,0.0,10.97,400,50.71,1,0.0,2,At-Risk Customers
CUST104812,783.63,3,261.21,5.0,1.0,1.51,3,1575.88,1,1.0,0,Potential Customers
CUST104813,2128.94,1,2128.94,1.0,0.0,6.46,222,3358.67,1,0.0,0,Potential Customers
CUST104814,0.0,0,0.0,4.0,0.0,4.85,400,0.0,1,0.0,2,At-Risk Customers
CUST104815,8853.28,3,2951.0933333333337,2.0,0.0,6.55,352,12395.69,1,0.0,3,High Value Customers
CUST104816,0.0,0,0.0,4.0,0.0,11.73,400,0.0,1,0.0,2,At-Risk Customers
CUST104817,3071.79,2,1535.895,5.0,0.0,11.0,355,4191.93,1,0.0,0,Potential Customers
CUST104818,0.0,0,0.0,2.0,0.0,5.78,400,0.0,1,0.0,2,At-Risk Customers
CUST104819,0.0,0,0.0,1.0,0.0,3.42,400,0.0,1,0.0,2,At-Risk Customers
CUST104820,0.0,0,0.0,2.0,0.0,3.29,400,122.95,1,0.0,2,At-Risk Customers
CUST104821,0.0,0,0.0,3.0,0.0,3.48,400,0.0,1,0.0,2,At-Risk Customers
CUST104822,2253.25,1,2253.25,8.0,3.0,23.312000000000044,146,2624.15,1,0.0,1,Loyal Customers
CUST104823,1103.8,1,1103.8,2.0,2.0,4.19,288,1767.46,1,1.0,1,Loyal Customers
CUST104824,308.07,1,308.07,1.0,0.0,7.0,90,577.04,1,0.0,0,Potential Customers
CUST104825,0.0,0,0.0,3.0,0.0,5.43,400,183.85,1,0.0,2,At-Risk Customers
CUST104826,0.0,0,0.0,2.0,0.0,2.03,400,181.73,1,0.0,2,At-Risk Customers
CUST104827,6002.36,2,3001.18,3.0,0.0,5.67,331,7743.01,1,0.0,3,High Value Customers
CUST104828,1989.1,1,1989.1,2.0,0.0,2.55,184,2896.39,1,0.0,0,Potential Customers
CUST104829,664.84,1,664.84,1.0,0.0,2.09,113,1096.13,1,0.0,0,Potential Customers
CUST104830,4883.34,4,1220.835,5.0,0.0,6.15,267,5993.64,1,0.0,3,High Value Customers
CUST104831,1557.92,1,1557.92,2.0,0.0,1.67,177,2526.77,1,0.0,0,Potential Customers
CUST104832,3217.06,1,3217.06,5.0,0.0,7.5,187,4131.73,1,0.0,0,Potential Customers
CUST104833,0.0,0,0.0,1.0,0.0,6.04,400,0.0,1,0.0,2,At-Risk Customers
CUST104834,651.29,1,651.29,4.0,0.0,9.83,97,847.95,1,0.0,0,Potential Customers
CUST104835,0.0,0,0.0,2.0,0.0,5.67,400,157.3,1,0.0,2,At-Risk Customers
CUST104836,2572.13,2,1286.065,2.0,0.0,2.08,61,3439.6,1,0.0,0,Potential Customers
CUST104837,2366.17,1,2366.17,5.0,0.0,8.85,270,3272.44,1,0.0,0,Potential Customers
CUST104838,6225.87,2,3112.935,5.0,0.0,9.17,349,7377.1,1,0.0,3,High Value Customers
CUST104839,1114.14,3,371.38000000000005,2.0,0.0,7.58,148,2272.85,1,0.0,0,Potential Customers
CUST104840,4622.0,2,2311.0,5.0,2.0,6.77,96,5455.26,1,0.0,1,Loyal Customers
CUST104841,5954.34,5,1190.868,1.0,1.0,1.44,36,8264.19,1,1.0,3,High Value Customers
CUST104842,0.0,0,0.0,2.0,0.0,23.312000000000044,400,0.0,1,0.0,2,At-Risk Customers
CUST104843,2187.46,1,2187.46,4.0,0.0,1.69,120,3171.34,1,0.0,0,Potential Customers
CUST104844,0.0,0,0.0,2.0,0.0,2.62,400,12.45,1,0.0,2,At-Risk Customers
CUST104845,323.64,1,323.64,2.0,2.0,2.27,153,710.86,1,1.0,1,Loyal Customers
CUST104846,0.0,0,0.0,1.0,0.0,1.35,400,96.33,1,0.0,2,At-Risk Customers
CUST104847,2183.34,1,2183.34,1.0,0.0,4.59,350,2706.73,1,0.0,0,Potential Customers
CUST104848,1798.06,1,1798.06,3.0,0.0,3.97,43,2608.62,1,1.0,0,Potential Customers
CUST104849,1746.79,1,1746.79,6.0,0.0,10.28,16,2472.04,1,0.0,0,Potential Customers
CUST104850,1979.15,1,1979.15,2.0,0.0,9.43,343,2770.58,1,0.0,0,Potential Customers
CUST104851,0.0,0,0.0,1.0,0.0,4.59,400,205.51,1,0.0,2,At-Risk Customers
CUST104852,0.0,0,0.0,3.0,0.0,7.04,400,137.67,1,0.0,2,At-Risk Customers
CUST104853,750.43,1,750.43,4.0,0.0,3.77,127,1204.66,1,0.0,0,Potential Customers
CUST104854,4015.2,2,2007.6,1.0,0.0,3.75,274,5304.31,1,0.0,0,Potential Customers
CUST104855,6147.72,3,2049.2400000000002,1.0,0.0,4.43,130,8594.09,1,0.0,3,High Value Customers
CUST104856,0.0,0,0.0,1.0,0.0,3.65,400,77.64,1,0.0,2,At-Risk Customers
CUST104857,3379.76,1,3379.76,1.0,0.0,4.7,45,4179.89,1,0.0,0,Potential Customers
CUST104858,1946.05,1,1946.05,2.0,0.0,6.45,27,2190.7,1,1.0,0,Potential Customers
CUST104859,2032.01,1,2032.01,1.0,0.0,1.73,71,3065.19,1,0.0,0,Potential Customers
CUST104860,0.0,0,0.0,4.0,0.0,3.05,400,0.0,1,0.0,2,At-Risk Customers
CUST104861,0.0,0,0.0,5.0,0.0,6.98,400,0.0,1,0.0,2,At-Risk Customers
CUST104862,4483.05,2,2241.525,1.0,0.0,2.75,49,5184.3,1,0.0,0,Potential Customers
CUST104863,2134.04,1,2134.04,3.0,0.0,2.79,162,2633.21,1,0.0,0,Potential Customers
CUST104864,0.0,0,0.0,5.0,0.0,4.02,400,138.72,1,0.0,2,At-Risk Customers
CUST104865,1693.56,1,1693.56,5.0,0.0,2.42,118,2360.85,1,0.0,0,Potential Customers
CUST104866,3952.5,2,1976.25,4.0,0.0,5.49,332,5901.35,1,0.0,0,Potential Customers
CUST104867,2315.64,1,2315.64,3.0,0.0,4.5,126,2714.98,1,0.0,0,Potential Customers
CUST104868,0.0,0,0.0,2.0,0.0,7.55,400,7.6,1,0.0,2,At-Risk Customers
CUST104869,1698.74,1,1698.74,2.0,0.0,3.87,125,2138.63,1,0.0,0,Potential Customers
CUST104870,324.96,1,324.96,1.0,0.0,2.33,183,611.63,1,0.0,0,Potential Customers
CUST104871,2572.9,1,2572.9,0.0,0.0,2.57,351,3794.27,1,0.0,0,Potential Customers
CUST104872,0.0,0,0.0,5.0,0.0,12.92,400,6.31,1,0.0,2,At-Risk Customers
CUST104873,2537.74,2,1268.87,5.0,0.0,2.79,114,3727.06,1,1.0,0,Potential Customers
CUST104874,376.66,1,376.66,5.0,1.0,2.67,305,688.17,1,0.0,2,At-Risk Customers
CUST104875,0.0,0,0.0,3.0,0.0,2.94,400,84.74,1,1.0,2,At-Risk Customers
CUST104876,2263.52,1,2263.52,3.0,0.0,3.36,191,3293.2,1,0.0,0,Potential Customers
CUST104877,6367.3,3,2122.4333333333334,4.0,0.0,3.05,141,8854.51,1,0.0,3,High Value Customers
CUST104878,5705.17,2,2852.585,4.0,0.0,6.02,301,8202.44,1,0.0,3,High Value Customers
CUST104879,832.03,1,832.03,1.0,2.0,4.35,252,1118.01,1,0.0,1,Loyal Customers
CUST104880,4129.63,2,2064.815,2.0,0.0,2.68,220,5204.06,1,0.0,0,Potential Customers
CUST104881,6793.18,3,2264.3933333333334,7.0,3.0,6.72,17,9128.31,1,1.0,1,Loyal Customers
CUST104882,2760.65,1,2760.65,6.0,0.0,4.94,253,3621.87,1,0.0,0,Potential Customers
CUST104883,1966.7,2,983.35,3.0,3.0,10.27,228,2447.83,1,1.0,1,Loyal Customers
CUST104884,3151.19,1,3151.19,4.0,0.0,5.06,236,3625.17,1,0.0,0,Potential Customers
CUST104885,4912.84,3,1637.6133333333335,2.0,0.0,3.71,356,6750.62,1,0.0,3,High Value Customers
CUST104886,5946.38,3,1982.1266666666668,4.0,0.0,3.52,350,8304.97,1,0.0,3,High Value Customers
CUST104887,525.21,2,262.605,3.0,0.0,4.49,336,1238.18,1,0.0,2,At-Risk Customers
CUST104888,1232.48,1,1232.48,5.0,0.0,5.24,133,1642.1,1,0.0,0,Potential Customers
CUST104889,2491.3,1,2491.3,0.0,0.0,4.05,346,3326.78,1,0.0,0,Potential Customers
CUST104890,1387.09,1,1387.09,1.0,0.0,2.98,256,1932.19,1,0.0,0,Potential Customers
CUST104891,2388.45,1,2388.45,3.0,0.0,6.29,28,2868.66,1,0.0,0,Potential Customers
CUST104892,1456.94,2,728.47,1.0,0.0,5.49,316,2204.93,1,0.0,0,Potential Customers
CUST104893,2024.65,1,2024.65,3.0,0.0,4.11,192,2871.38,1,0.0,0,Potential Customers
CUST104894,0.0,0,0.0,2.0,0.0,6.47,400,0.0,1,0.0,2,At-Risk Customers
CUST104895,3661.71,1,3661.71,4.0,0.0,3.84,302,4151.03,1,0.0,0,Potential Customers
CUST104896,9063.86,3,3021.286666666667,5.0,0.0,4.09,47,12994.1,1,0.0,3,High Value Customers
CUST104897,11589.14840000001,6,1931.5247333333348,3.0,0.0,6.31,282,19063.15,1,0.0,3,High Value Customers
CUST104898,0.0,0,0.0,3.0,0.0,7.1,400,0.0,1,0.0,2,At-Risk Customers
CUST104899,2192.62,1,2192.62,1.0,0.0,6.41,77,3195.18,1,0.0,0,Potential Customers
CUST104900,8975.14,2,4487.57,1.0,0.0,2.37,202,11274.72,1,0.0,3,High Value Customers
CUST104901,1924.62,1,1924.62,4.0,0.0,5.28,7,2318.65,1,0.0,0,Potential Customers
CUST104902,4310.06,2,2155.03,4.0,0.0,4.18,243,5448.77,1,0.0,0,Potential Customers
CUST104903,0.0,0,0.0,1.0,0.0,5.34,400,36.41,1,0.0,2,At-Risk Customers
CUST104904,1421.95,1,1421.95,3.0,0.0,14.53,195,2316.19,1,0.0,0,Potential Customers
CUST104905,456.37,1,456.37,0.0,0.0,3.5,363,805.63,1,0.0,2,At-Risk Customers
CUST104906,3139.49,2,1569.745,2.0,0.0,4.12,289,3797.29,1,0.0,0,Potential Customers
CUST104907,3998.86,2,1999.43,1.0,0.0,2.73,179,5810.07,1,0.0,0,Potential Customers
CUST104908,2258.74,1,2258.74,2.0,0.0,3.55,66,3044.44,1,1.0,0,Potential Customers
CUST104909,1954.2,1,1954.2,0.0,0.0,2.52,90,2259.35,1,0.0,0,Potential Customers
CUST104910,0.0,0,0.0,1.0,0.0,1.91,400,85.65,1,0.0,2,At-Risk Customers
CUST104911,0.0,0,0.0,2.0,0.0,1.03,400,131.99,1,0.0,2,At-Risk Customers
CUST104912,9893.5,5,1978.7,1.0,0.0,2.49,211,13896.64,1,1.0,3,High Value Customers
CUST104913,0.0,0,0.0,1.0,0.0,2.62,400,149.24,1,0.0,2,At-Risk Customers
CUST104914,0.0,0,0.0,2.0,0.0,3.89,400,0.0,1,0.0,2,At-Risk Customers
CUST104915,3495.94,1,3495.94,3.0,0.0,2.78,79,4441.03,1,0.0,0,Potential Customers
CUST104916,1196.2,1,1196.2,5.0,0.0,8.35,53,1511.85,1,0.0,0,Potential Customers
CUST104917,2844.88,1,2844.88,2.0,0.0,4.75,156,3558.17,1,0.0,0,Potential Customers
CUST104918,2210.5,1,2210.5,1.0,0.0,6.82,130,3152.37,1,0.0,0,Potential Customers
CUST104919,8018.36,4,2004.59,2.0,0.0,8.07,180,9837.91,1,0.0,3,High Value Customers
CUST104920,8279.73,4,2069.9325,2.0,0.0,10.71,101,11380.22,1,1.0,3,High Value Customers
CUST104921,2022.71,1,2022.71,0.0,0.0,8.01,100,2836.75,1,0.0,0,Potential Customers
CUST104922,1043.14,1,1043.14,2.0,0.0,2.18,19,1273.71,1,0.0,0,Potential Customers
CUST104923,0.0,0,0.0,4.0,0.0,7.4,400,0.0,1,0.0,2,At-Risk Customers
CUST104924,1493.65,1,1493.65,1.0,0.0,5.07,129,2356.76,1,0.0,0,Potential Customers
CUST104925,0.0,0,0.0,3.0,0.0,10.41,400,0.0,1,0.0,2,At-Risk Customers
CUST104926,0.0,0,0.0,1.0,0.0,4.13,400,0.0,1,0.0,2,At-Risk Customers
CUST104927,0.0,0,0.0,3.0,0.0,9.04,400,12.61,1,0.0,2,At-Risk Customers
CUST104928,5635.43,2,2817.715,1.0,0.0,4.35,169,7335.17,1,1.0,3,High Value Customers
CUST104929,1786.85,1,1786.85,5.0,0.0,4.47,63,2766.62,1,0.0,0,Potential Customers
CUST104930,1148.47,1,1148.47,3.0,0.0,6.46,165,1671.44,1,0.0,0,Potential Customers
CUST104931,4409.13,3,1469.71,2.0,0.0,3.25,25,5500.5,1,0.0,3,High Value Customers
CUST104932,6545.75,2,3272.875,2.0,0.0,5.97,364,7178.51,1,0.0,3,High Value Customers
CUST104933,0.0,0,0.0,2.0,0.0,1.4,400,0.0,1,0.0,2,At-Risk Customers
CUST104934,2781.17,3,927.0566666666667,3.0,0.0,5.69,232,4819.5,1,0.0,0,Potential Customers
CUST104935,2148.2,1,2148.2,3.0,0.0,1.66,178,3433.7,1,0.0,0,Potential Customers
CUST104936,2495.92,2,1247.96,4.0,0.0,5.98,20,3651.66,1,0.0,0,Potential Customers
CUST104937,1297.43,1,1297.43,2.0,0.0,0.76,343,1729.9,1,0.0,0,Potential Customers
CUST104938,1178.64,1,1178.64,0.0,0.0,1.14,339,1823.62,1,0.0,0,Potential Customers
CUST104939,0.0,0,0.0,4.0,0.0,4.21,400,0.0,1,0.0,2,At-Risk Customers
CUST104940,2002.61,1,2002.61,3.0,0.0,4.26,199,2774.28,1,0.0,0,Potential Customers
CUST104941,5600.4,2,2800.2,1.0,0.0,3.4,207,7449.81,1,0.0,3,High Value Customers
CUST104942,664.27,1,664.27,2.0,0.0,6.72,15,1209.16,1,1.0,0,Potential Customers
CUST104943,0.0,0,0.0,2.0,0.0,7.79,400,187.13,1,0.0,2,At-Risk Customers
CUST104944,1261.29,1,1261.29,4.0,0.0,23.312000000000044,202,1611.42,1,0.0,0,Potential Customers
CUST104945,11589.14840000001,3,3863.0494666666696,2.0,0.0,4.18,225,15061.05,1,0.0,3,High Value Customers
CUST104946,3118.96,1,3118.96,3.0,0.0,8.37,221,4678.11,1,0.0,0,Potential Customers
CUST104947,1283.54,4,320.885,0.0,0.0,2.27,319,2217.86,1,1.0,0,Potential Customers
CUST104948,0.0,0,0.0,1.0,0.0,2.77,400,0.0,1,0.0,2,At-Risk Customers
CUST104949,3126.8,2,1563.4,1.0,0.0,2.28,8,4682.69,1,1.0,0,Potential Customers
CUST104950,1644.93,1,1644.93,2.0,0.0,3.75,102,2428.59,1,0.0,0,Potential Customers
CUST104951,0.0,0,0.0,3.0,3.0,4.74,400,0.0,1,1.0,1,Loyal Customers
CUST104952,7098.25,3,2366.0833333333335,2.0,0.0,8.41,325,10100.26,1,0.0,3,High Value Customers
CUST104953,0.0,0,0.0,1.0,1.0,5.17,400,203.7,1,1.0,2,At-Risk Customers
CUST104954,1797.2,1,1797.2,3.0,0.0,10.34,172,2306.79,1,0.0,0,Potential Customers
CUST104955,2242.17,1,2242.17,2.0,0.0,10.46,184,2821.84,1,0.0,0,Potential Customers
CUST104956,4264.39,2,2132.195,2.0,0.0,4.17,83,5850.51,1,0.0,0,Potential Customers
CUST104957,0.0,0,0.0,2.0,0.0,3.77,400,145.08,1,0.0,2,At-Risk Customers
CUST104958,0.0,0,0.0,2.0,3.0,1.39,400,0.0,1,0.0,1,Loyal Customers
CUST104959,2103.9,1,2103.9,3.0,2.0,2.77,26,2994.28,1,0.0,1,Loyal Customers
CUST104960,1232.41,1,1232.41,3.0,0.0,2.3,187,1887.23,1,0.0,0,Potential Customers
CUST104961,0.0,0,0.0,1.0,0.0,2.37,400,0.0,1,0.0,2,At-Risk Customers
CUST104962,11589.14840000001,4,2897.2871000000023,1.0,0.0,3.01,290,18236.69,1,0.0,3,High Value Customers
CUST104963,4694.8,2,2347.4,0.0,0.0,5.86,160,6770.78,1,1.0,3,High Value Customers
CUST104964,6246.33,2,3123.165,2.0,0.0,4.97,353,7957.58,1,0.0,3,High Value Customers
CUST104965,0.0,0,0.0,3.0,0.0,8.1,400,0.0,1,0.0,2,At-Risk Customers
CUST104966,0.0,0,0.0,5.0,0.0,5.31,400,62.65,1,0.0,2,At-Risk Customers
CUST104967,3226.96,1,3226.96,5.0,0.0,2.68,326,4608.32,1,0.0,0,Potential Customers
CUST104968,5036.4,2,2518.2,2.0,0.0,6.89,34,6520.05,1,0.0,3,High Value Customers
CUST104969,4624.21,2,2312.105,2.0,0.0,1.55,204,6417.9,1,0.0,3,High Value Customers
CUST104970,1222.79,1,1222.79,5.0,3.0,8.04,163,1794.75,1,1.0,1,Loyal Customers
CUST104971,3004.4,1,3004.4,0.0,0.0,2.37,15,4205.93,1,0.0,0,Potential Customers
CUST104972,701.2,1,701.2,1.0,0.0,0.81,242,1081.33,1,0.0,0,Potential Customers
CUST104973,337.44,1,337.44,1.0,0.0,5.94,127,745.57,1,0.0,0,Potential Customers
CUST104974,1067.14,1,1067.14,2.0,0.0,3.27,282,1407.32,1,0.0,0,Potential Customers
CUST104975,2767.36,1,2767.36,8.0,2.0,9.23,243,3507.02,1,1.0,1,Loyal Customers
CUST104976,1914.45,1,1914.45,1.0,0.0,7.96,262,2599.58,1,0.0,0,Potential Customers
CUST104977,1482.66,2,741.33,1.0,0.0,2.03,103,2228.89,1,0.0,0,Potential Customers
CUST104978,1125.71,1,1125.71,4.0,0.0,11.78,55,1810.62,1,0.0,0,Potential Customers
CUST104979,7088.42,3,2362.806666666667,0.0,0.0,1.08,49,8622.38,1,0.0,3,High Value Customers
CUST104980,442.03,1,442.03,2.0,0.0,5.61,345,779.55,1,1.0,2,At-Risk Customers
CUST104981,2235.94,2,1117.97,5.0,0.0,10.99,170,3447.38,1,1.0,0,Potential Customers
CUST104982,0.0,0,0.0,2.0,0.0,1.99,400,0.0,1,0.0,2,At-Risk Customers
CUST104983,0.0,0,0.0,4.0,0.0,4.02,400,0.0,1,0.0,2,At-Risk Customers
CUST104984,2267.29,1,2267.29,1.0,0.0,4.54,39,2741.15,1,0.0,0,Potential Customers
CUST104985,0.0,0,0.0,1.0,0.0,5.26,400,0.0,1,0.0,2,At-Risk Customers
CUST104986,0.0,0,0.0,3.0,0.0,9.23,400,11.91,1,0.0,2,At-Risk Customers
CUST104987,2037.14,1,2037.14,4.0,0.0,5.43,13,2507.14,1,0.0,0,Potential Customers
CUST104988,730.68,1,730.68,2.0,0.0,1.6,338,980.0,1,0.0,2,At-Risk Customers
CUST104989,1909.67,1,1909.67,5.0,0.0,0.76,356,2505.4,1,0.0,0,Potential Customers
CUST104990,0.0,0,0.0,1.0,0.0,2.05,400,0.0,1,0.0,2,At-Risk Customers
CUST104991,3602.35,2,1801.175,1.0,0.0,2.18,277,5040.53,1,0.0,0,Potential Customers
CUST104992,2940.0,1,2940.0,2.0,3.0,2.09,354,4124.24,1,0.0,1,Loyal Customers
CUST104993,2663.94,2,1331.97,1.0,0.0,2.6,122,4173.17,1,1.0,0,Potential Customers
CUST104994,2518.96,3,839.6533333333333,2.0,0.0,0.76,155,3572.47,1,1.0,0,Potential Customers
CUST104995,0.0,0,0.0,2.0,0.0,1.76,400,111.39,1,0.0,2,At-Risk Customers
CUST104996,2927.12,1,2927.12,2.0,0.0,5.94,180,3572.49,1,0.0,0,Potential Customers
CUST104997,1785.97,1,1785.97,4.0,0.0,8.41,279,2212.95,1,0.0,0,Potential Customers
CUST104998,5370.25,2,2685.125,0.0,0.0,2.43,297,6806.09,1,0.0,3,High Value Customers
CUST104999,1734.03,1,1734.03,1.0,0.0,6.58,315,2617.13,1,0.0,0,Potential Customers
CUST105000,0.0,0,0.0,3.0,0.0,0.76,400,43.9,1,0.0,2,At-Risk Customers
CUST105001,1764.76,1,1764.76,3.0,0.0,4.9,17,2250.59,1,0.0,0,Potential Customers
CUST105002,0.0,0,0.0,5.0,0.0,9.29,400,0.0,1,0.0,2,At-Risk Customers
CUST105003,1672.2,1,1672.2,4.0,0.0,5.82,63,2239.11,1,1.0,0,Potential Customers
CUST105004,2766.68,1,2766.68,3.0,0.0,3.98,44,3257.7,1,0.0,0,Potential Customers
CUST105005,0.0,0,0.0,2.0,0.0,0.76,400,0.0,1,0.0,2,At-Risk Customers
CUST105006,2101.93,1,2101.93,2.0,0.0,15.23,75,2589.29,1,0.0,0,Potential Customers
CUST105007,2591.3,1,2591.3,3.0,0.0,15.78,77,3801.5,1,1.0,0,Potential Customers
CUST105008,3776.02,2,1888.01,3.0,0.0,6.62,77,4960.84,1,0.0,0,Potential Customers
CUST105009,9222.29,4,2305.5725,5.0,0.0,10.3,351,11452.17,1,0.0,3,High Value Customers
CUST105010,0.0,0,0.0,1.0,0.0,4.06,400,0.0,1,0.0,2,At-Risk Customers
CUST105011,5636.48,3,1878.8266666666666,3.0,0.0,6.91,153,6945.78,1,0.0,3,High Value Customers
CUST105012,2854.92,1,2854.92,5.0,0.0,7.3,196,3318.22,1,0.0,0,Potential Customers
CUST105013,579.45,1,579.45,1.0,0.0,3.88,262,1110.74,1,1.0,2,At-Risk Customers
CUST105014,1552.6,1,1552.6,0.0,0.0,2.27,234,2408.8,1,0.0,0,Potential Customers
CUST105015,0.0,0,0.0,4.0,2.0,7.48,400,171.63,1,1.0,1,Loyal Customers
CUST105016,853.94,1,853.94,6.0,0.0,15.11,188,1154.51,1,1.0,0,Potential Customers
CUST105017,6863.55,3,2287.85,6.0,0.0,9.67,50,9113.66,1,0.0,3,High Value Customers
CUST105018,5005.88,2,2502.94,2.0,0.0,5.15,145,6477.53,1,0.0,3,High Value Customers
CUST105019,3058.01,3,1019.3366666666667,2.0,0.0,4.88,316,3904.32,1,0.0,0,Potential Customers
CUST105020,0.0,0,0.0,4.0,0.0,5.08,400,205.2,1,1.0,2,At-Risk Customers
CUST105021,4192.94,1,4192.94,1.0,0.0,0.82,137,5562.02,1,0.0,0,Potential Customers
CUST105022,4048.06,2,2024.03,3.0,0.0,3.76,66,5113.44,1,0.0,0,Potential Customers
CUST105023,2413.01,1,2413.01,2.0,0.0,3.49,19,3323.0,1,1.0,0,Potential Customers
CUST105024,0.0,0,0.0,0.0,0.0,1.74,400,90.86,1,0.0,2,At-Risk Customers
CUST105025,0.0,0,0.0,3.0,0.0,8.48,400,0.0,1,0.0,2,At-Risk Customers
CUST105026,3981.55,2,1990.775,2.0,0.0,4.94,89,5196.3,1,0.0,0,Potential Customers
CUST105027,263.51,1,263.51,1.0,0.0,0.76,150,577.54,1,0.0,0,Potential Customers
CUST105028,2842.67,1,2842.67,3.0,0.0,4.78,178,4082.5,1,0.0,0,Potential Customers
CUST105029,4093.87,2,2046.935,8.0,0.0,9.91,207,4878.84,1,0.0,0,Potential Customers
CUST105030,0.0,0,0.0,2.0,0.0,2.67,400,0.0,1,0.0,2,At-Risk Customers
CUST105031,2008.62,1,2008.62,5.0,0.0,1.98,26,2852.82,1,0.0,0,Potential Customers
CUST105032,0.0,0,0.0,2.0,0.0,1.64,400,0.0,1,0.0,2,At-Risk Customers
CUST105033,4160.87,2,2080.435,7.0,0.0,4.35,355,6162.07,1,1.0,0,Potential Customers
CUST105034,509.31,1,509.31,1.0,0.0,2.44,87,988.96,1,0.0,0,Potential Customers
CUST105035,0.0,0,0.0,1.0,0.0,1.45,400,0.0,1,0.0,2,At-Risk Customers
CUST105036,1787.15,1,1787.15,3.0,0.0,12.6,148,2343.53,1,0.0,0,Potential Customers
CUST105037,0.0,0,0.0,0.0,0.0,4.68,400,0.0,1,0.0,2,At-Risk Customers
CUST105038,1976.66,1,1976.66,1.0,0.0,2.81,184,2834.66,1,0.0,0,Potential Customers
CUST105039,1789.73,1,1789.73,2.0,0.0,13.09,28,2238.31,1,0.0,0,Potential Customers
CUST105040,1417.42,1,1417.42,2.0,0.0,4.91,171,1959.87,1,0.0,0,Potential Customers
CUST105041,3409.34,2,1704.67,3.0,0.0,3.69,230,4622.6,1,0.0,0,Potential Customers
CUST105042,4891.41,2,2445.705,2.0,0.0,4.72,253,7402.45,1,0.0,3,High Value Customers
CUST105043,2833.6,1,2833.6,0.0,0.0,2.8,155,3570.21,1,0.0,0,Potential Customers
CUST105044,1778.32,1,1778.32,1.0,0.0,3.68,79,2361.81,1,0.0,0,Potential Customers
CUST105045,3614.73,3,1204.91,3.0,1.0,6.1,67,5809.84,1,0.0,0,Potential Customers
CUST105046,8013.33,4,2003.3325,2.0,0.0,13.16,129,8985.09,1,0.0,3,High Value Customers
CUST105047,1544.08,1,1544.08,2.0,0.0,2.76,48,1993.4,1,0.0,0,Potential Customers
CUST105048,2687.85,3,895.9499999999999,4.0,0.0,6.29,238,3996.08,1,0.0,0,Potential Customers
CUST105049,1976.12,1,1976.12,2.0,0.0,1.44,186,2564.75,1,0.0,0,Potential Customers
CUST105050,6264.5,3,2088.1666666666665,2.0,0.0,5.78,272,7498.89,1,0.0,3,High Value Customers
CUST105051,1562.07,2,781.035,5.0,2.0,14.33,332,2186.18,1,1.0,1,Loyal Customers
CUST105052,1388.2,2,694.1,1.0,0.0,4.12,128,1946.12,1,0.0,0,Potential Customers
CUST105053,0.0,0,0.0,2.0,0.0,2.71,400,151.88,1,0.0,2,At-Risk Customers
CUST105054,2298.17,1,2298.17,2.0,0.0,2.8,10,2869.3,1,0.0,0,Potential Customers
CUST105055,597.03,2,298.515,3.0,0.0,5.69,124,1708.25,1,0.0,0,Potential Customers
CUST105056,1636.12,1,1636.12,1.0,0.0,4.23,271,2348.62,1,0.0,0,Potential Customers
CUST105057,3116.95,1,3116.95,3.0,0.0,3.06,177,3794.78,1,0.0,0,Potential Customers
CUST105058,1909.19,1,1909.19,5.0,0.0,6.41,252,2442.01,1,0.0,0,Potential Customers
CUST105059,1097.12,1,1097.12,2.0,0.0,2.19,244,1678.29,1,0.0,0,Potential Customers
CUST105060,11589.14840000001,4,2897.2871000000023,2.0,0.0,7.43,253,16169.52,1,0.0,3,High Value Customers
CUST105061,4682.32,1,4682.32,1.0,0.0,3.25,154,6030.61,1,0.0,3,High Value Customers
CUST105062,1558.54,1,1558.54,4.0,0.0,6.43,52,2080.68,1,0.0,0,Potential Customers
CUST105063,615.07,1,615.07,4.0,0.0,7.3,364,1079.74,1,0.0,2,At-Risk Customers
CUST105064,7887.03,3,2629.0099999999998,1.0,0.0,1.04,354,9747.72,1,0.0,3,High Value Customers
CUST105065,858.61,1,858.61,1.0,0.0,3.86,357,1404.08,1,0.0,2,At-Risk Customers
CUST105066,6137.83,3,2045.9433333333334,1.0,0.0,1.39,332,7930.59,1,0.0,3,High Value Customers
CUST105067,2528.58,1,2528.58,3.0,0.0,1.21,362,3619.63,1,0.0,0,Potential Customers
CUST105068,1651.66,1,1651.66,3.0,0.0,3.44,349,2136.89,1,0.0,0,Potential Customers
CUST105069,5116.44,2,2558.22,3.0,0.0,5.03,249,6175.27,1,0.0,3,High Value Customers
CUST105070,483.03,1,483.03,2.0,0.0,1.38,326,723.31,1,0.0,2,At-Risk Customers
CUST105071,0.0,0,0.0,4.0,0.0,4.9,400,0.0,1,0.0,2,At-Risk Customers
CUST105072,1024.37,2,512.185,0.0,0.0,2.2,334,1821.56,1,0.0,0,Potential Customers
CUST105073,0.0,0,0.0,8.0,0.0,4.25,400,193.26,1,0.0,2,At-Risk Customers
CUST105074,1955.92,2,977.96,4.0,0.0,23.312000000000044,124,3095.73,1,0.0,0,Potential Customers
CUST105075,665.78,1,665.78,2.0,0.0,3.25,18,1165.33,1,0.0,0,Potential Customers
CUST105076,2413.79,1,2413.79,2.0,0.0,1.83,335,3083.63,1,0.0,0,Potential Customers
CUST105077,0.0,0,0.0,3.0,2.0,4.0,400,0.0,1,1.0,1,Loyal Customers
CUST105078,6752.72,2,3376.36,5.0,0.0,3.55,128,8414.09,1,0.0,3,High Value Customers
CUST105079,2602.34,1,2602.34,2.0,0.0,3.18,287,3302.79,1,1.0,0,Potential Customers
CUST105080,710.68,1,710.68,2.0,0.0,4.15,261,1002.11,1,0.0,0,Potential Customers
CUST105081,0.0,0,0.0,1.0,0.0,3.56,400,73.04,1,0.0,2,At-Risk Customers
CUST105082,5674.16,3,1891.3866666666665,3.0,0.0,1.71,165,8078.15,1,0.0,3,High Value Customers
CUST105083,8339.26,2,4169.63,2.0,0.0,7.22,274,9990.82,1,0.0,3,High Value Customers
CUST105084,1774.97,1,1774.97,4.0,0.0,10.17,120,2099.55,1,0.0,0,Potential Customers
CUST105085,0.0,0,0.0,3.0,0.0,3.13,400,0.0,1,0.0,2,At-Risk Customers
CUST105086,4878.42,3,1626.14,4.0,0.0,5.18,96,6828.88,1,0.0,3,High Value Customers
CUST105087,7317.69,4,1829.4225,2.0,0.0,0.97,14,10774.0,1,0.0,3,High Value Customers
CUST105088,1085.3,1,1085.3,4.0,0.0,4.0,120,1623.33,1,1.0,0,Potential Customers
CUST105089,675.58,2,337.79,5.0,0.0,15.59,220,1063.05,1,0.0,0,Potential Customers
CUST105090,4353.09,1,4353.09,3.0,0.0,7.1,230,4750.65,1,0.0,0,Potential Customers
CUST105091,2125.33,2,1062.665,5.0,0.0,4.52,155,3244.04,1,1.0,0,Potential Customers
CUST105092,684.42,2,342.21,3.0,0.0,3.93,162,1142.52,1,1.0,0,Potential Customers
CUST105093,4804.81,3,1601.6033333333335,3.0,0.0,3.29,208,6924.94,1,0.0,3,High Value Customers
CUST105094,708.65,2,354.325,4.0,0.0,5.44,299,1464.56,1,0.0,0,Potential Customers
CUST105095,0.0,0,0.0,2.0,0.0,8.33,400,25.21,1,1.0,2,At-Risk Customers
CUST105096,6611.25,3,2203.75,2.0,0.0,2.85,30,9222.79,1,1.0,3,High Value Customers
CUST105097,0.0,0,0.0,1.0,0.0,6.86,400,0.0,1,0.0,2,At-Risk Customers
CUST105098,1238.21,1,1238.21,2.0,0.0,2.3,90,1871.57,1,0.0,0,Potential Customers
CUST105099,5172.68,2,2586.34,2.0,0.0,2.99,106,5916.15,1,0.0,3,High Value Customers
CUST105100,873.93,1,873.93,2.0,0.0,1.86,298,1193.0,1,0.0,2,At-Risk Customers
CUST105101,1921.78,2,960.89,1.0,0.0,4.54,51,2693.85,1,0.0,0,Potential Customers
CUST105102,2646.03,1,2646.03,3.0,0.0,4.02,323,3555.04,1,0.0,0,Potential Customers
CUST105103,2656.19,3,885.3966666666666,3.0,0.0,5.35,108,4172.64,1,0.0,0,Potential Customers
CUST105104,0.0,0,0.0,3.0,0.0,5.03,400,288.11,1,0.0,2,At-Risk Customers
CUST105105,4508.4,2,2254.2,2.0,0.0,6.73,173,5196.72,1,0.0,0,Potential Customers
CUST105106,1661.02,1,1661.02,3.0,0.0,17.45,169,2112.67,1,0.0,0,Potential Customers
CUST105107,2140.8,1,2140.8,1.0,1.0,6.77,106,2980.58,1,1.0,0,Potential Customers
CUST105108,1887.29,1,1887.29,1.0,0.0,1.02,89,2490.12,1,0.0,0,Potential Customers
CUST105109,0.0,0,0.0,1.0,0.0,3.41,400,0.0,1,0.0,2,At-Risk Customers
CUST105110,1317.08,1,1317.08,2.0,0.0,3.96,351,1625.56,1,0.0,0,Potential Customers
CUST105111,3741.01,2,1870.505,1.0,0.0,1.34,130,5383.61,1,0.0,0,Potential Customers
CUST105112,5703.61,2,2851.805,2.0,0.0,7.25,243,7185.42,1,0.0,3,High Value Customers
CUST105113,3569.51,2,1784.755,2.0,0.0,14.18,225,4944.49,1,0.0,0,Potential Customers
CUST105114,0.0,0,0.0,5.0,0.0,2.21,400,67.27,1,0.0,2,At-Risk Customers
CUST105115,0.0,0,0.0,4.0,0.0,9.82,400,0.0,1,0.0,2,At-Risk Customers
CUST105116,2515.69,2,1257.845,2.0,2.0,8.6,254,3444.41,1,0.0,1,Loyal Customers
CUST105117,3360.44,1,3360.44,1.0,0.0,4.91,149,3726.87,1,0.0,0,Potential Customers
CUST105118,1892.52,1,1892.52,3.0,2.0,7.25,100,2382.35,1,1.0,1,Loyal Customers
CUST105119,787.22,1,787.22,1.0,0.0,2.37,241,1232.04,1,0.0,0,Potential Customers
CUST105120,2791.48,2,1395.74,6.0,0.0,9.08,25,3130.67,1,0.0,0,Potential Customers
CUST105121,1107.53,2,553.765,3.0,0.0,9.84,165,2063.38,1,0.0,0,Potential Customers
CUST105122,0.0,0,0.0,1.0,0.0,5.66,400,141.64,1,0.0,2,At-Risk Customers
CUST105123,2086.72,2,1043.36,2.0,0.0,5.02,120,3492.31,1,0.0,0,Potential Customers
CUST105124,1140.55,1,1140.55,2.0,0.0,2.33,108,1717.51,1,0.0,0,Potential Customers
CUST105125,5136.28,3,1712.0933333333332,1.0,0.0,7.87,195,6928.9,1,0.0,3,High Value Customers
CUST105126,5091.26,2,2545.63,2.0,0.0,4.1,319,6572.84,1,0.0,3,High Value Customers
CUST105127,0.0,0,0.0,1.0,0.0,3.69,400,90.51,1,0.0,2,At-Risk Customers
CUST105128,4516.83,2,2258.415,3.0,0.0,7.85,219,5948.95,1,0.0,0,Potential Customers
CUST105129,1280.12,1,1280.12,2.0,0.0,3.31,37,1731.66,1,0.0,0,Potential Customers
CUST105130,891.19,3,297.06333333333333,1.0,0.0,2.47,145,1902.79,1,1.0,0,Potential Customers
CUST105131,1998.18,2,999.09,4.0,0.0,8.68,249,3045.72,1,0.0,0,Potential Customers
CUST105132,0.0,0,0.0,0.0,0.0,1.41,400,0.0,1,0.0,2,At-Risk Customers
CUST105133,0.0,0,0.0,3.0,0.0,6.75,400,0.0,1,0.0,2,At-Risk Customers
CUST105134,861.54,1,861.54,0.0,0.0,1.71,295,1103.43,1,0.0,2,At-Risk Customers
CUST105135,2097.4,1,2097.4,2.0,0.0,1.14,160,3105.67,1,0.0,0,Potential Customers
CUST105136,0.0,0,0.0,3.0,0.0,6.42,400,163.72,1,0.0,2,At-Risk Customers
CUST105137,2424.43,3,808.1433333333333,2.0,0.0,5.09,153,3773.45,1,0.0,0,Potential Customers
CUST105138,11441.08,4,2860.27,1.0,0.0,2.61,134,13642.64,1,0.0,3,High Value Customers
CUST105139,3963.14,2,1981.57,1.0,0.0,1.81,316,4887.69,1,1.0,0,Potential Customers
CUST105140,2420.53,2,1210.265,3.0,0.0,5.14,301,3775.54,1,0.0,0,Potential Customers
CUST105141,3754.5,2,1877.25,2.0,3.0,2.92,23,4688.32,1,0.0,1,Loyal Customers
CUST105142,2213.6,1,2213.6,2.0,0.0,7.05,291,3235.71,1,0.0,0,Potential Customers
CUST105143,2164.53,1,2164.53,3.0,0.0,2.71,159,3168.31,1,0.0,0,Potential Customers
CUST105144,8618.99,3,2872.9966666666664,5.0,0.0,3.01,236,10663.65,1,0.0,3,High Value Customers
CUST105145,1062.95,1,1062.95,1.0,0.0,8.81,60,1559.33,1,1.0,0,Potential Customers
CUST105146,2444.65,2,1222.325,3.0,0.0,1.98,149,3480.53,1,0.0,0,Potential Customers
CUST105147,0.0,0,0.0,1.0,0.0,1.46,400,0.0,1,0.0,2,At-Risk Customers
CUST105148,2781.27,3,927.09,0.0,0.0,2.11,216,4092.77,1,1.0,0,Potential Customers
CUST105149,2099.45,2,1049.725,1.0,0.0,4.8,361,3180.26,1,0.0,0,Potential Customers
CUST105150,930.74,2,465.37,7.0,0.0,15.45,69,1470.09,1,1.0,0,Potential Customers
CUST105151,0.0,0,0.0,2.0,0.0,4.51,400,61.8,1,0.0,2,At-Risk Customers
CUST105152,812.37,1,812.37,1.0,0.0,2.2,230,1437.63,1,1.0,0,Potential Customers
CUST105153,912.8,1,912.8,3.0,0.0,2.27,236,1526.84,1,0.0,0,Potential Customers
CUST105154,4090.18,2,2045.09,1.0,0.0,5.4,22,4722.95,1,0.0,0,Potential Customers
CUST105155,927.43,1,927.43,0.0,0.0,1.21,279,1490.0,1,0.0,0,Potential Customers
CUST105156,1216.09,1,1216.09,1.0,0.0,1.09,311,1362.76,1,0.0,0,Potential Customers
CUST105157,806.85,1,806.85,5.0,0.0,4.65,161,1363.99,1,0.0,0,Potential Customers
CUST105158,0.0,0,0.0,7.0,0.0,7.53,400,0.0,1,0.0,2,At-Risk Customers
CUST105159,7140.84,3,2380.28,6.0,0.0,7.67,288,8874.46,1,0.0,3,High Value Customers
CUST105160,6720.28,3,2240.0933333333332,2.0,0.0,5.17,156,8524.67,1,1.0,3,High Value Customers
CUST105161,2415.77,2,1207.885,5.0,0.0,9.37,235,3276.79,1,0.0,0,Potential Customers
CUST105162,2478.64,1,2478.64,2.0,0.0,3.55,349,2805.26,1,0.0,0,Potential Customers
CUST105163,0.0,0,0.0,3.0,0.0,3.11,400,54.35,1,0.0,2,At-Risk Customers
CUST105164,2546.46,1,2546.46,1.0,0.0,3.91,344,2943.18,1,0.0,0,Potential Customers
CUST105165,469.77,1,469.77,4.0,0.0,4.99,62,906.15,1,0.0,0,Potential Customers
CUST105166,961.27,1,961.27,11.0,0.0,23.312000000000044,80,1129.86,1,1.0,0,Potential Customers
CUST105167,2319.24,1,2319.24,2.0,0.0,3.53,74,3002.01,1,0.0,0,Potential Customers
CUST105168,2743.97,1,2743.97,2.0,0.0,4.02,331,3529.54,1,0.0,0,Potential Customers
CUST105169,6808.08,4,1702.02,1.0,0.0,13.68,107,9035.94,1,1.0,3,High Value Customers
CUST105170,3802.99,1,3802.99,2.0,0.0,5.98,130,5324.56,1,0.0,0,Potential Customers
CUST105171,4759.6,2,2379.8,1.0,0.0,1.25,320,6271.76,1,0.0,3,High Value Customers
CUST105172,1523.29,2,761.645,2.0,0.0,13.51,112,2105.04,1,1.0,0,Potential Customers
CUST105173,0.0,0,0.0,5.0,0.0,5.09,400,0.0,1,0.0,2,At-Risk Customers
CUST105174,0.0,0,0.0,1.0,0.0,0.76,400,141.56,1,0.0,2,At-Risk Customers
CUST105175,0.0,0,0.0,5.0,0.0,3.05,400,247.27,1,0.0,2,At-Risk Customers
CUST105176,0.0,0,0.0,1.0,0.0,2.45,400,0.0,1,0.0,2,At-Risk Customers
CUST105177,0.0,0,0.0,0.0,2.0,2.91,400,85.28,1,0.0,1,Loyal Customers
CUST105178,8051.23,3,2683.7433333333333,3.0,0.0,3.96,327,10394.53,1,0.0,3,High Value Customers
CUST105179,2319.2,1,2319.2,2.0,0.0,6.72,201,2705.3,1,0.0,0,Potential Customers
CUST105180,0.0,0,0.0,3.0,0.0,9.85,400,159.32,1,0.0,2,At-Risk Customers
CUST105181,2445.78,1,2445.78,6.0,0.0,10.1,226,3024.42,1,0.0,0,Potential Customers
CUST105182,2712.93,1,2712.93,5.0,0.0,12.45,347,3554.39,1,0.0,0,Potential Customers
CUST105183,3876.23,1,3876.23,3.0,0.0,3.53,28,5071.96,1,0.0,0,Potential Customers
CUST105184,2754.73,1,2754.73,1.0,0.0,0.94,32,3611.1,1,1.0,0,Potential Customers
CUST105185,5078.26,3,1692.7533333333333,1.0,0.0,0.76,128,7607.46,1,0.0,3,High Value Customers
CUST105186,0.0,0,0.0,3.0,0.0,6.97,400,0.0,1,1.0,2,At-Risk Customers
CUST105187,0.0,0,0.0,3.0,0.0,3.89,400,39.58,1,1.0,2,At-Risk Customers
CUST105188,2703.43,1,2703.43,5.0,0.0,11.57,147,3325.69,1,0.0,0,Potential Customers
CUST105189,5704.26,2,2852.13,0.0,0.0,5.61,278,7402.7,1,0.0,3,High Value Customers
CUST105190,313.97,1,313.97,2.0,0.0,1.19,76,647.94,1,0.0,0,Potential Customers
CUST105191,8317.97,4,2079.4925,2.0,0.0,2.66,79,10976.63,1,0.0,3,High Value Customers
CUST105192,3244.78,1,3244.78,2.0,0.0,5.47,131,4588.5,1,0.0,0,Potential Customers
CUST105193,4610.32,2,2305.16,2.0,0.0,1.86,224,5169.09,1,0.0,0,Potential Customers
CUST105194,1409.42,1,1409.42,1.0,0.0,11.63,178,1910.76,1,0.0,0,Potential Customers
CUST105195,0.0,0,0.0,2.0,1.0,2.98,400,174.49,1,0.0,2,At-Risk Customers
CUST105196,2026.9,1,2026.9,3.0,0.0,3.24,336,3113.72,1,0.0,0,Potential Customers
CUST105197,2557.91,1,2557.91,3.0,0.0,1.32,30,2879.61,1,0.0,0,Potential Customers
CUST105198,0.0,0,0.0,4.0,0.0,16.89,400,125.78,1,0.0,2,At-Risk Customers
CUST105199,2257.93,1,2257.93,2.0,0.0,4.02,98,3130.78,1,0.0,0,Potential Customers
CUST105200,3769.13,2,1884.565,1.0,0.0,4.97,117,5310.92,1,0.0,0,Potential Customers
CUST105201,2478.34,1,2478.34,1.0,2.0,2.36,2,3265.14,1,0.0,1,Loyal Customers
CUST105202,0.0,0,0.0,2.0,0.0,3.08,400,67.55,1,0.0,2,At-Risk Customers
CUST105203,0.0,0,0.0,3.0,0.0,5.03,400,64.24,1,0.0,2,At-Risk Customers
CUST105204,4963.86,2,2481.93,1.0,0.0,5.49,20,6701.95,1,0.0,3,High Value Customers
CUST105205,3086.76,1,3086.76,3.0,0.0,6.07,348,3548.63,1,0.0,0,Potential Customers
CUST105206,0.0,0,0.0,4.0,0.0,8.23,400,286.43,1,0.0,2,At-Risk Customers
CUST105207,1455.26,2,727.63,3.0,0.0,6.59,145,2578.93,1,0.0,0,Potential Customers
CUST105208,0.0,0,0.0,1.0,0.0,5.94,400,0.0,1,0.0,2,At-Risk Customers
CUST105209,2565.42,1,2565.42,1.0,0.0,2.56,200,2987.29,1,0.0,0,Potential Customers
CUST105210,3119.65,2,1559.825,4.0,0.0,3.46,222,4613.01,1,0.0,0,Potential Customers
CUST105211,2866.5,1,2866.5,3.0,0.0,1.72,41,3529.0,1,0.0,0,Potential Customers
CUST105212,0.0,0,0.0,3.0,0.0,2.86,400,147.96,1,0.0,2,At-Risk Customers
CUST105213,0.0,0,0.0,4.0,0.0,5.47,400,0.0,1,0.0,2,At-Risk Customers
CUST105214,1444.45,1,1444.45,1.0,0.0,5.37,353,1981.86,1,0.0,0,Potential Customers
CUST105215,4365.6,3,1455.2,4.0,0.0,6.45,185,5633.75,1,0.0,3,High Value Customers
CUST105216,1648.74,1,1648.74,2.0,0.0,11.36,36,2454.1,1,1.0,0,Potential Customers
CUST105217,1345.32,1,1345.32,4.0,0.0,1.62,260,1900.51,1,0.0,0,Potential Customers
CUST105218,0.0,0,0.0,1.0,0.0,1.1,400,202.38,1,0.0,2,At-Risk Customers
CUST105219,5362.04,2,2681.02,6.0,0.0,3.37,278,7120.56,1,0.0,3,High Value Customers
CUST105220,4803.87,3,1601.29,6.0,0.0,11.38,269,6460.8,1,0.0,3,High Value Customers
CUST105221,943.05,1,943.05,3.0,0.0,11.13,108,1742.14,1,0.0,0,Potential Customers
CUST105222,3953.33,2,1976.665,4.0,0.0,4.66,298,5198.23,1,0.0,0,Potential Customers
CUST105223,342.05,1,342.05,2.0,3.0,3.32,23,620.34,1,1.0,1,Loyal Customers
CUST105224,10429.59,5,2085.918,2.0,0.0,4.87,284,15279.16,1,0.0,3,High Value Customers
CUST105225,2431.85,3,810.6166666666667,1.0,0.0,8.88,359,3470.21,1,1.0,0,Potential Customers
CUST105226,1773.68,2,886.84,2.0,0.0,2.35,76,2906.71,1,1.0,0,Potential Customers
CUST105227,0.0,0,0.0,1.0,0.0,2.72,400,18.4,1,0.0,2,At-Risk Customers
CUST105228,0.0,0,0.0,2.0,0.0,4.34,400,0.0,1,0.0,2,At-Risk Customers
CUST105229,0.0,0,0.0,1.0,0.0,4.02,400,0.0,1,0.0,2,At-Risk Customers
CUST105230,5590.73,2,2795.365,8.0,0.0,7.28,329,7612.83,1,0.0,3,High Value Customers
CUST105231,2500.28,1,2500.28,4.0,0.0,1.02,231,3221.47,1,0.0,0,Potential Customers
CUST105232,0.0,0,0.0,3.0,0.0,7.29,400,115.49,1,0.0,2,At-Risk Customers
CUST105233,1236.6,1,1236.6,2.0,0.0,4.01,345,1693.88,1,0.0,0,Potential Customers
CUST105234,1905.82,1,1905.82,2.0,0.0,6.33,341,2918.85,1,0.0,0,Potential Customers
CUST105235,0.0,0,0.0,1.0,0.0,3.49,400,0.0,1,0.0,2,At-Risk Customers
CUST105236,2036.45,2,1018.225,2.0,0.0,5.75,93,2932.83,1,0.0,0,Potential Customers
CUST105237,0.0,0,0.0,5.0,0.0,4.19,400,28.22,1,0.0,2,At-Risk Customers
CUST105238,3012.91,2,1506.455,2.0,0.0,2.77,206,4486.62,1,0.0,0,Potential Customers
CUST105239,1634.68,1,1634.68,3.0,0.0,2.38,175,2335.43,1,1.0,0,Potential Customers
CUST105240,0.0,0,0.0,1.0,0.0,3.55,400,127.2,1,0.0,2,At-Risk Customers
CUST105241,648.38,2,324.19,2.0,0.0,1.64,148,1628.27,1,0.0,0,Potential Customers
CUST105242,1303.8,1,1303.8,3.0,0.0,2.97,291,1935.5,1,0.0,0,Potential Customers
CUST105243,0.0,0,0.0,2.0,0.0,3.24,400,0.0,1,0.0,2,At-Risk Customers
CUST105244,0.0,0,0.0,2.0,0.0,8.38,400,0.0,1,0.0,2,At-Risk Customers
CUST105245,0.0,0,0.0,1.0,0.0,6.45,400,0.0,1,0.0,2,At-Risk Customers
CUST105246,3617.71,1,3617.71,6.0,0.0,16.59,54,4935.05,1,0.0,0,Potential Customers
CUST105247,4489.76,2,2244.88,2.0,0.0,1.25,351,6088.03,1,0.0,3,High Value Customers
CUST105248,1369.72,2,684.86,2.0,0.0,3.39,152,2707.83,1,0.0,0,Potential Customers
CUST105249,5624.46,2,2812.23,4.0,0.0,9.61,105,7497.58,1,0.0,3,High Value Customers
CUST105250,6596.69,3,2198.8966666666665,1.0,0.0,4.91,359,9464.14,1,0.0,3,High Value Customers
CUST105251,0.0,0,0.0,1.0,0.0,3.48,400,146.7,1,0.0,2,At-Risk Customers
CUST105252,1266.44,4,316.61,1.0,0.0,2.11,103,2161.92,1,0.0,0,Potential Customers
CUST105253,0.0,0,0.0,3.0,0.0,6.59,400,0.0,1,0.0,2,At-Risk Customers
CUST105254,6625.55,3,2208.516666666667,1.0,0.0,4.62,243,9182.67,1,0.0,3,High Value Customers
CUST105255,0.0,0,0.0,2.0,0.0,3.2,400,35.35,1,0.0,2,At-Risk Customers
CUST105256,2232.19,2,1116.095,4.0,0.0,8.21,204,3179.5,1,0.0,0,Potential Customers
CUST105257,0.0,0,0.0,4.0,0.0,19.43,400,90.65,1,0.0,2,At-Risk Customers
CUST105258,1854.37,1,1854.37,1.0,0.0,2.18,2,2381.45,1,0.0,0,Potential Customers
CUST105259,5463.18,2,2731.59,4.0,3.0,6.1,157,6456.84,1,1.0,1,Loyal Customers
CUST105260,0.0,0,0.0,5.0,2.0,4.47,400,0.0,1,1.0,1,Loyal Customers
CUST105261,5988.37,3,1996.1233333333332,3.0,0.0,6.39,220,7479.31,1,0.0,3,High Value Customers
CUST105262,1868.87,1,1868.87,8.0,0.0,10.22,70,2503.03,1,0.0,0,Potential Customers
CUST105263,4479.43,2,2239.715,2.0,0.0,10.97,61,5611.37,1,0.0,0,Potential Customers
CUST105264,849.06,1,849.06,2.0,0.0,2.86,197,1307.46,1,0.0,0,Potential Customers
CUST105265,1992.48,1,1992.48,2.0,0.0,1.27,283,2456.97,1,0.0,0,Potential Customers
CUST105266,5639.05,3,1879.6833333333334,2.0,0.0,3.8,165,7366.57,1,0.0,3,High Value Customers
CUST105267,2147.94,1,2147.94,2.0,0.0,3.81,249,2818.19,1,0.0,0,Potential Customers
CUST105268,7547.55,3,2515.85,2.0,0.0,0.76,328,10035.92,1,0.0,3,High Value Customers
CUST105269,0.0,0,0.0,2.0,0.0,8.24,400,0.0,1,0.0,2,At-Risk Customers
CUST105270,0.0,0,0.0,1.0,0.0,2.81,400,0.0,1,0.0,2,At-Risk Customers
CUST105271,1110.51,1,1110.51,3.0,0.0,3.91,58,1834.81,1,0.0,0,Potential Customers
CUST105272,11589.14840000001,4,2897.2871000000023,2.0,0.0,2.72,115,13481.59,1,0.0,3,High Value Customers
CUST105273,1816.92,1,1816.92,1.0,0.0,3.51,333,2473.02,1,0.0,0,Potential Customers
CUST105274,0.0,0,0.0,2.0,0.0,9.91,400,110.35,1,0.0,2,At-Risk Customers
CUST105275,0.0,0,0.0,1.0,0.0,4.3,400,0.0,1,1.0,2,At-Risk Customers
CUST105276,2138.47,1,2138.47,6.0,0.0,17.9,343,2743.72,1,0.0,0,Potential Customers
CUST105277,1352.85,1,1352.85,2.0,2.0,6.3,351,2017.11,1,1.0,1,Loyal Customers
CUST105278,1078.49,1,1078.49,2.0,0.0,6.63,236,1488.86,1,1.0,0,Potential Customers
CUST105279,3776.45,3,1258.8166666666666,3.0,0.0,3.52,121,5018.91,1,0.0,0,Potential Customers
CUST105280,990.49,1,990.49,1.0,0.0,3.89,167,1492.32,1,0.0,0,Potential Customers
CUST105281,5153.81,2,2576.905,5.0,0.0,8.35,326,6185.5,1,1.0,3,High Value Customers
CUST105282,3402.43,2,1701.215,3.0,0.0,9.31,83,4783.07,1,0.0,0,Potential Customers
CUST105283,0.0,0,0.0,1.0,0.0,4.89,400,0.0,1,0.0,2,At-Risk Customers
CUST105284,4891.16,2,2445.58,1.0,0.0,5.99,9,5805.51,1,0.0,3,High Value Customers
CUST105285,0.0,0,0.0,4.0,0.0,3.68,400,0.0,1,0.0,2,At-Risk Customers
CUST105286,0.0,0,0.0,5.0,0.0,4.73,400,219.22,1,0.0,2,At-Risk Customers
CUST105287,1476.92,1,1476.92,3.0,0.0,4.31,136,1863.33,1,0.0,0,Potential Customers
CUST105288,6959.19,3,2319.73,1.0,0.0,4.17,44,9666.58,1,0.0,3,High Value Customers
CUST105289,2035.12,1,2035.12,2.0,0.0,8.18,137,2604.06,1,0.0,0,Potential Customers
CUST105290,2180.17,1,2180.17,3.0,0.0,3.92,121,2529.13,1,0.0,0,Potential Customers
CUST105291,0.0,0,0.0,4.0,0.0,2.61,400,99.68,1,0.0,2,At-Risk Customers
CUST105292,4449.49,3,1483.1633333333332,2.0,0.0,3.36,203,6546.84,1,0.0,3,High Value Customers
CUST105293,0.0,0,0.0,2.0,0.0,3.32,400,251.74,1,0.0,2,At-Risk Customers
CUST105294,0.0,0,0.0,1.0,0.0,5.52,400,85.92,1,0.0,2,At-Risk Customers
CUST105295,1412.65,1,1412.65,2.0,0.0,2.74,14,2018.41,1,0.0,0,Potential Customers
CUST105296,2632.32,1,2632.32,3.0,0.0,8.92,336,3138.0,1,0.0,0,Potential Customers
CUST105297,6066.3,2,3033.15,2.0,0.0,3.36,195,8345.17,1,0.0,3,High Value Customers
CUST105298,2146.58,2,1073.29,3.0,0.0,12.16,184,3232.62,1,0.0,0,Potential Customers
CUST105299,4978.51,2,2489.255,4.0,0.0,4.13,135,6567.26,1,0.0,3,High Value Customers
CUST105300,4203.27,4,1050.8175,1.0,0.0,5.87,206,5525.34,1,0.0,3,High Value Customers
CUST105301,6860.7,2,3430.35,1.0,0.0,8.13,335,9442.98,1,0.0,3,High Value Customers
CUST105302,311.57,1,311.57,4.0,0.0,9.55,130,688.68,1,0.0,0,Potential Customers
CUST105303,3865.99,2,1932.995,2.0,2.0,6.29,184,5480.62,1,1.0,1,Loyal Customers
CUST105304,7585.21,2,3792.605,7.0,0.0,23.312000000000044,212,8871.01,1,1.0,3,High Value Customers
CUST105305,2995.43,3,998.4766666666666,2.0,0.0,4.07,232,4320.47,1,0.0,0,Potential Customers
CUST105306,5421.67,2,2710.835,1.0,0.0,1.41,251,6496.2,1,0.0,3,High Value Customers
CUST105307,6190.58,2,3095.29,2.0,0.0,3.96,262,8662.61,1,0.0,3,High Value Customers
CUST105308,297.75,1,297.75,3.0,0.0,7.07,355,694.68,1,0.0,2,At-Risk Customers
CUST105309,1873.59,1,1873.59,1.0,0.0,5.58,28,2529.59,1,1.0,0,Potential Customers
CUST105310,0.0,0,0.0,0.0,0.0,1.99,400,0.0,1,0.0,2,At-Risk Customers
CUST105311,1591.37,1,1591.37,2.0,0.0,3.2,63,2429.36,1,0.0,0,Potential Customers
CUST105312,0.0,0,0.0,2.0,0.0,2.3,400,0.0,1,1.0,2,At-Risk Customers
CUST105313,9556.03,3,3185.3433333333337,1.0,0.0,2.55,351,13307.42,1,1.0,3,High Value Customers
CUST105314,0.0,0,0.0,1.0,0.0,3.8,400,294.45,1,0.0,2,At-Risk Customers
CUST105315,6482.72,3,2160.9066666666668,1.0,0.0,5.62,11,8297.96,1,0.0,3,High Value Customers
CUST105316,1795.76,1,1795.76,3.0,0.0,2.43,352,2731.8,1,0.0,0,Potential Customers
CUST105317,0.0,0,0.0,1.0,0.0,2.6,400,0.0,1,0.0,2,At-Risk Customers
CUST105318,0.0,0,0.0,4.0,0.0,6.67,400,0.0,1,0.0,2,At-Risk Customers
CUST105319,0.0,0,0.0,2.0,0.0,2.23,400,8.63,1,0.0,2,At-Risk Customers
CUST105320,7058.13,3,2352.71,2.0,0.0,2.16,164,10257.08,1,0.0,3,High Value Customers
CUST105321,0.0,0,0.0,8.0,0.0,18.89,400,1.97,1,1.0,2,At-Risk Customers
CUST105322,1048.15,1,1048.15,1.0,0.0,2.8,71,1173.31,1,0.0,0,Potential Customers
CUST105323,1877.88,1,1877.88,1.0,0.0,1.13,56,2419.23,1,0.0,0,Potential Customers
CUST105324,1053.53,1,1053.53,2.0,0.0,1.7,190,1170.9,1,0.0,0,Potential Customers
CUST105325,0.0,0,0.0,0.0,0.0,1.0,400,0.0,1,0.0,2,At-Risk Customers
CUST105326,7128.39,2,3564.195,4.0,1.0,12.87,323,8835.56,1,1.0,3,High Value Customers
CUST105327,3483.4,2,1741.7,1.0,0.0,3.86,203,4579.14,1,1.0,0,Potential Customers
CUST105328,4476.78,3,1492.26,1.0,0.0,1.96,104,5474.43,1,1.0,3,High Value Customers
CUST105329,0.0,0,0.0,5.0,0.0,6.01,400,93.66,1,0.0,2,At-Risk Customers
CUST105330,263.67,1,263.67,4.0,0.0,13.44,111,498.91,1,0.0,0,Potential Customers
CUST105331,0.0,0,0.0,1.0,0.0,3.6,400,0.0,1,1.0,2,At-Risk Customers
CUST105332,5599.53,3,1866.51,5.0,0.0,12.72,131,7719.14,1,0.0,3,High Value Customers
CUST105333,2520.03,1,2520.03,3.0,0.0,3.2,141,3638.02,1,0.0,0,Potential Customers
CUST105334,0.0,0,0.0,2.0,0.0,1.78,400,175.72,1,0.0,2,At-Risk Customers
CUST105335,0.0,0,0.0,4.0,0.0,14.4,400,0.0,1,0.0,2,At-Risk Customers
CUST105336,2016.42,1,2016.42,0.0,0.0,2.45,346,3108.96,1,0.0,0,Potential Customers
CUST105337,519.52,2,259.76,2.0,0.0,2.73,351,835.65,1,0.0,2,At-Risk Customers
CUST105338,2825.35,4,706.3375,2.0,0.0,8.39,37,4585.48,1,0.0,0,Potential Customers
CUST105339,1030.4,1,1030.4,2.0,0.0,4.16,258,1439.25,1,0.0,0,Potential Customers
CUST105340,4120.51,2,2060.255,2.0,2.0,3.75,68,5969.3,1,0.0,1,Loyal Customers
CUST105341,0.0,0,0.0,1.0,0.0,3.39,400,20.96,1,0.0,2,At-Risk Customers
CUST105342,3551.26,1,3551.26,1.0,0.0,2.54,83,4811.86,1,0.0,0,Potential Customers
CUST105343,1421.42,2,710.71,1.0,0.0,4.6,163,2076.23,1,0.0,0,Potential Customers
CUST105344,2687.73,1,2687.73,3.0,0.0,5.7,247,3797.76,1,1.0,0,Potential Customers
CUST105345,3064.4,2,1532.2,0.0,0.0,3.47,6,4560.65,1,1.0,0,Potential Customers
CUST105346,4560.39,2,2280.195,2.0,0.0,6.03,249,5789.05,1,0.0,0,Potential Customers
CUST105347,3108.32,1,3108.32,1.0,0.0,5.41,98,4357.88,1,0.0,0,Potential Customers
CUST105348,1051.69,2,525.845,3.0,0.0,5.32,226,1830.6,1,0.0,0,Potential Customers
CUST105349,2445.3,1,2445.3,3.0,0.0,3.32,203,3467.1,1,0.0,0,Potential Customers
CUST105350,1629.47,1,1629.47,3.0,0.0,3.13,198,2044.62,1,0.0,0,Potential Customers
CUST105351,11589.14840000001,3,3863.0494666666696,2.0,0.0,5.26,356,16714.12,1,0.0,3,High Value Customers
CUST105352,2572.47,1,2572.47,2.0,0.0,1.75,225,3146.68,1,0.0,0,Potential Customers
CUST105353,8379.04,2,4189.52,4.0,0.0,23.312000000000044,177,11254.72,1,0.0,3,High Value Customers
CUST105354,0.0,0,0.0,2.0,0.0,0.76,400,137.17,1,0.0,2,At-Risk Customers
CUST105355,714.6,1,714.6,1.0,3.0,2.74,57,1260.45,1,1.0,1,Loyal Customers
CUST105356,295.88,1,295.88,3.0,0.0,5.81,229,737.99,1,0.0,2,At-Risk Customers
CUST105357,0.0,0,0.0,3.0,0.0,6.76,400,0.0,1,0.0,2,At-Risk Customers
CUST105358,4191.14,1,4191.14,2.0,0.0,2.25,288,5139.68,1,0.0,0,Potential Customers
CUST105359,1276.13,1,1276.13,3.0,0.0,2.57,263,1984.31,1,0.0,0,Potential Customers
CUST105360,0.0,0,0.0,1.0,0.0,4.2,400,0.0,1,0.0,2,At-Risk Customers
CUST105361,0.0,0,0.0,1.0,0.0,1.57,400,174.63,1,0.0,2,At-Risk Customers
CUST105362,3625.05,3,1208.3500000000001,2.0,2.0,1.75,327,4634.97,1,0.0,1,Loyal Customers
CUST105363,0.0,0,0.0,1.0,0.0,7.49,400,0.0,1,0.0,2,At-Risk Customers
CUST105364,2384.11,1,2384.11,5.0,0.0,7.18,65,2840.43,1,0.0,0,Potential Customers
CUST105365,4130.64,2,2065.32,0.0,0.0,4.09,150,5492.22,1,0.0,0,Potential Customers
CUST105366,0.0,0,0.0,1.0,0.0,6.95,400,72.72,1,0.0,2,At-Risk Customers
CUST105367,1202.97,1,1202.97,1.0,0.0,4.33,76,1895.11,1,0.0,0,Potential Customers
CUST105368,4765.07,2,2382.535,6.0,3.0,2.36,49,6327.42,1,1.0,1,Loyal Customers
CUST105369,0.0,0,0.0,0.0,0.0,1.8,400,0.0,1,0.0,2,At-Risk Customers
CUST105370,0.0,0,0.0,2.0,0.0,6.28,400,0.0,1,1.0,2,At-Risk Customers
CUST105371,0.0,0,0.0,2.0,0.0,23.312000000000044,400,207.36,1,0.0,2,At-Risk Customers
CUST105372,1720.39,1,1720.39,4.0,0.0,7.14,295,2338.78,1,0.0,0,Potential Customers
CUST105373,2392.79,1,2392.79,2.0,0.0,3.27,269,3333.13,1,0.0,0,Potential Customers
CUST105374,2257.3,1,2257.3,4.0,1.0,10.07,207,2820.96,1,1.0,0,Potential Customers
CUST105375,2001.07,1,2001.07,3.0,0.0,2.08,78,2932.62,1,0.0,0,Potential Customers
CUST105376,2441.24,1,2441.24,1.0,0.0,1.83,118,3136.02,1,0.0,0,Potential Customers
CUST105377,2998.13,3,999.3766666666667,2.0,1.0,4.68,117,5080.81,1,1.0,0,Potential Customers
CUST105378,1273.95,1,1273.95,2.0,0.0,3.18,7,1681.27,1,1.0,0,Potential Customers
CUST105379,0.0,0,0.0,0.0,0.0,4.5,400,90.31,1,0.0,2,At-Risk Customers
CUST105380,0.0,0,0.0,2.0,0.0,3.85,400,67.69,1,0.0,2,At-Risk Customers
CUST105381,1216.83,1,1216.83,3.0,0.0,2.83,198,1516.71,1,0.0,0,Potential Customers
CUST105382,3887.02,2,1943.51,3.0,0.0,3.36,38,4708.12,1,0.0,0,Potential Customers
CUST105383,0.0,0,0.0,3.0,0.0,0.88,400,0.0,1,0.0,2,At-Risk Customers
CUST105384,0.0,0,0.0,2.0,0.0,11.51,400,60.31,1,0.0,2,At-Risk Customers
CUST105385,1716.46,1,1716.46,0.0,0.0,2.59,181,2239.23,1,1.0,0,Potential Customers
CUST105386,6710.5,2,3355.25,1.0,0.0,5.5,253,9082.2,1,0.0,3,High Value Customers
CUST105387,0.0,0,0.0,1.0,0.0,0.95,400,0.0,1,0.0,2,At-Risk Customers
CUST105388,2023.28,1,2023.28,4.0,3.0,2.18,197,2849.6,1,0.0,1,Loyal Customers
CUST105389,256.65,1,256.65,6.0,0.0,4.83,131,321.09,1,0.0,0,Potential Customers
CUST105390,1116.61,1,1116.61,8.0,0.0,14.36,266,1360.34,1,0.0,0,Potential Customers
CUST105391,2079.02,1,2079.02,3.0,0.0,5.52,337,2637.25,1,0.0,0,Potential Customers
CUST105392,3698.86,2,1849.43,2.0,1.0,5.96,313,4960.6,1,1.0,0,Potential Customers
CUST105393,1614.59,2,807.295,2.0,0.0,2.86,199,2470.25,1,0.0,0,Potential Customers
CUST105394,0.0,0,0.0,1.0,0.0,3.99,400,0.0,1,0.0,2,At-Risk Customers
CUST105395,1615.63,1,1615.63,2.0,0.0,3.51,116,1930.2,1,0.0,0,Potential Customers
CUST105396,2148.79,2,1074.395,3.0,0.0,4.99,79,2798.01,1,0.0,0,Potential Customers
CUST105397,1129.18,1,1129.18,6.0,0.0,9.59,174,1430.74,1,1.0,0,Potential Customers
CUST105398,0.0,0,0.0,1.0,0.0,3.15,400,185.28,1,0.0,2,At-Risk Customers
CUST105399,0.0,0,0.0,5.0,0.0,4.1,400,362.09,1,0.0,2,At-Risk Customers
CUST105400,1633.79,1,1633.79,2.0,0.0,3.06,138,2092.72,1,0.0,0,Potential Customers
CUST105401,3019.48,3,1006.4933333333333,6.0,0.0,3.36,350,4516.22,1,0.0,0,Potential Customers
CUST105402,3097.91,2,1548.955,5.0,0.0,8.9,76,4459.58,1,0.0,0,Potential Customers
CUST105403,11589.14840000001,5,2317.8296800000016,6.0,1.0,5.51,324,18268.92,1,0.0,3,High Value Customers
CUST105404,1629.61,1,1629.61,1.0,0.0,5.03,27,2351.62,1,0.0,0,Potential Customers
CUST105405,1411.81,1,1411.81,2.0,0.0,3.69,78,2088.25,1,0.0,0,Potential Customers
CUST105406,0.0,0,0.0,1.0,0.0,4.02,400,99.15,1,0.0,2,At-Risk Customers
CUST105407,656.23,2,328.115,1.0,0.0,6.56,335,1225.54,1,0.0,2,At-Risk Customers
CUST105408,7957.69,4,1989.4225,5.0,0.0,7.25,24,9969.28,1,0.0,3,High Value Customers
CUST105409,0.0,0,0.0,4.0,0.0,7.47,400,0.0,1,0.0,2,At-Risk Customers
CUST105410,1427.91,2,713.955,2.0,0.0,3.99,32,2333.6,1,0.0,0,Potential Customers
CUST105411,2405.08,1,2405.08,3.0,0.0,2.34,15,3369.52,1,0.0,0,Potential Customers
CUST105412,4992.96,3,1664.32,1.0,0.0,6.31,284,7756.12,1,0.0,3,High Value Customers
CUST105413,3744.88,1,3744.88,1.0,0.0,8.59,5,4475.84,1,1.0,0,Potential Customers
CUST105414,0.0,0,0.0,1.0,0.0,7.26,400,0.0,1,0.0,2,At-Risk Customers
CUST105415,10051.97,4,2512.9925,1.0,0.0,2.34,166,14005.17,1,0.0,3,High Value Customers
CUST105416,1521.02,2,760.51,1.0,0.0,5.25,154,2387.95,1,0.0,0,Potential Customers
CUST105417,0.0,0,0.0,2.0,0.0,1.03,400,11.75,1,0.0,2,At-Risk Customers
CUST105418,3443.61,3,1147.8700000000001,4.0,0.0,10.3,96,4948.87,1,0.0,0,Potential Customers
CUST105419,2054.74,1,2054.74,3.0,0.0,4.55,19,2861.74,1,1.0,0,Potential Customers
CUST105420,2226.31,1,2226.31,5.0,0.0,4.64,51,2581.55,1,0.0,0,Potential Customers
CUST105421,2506.22,2,1253.11,3.0,0.0,11.93,300,4093.82,1,0.0,0,Potential Customers
CUST105422,7211.79,2,3605.895,2.0,0.0,2.68,243,9626.05,1,1.0,3,High Value Customers
CUST105423,1729.91,3,576.6366666666667,2.0,0.0,4.4,220,2670.33,1,0.0,0,Potential Customers
CUST105424,1829.75,1,1829.75,2.0,0.0,2.22,180,2167.47,1,0.0,0,Potential Customers
CUST105425,2132.08,1,2132.08,1.0,0.0,1.42,292,2915.54,1,0.0,0,Potential Customers
CUST105426,5645.0,2,2822.5,3.0,0.0,4.93,294,7166.08,1,0.0,3,High Value Customers
CUST105427,1989.75,1,1989.75,2.0,0.0,4.77,317,2646.27,1,0.0,0,Potential Customers
CUST105428,4437.82,2,2218.91,0.0,0.0,0.92,134,5784.3,1,0.0,0,Potential Customers
CUST105429,0.0,0,0.0,1.0,0.0,6.76,400,0.0,1,0.0,2,At-Risk Customers
CUST105430,0.0,0,0.0,3.0,0.0,3.94,400,0.0,1,0.0,2,At-Risk Customers
CUST105431,9691.1,4,2422.775,1.0,0.0,6.87,144,13301.56,1,0.0,3,High Value Customers
CUST105432,3092.39,2,1546.195,1.0,0.0,4.78,131,4629.88,1,0.0,0,Potential Customers
CUST105433,6418.84,3,2139.6133333333332,2.0,0.0,8.43,195,8778.46,1,1.0,3,High Value Customers
CUST105434,1093.79,1,1093.79,2.0,0.0,9.14,29,1769.73,1,0.0,0,Potential Customers
CUST105435,2430.77,2,1215.385,1.0,0.0,4.66,245,3082.28,1,0.0,0,Potential Customers
CUST105436,0.0,0,0.0,5.0,0.0,7.74,400,30.79,1,0.0,2,At-Risk Customers
CUST105437,2467.28,2,1233.64,1.0,0.0,7.52,40,3595.3,1,0.0,0,Potential Customers
CUST105438,3834.33,2,1917.165,2.0,0.0,1.77,129,5287.57,1,1.0,0,Potential Customers
CUST105439,0.0,0,0.0,1.0,0.0,2.19,400,0.0,1,0.0,2,At-Risk Customers
CUST105440,1207.05,1,1207.05,2.0,2.0,2.0,73,1885.96,1,0.0,1,Loyal Customers
CUST105441,3475.29,2,1737.645,7.0,0.0,6.45,227,4628.84,1,0.0,0,Potential Customers
CUST105442,0.0,0,0.0,1.0,2.0,2.47,400,16.27,1,0.0,1,Loyal Customers
CUST105443,616.59,1,616.59,3.0,0.0,0.98,159,1150.69,1,0.0,0,Potential Customers
CUST105444,3869.43,1,3869.43,1.0,0.0,2.0,95,5308.33,1,0.0,0,Potential Customers
CUST105445,1223.33,1,1223.33,1.0,0.0,3.1,301,1796.03,1,0.0,0,Potential Customers
CUST105446,1556.95,1,1556.95,2.0,0.0,5.59,30,1914.88,1,0.0,0,Potential Customers
CUST105447,2877.29,1,2877.29,3.0,0.0,10.02,335,3503.27,1,0.0,0,Potential Customers
CUST105448,4348.0,2,2174.0,2.0,0.0,7.9,50,5954.02,1,0.0,0,Potential Customers
CUST105449,2737.31,2,1368.655,1.0,1.0,4.59,88,4058.82,1,1.0,0,Potential Customers
CUST105450,2279.89,1,2279.89,3.0,0.0,2.27,262,2947.83,1,1.0,0,Potential Customers
CUST105451,7532.57,3,2510.8566666666666,0.0,0.0,1.0,189,10391.75,1,0.0,3,High Value Customers
CUST105452,0.0,0,0.0,1.0,0.0,2.88,400,0.0,1,0.0,2,At-Risk Customers
CUST105453,2871.62,2,1435.81,1.0,0.0,3.32,33,4642.61,1,0.0,0,Potential Customers
CUST105454,0.0,0,0.0,2.0,0.0,4.35,400,0.0,1,1.0,2,At-Risk Customers
CUST105455,7105.33,2,3552.665,3.0,0.0,7.59,342,8365.46,1,0.0,3,High Value Customers
CUST105456,979.28,1,979.28,1.0,0.0,6.49,44,1451.15,1,0.0,0,Potential Customers
CUST105457,0.0,0,0.0,3.0,0.0,4.33,400,268.75,1,0.0,2,At-Risk Customers
CUST105458,11589.14840000001,4,2897.2871000000023,1.0,2.0,3.07,11,18456.5,1,1.0,3,High Value Customers
CUST105459,0.0,0,0.0,1.0,0.0,1.4,400,0.0,1,0.0,2,At-Risk Customers
CUST105460,1903.87,1,1903.87,0.0,0.0,2.32,51,2759.21,1,0.0,0,Potential Customers
CUST105461,0.0,0,0.0,3.0,0.0,2.06,400,0.0,1,0.0,2,At-Risk Customers
CUST105462,920.85,1,920.85,9.0,0.0,23.312000000000044,350,1252.26,1,0.0,2,At-Risk Customers
CUST105463,1358.19,1,1358.19,4.0,0.0,16.39,109,2138.79,1,0.0,0,Potential Customers
CUST105464,1021.7,1,1021.7,1.0,3.0,1.68,104,1067.49,1,1.0,1,Loyal Customers
CUST105465,0.0,0,0.0,2.0,0.0,5.34,400,171.54,1,0.0,2,At-Risk Customers
CUST105466,1689.6,1,1689.6,3.0,0.0,1.58,184,2110.51,1,0.0,0,Potential Customers
CUST105467,2237.29,1,2237.29,3.0,0.0,4.74,221,2619.24,1,0.0,0,Potential Customers
CUST105468,6496.74,2,3248.37,1.0,0.0,2.88,280,8769.0,1,0.0,3,High Value Customers
CUST105469,0.0,0,0.0,4.0,0.0,3.67,400,0.0,1,0.0,2,At-Risk Customers
CUST105470,2260.8,1,2260.8,3.0,0.0,8.47,340,2772.46,1,1.0,0,Potential Customers
CUST105471,6659.83,4,1664.9575,3.0,0.0,5.26,33,9384.42,1,0.0,3,High Value Customers
CUST105472,0.0,0,0.0,3.0,0.0,23.312000000000044,400,0.0,1,0.0,2,At-Risk Customers
CUST105473,791.29,2,395.645,3.0,0.0,5.77,263,2122.98,1,1.0,0,Potential Customers
CUST105474,3028.59,1,3028.59,2.0,0.0,2.43,171,3830.08,1,0.0,0,Potential Customers
CUST105475,0.0,0,0.0,4.0,0.0,1.62,400,0.0,1,0.0,2,At-Risk Customers
CUST105476,0.0,0,0.0,2.0,0.0,3.29,400,3.06,1,0.0,2,At-Risk Customers
CUST105477,0.0,0,0.0,5.0,3.0,3.28,400,21.97,1,0.0,1,Loyal Customers
CUST105478,2433.08,1,2433.08,2.0,3.0,2.81,276,3063.45,1,0.0,1,Loyal Customers
CUST105479,2145.08,1,2145.08,2.0,0.0,2.48,254,2904.92,1,0.0,0,Potential Customers
CUST105480,6438.16,4,1609.54,2.0,0.0,4.25,69,7630.62,1,0.0,3,High Value Customers
CUST105481,8213.67,2,4106.835,3.0,0.0,10.23,179,11002.64,1,1.0,3,High Value Customers
CUST105482,4714.45,2,2357.225,0.0,0.0,0.93,196,6155.72,1,0.0,3,High Value Customers
CUST105483,1354.68,2,677.34,1.0,0.0,1.7,2,2049.76,1,0.0,0,Potential Customers
CUST105484,2718.71,1,2718.71,3.0,0.0,4.87,216,3267.34,1,0.0,0,Potential Customers
CUST105485,2799.8,3,933.2666666666668,1.0,0.0,1.1,36,3811.53,1,0.0,0,Potential Customers
CUST105486,2404.62,2,1202.31,0.0,0.0,1.48,172,3661.57,1,0.0,0,Potential Customers
CUST105487,3011.62,1,3011.62,5.0,0.0,17.83,13,4145.54,1,0.0,0,Potential Customers
CUST105488,0.0,0,0.0,4.0,0.0,6.01,400,0.0,1,0.0,2,At-Risk Customers
CUST105489,3886.6,3,1295.5333333333333,4.0,2.0,23.312000000000044,183,5419.69,1,0.0,1,Loyal Customers
CUST105490,2064.72,1,2064.72,4.0,2.0,1.23,23,2594.48,1,0.0,1,Loyal Customers
CUST105491,0.0,0,0.0,7.0,0.0,17.45,400,0.0,1,1.0,2,At-Risk Customers
CUST105492,2024.61,2,1012.305,1.0,0.0,1.62,287,2481.26,1,0.0,0,Potential Customers
CUST105493,2774.53,1,2774.53,4.0,0.0,7.59,26,4252.41,1,1.0,0,Potential Customers
CUST105494,4222.62,2,2111.31,0.0,0.0,0.88,202,6097.11,1,0.0,0,Potential Customers
CUST105495,0.0,0,0.0,2.0,0.0,4.97,400,69.35,1,0.0,2,At-Risk Customers
CUST105496,3915.45,2,1957.725,1.0,0.0,5.22,74,5043.03,1,0.0,0,Potential Customers
CUST105497,0.0,0,0.0,3.0,2.0,2.96,400,28.35,1,1.0,1,Loyal Customers
CUST105498,5092.87,2,2546.435,1.0,0.0,1.53,79,7474.12,1,1.0,3,High Value Customers
CUST105499,1994.03,2,997.015,3.0,0.0,3.33,265,3245.86,1,0.0,0,Potential Customers
CUST105500,6276.03,4,1569.0075,3.0,0.0,4.8,327,7957.26,1,0.0,3,High Value Customers
CUST105501,0.0,0,0.0,2.0,0.0,1.81,400,0.0,1,0.0,2,At-Risk Customers
CUST105502,4973.92,2,2486.96,2.0,0.0,3.51,359,6673.61,1,0.0,3,High Value Customers
CUST105503,2240.98,1,2240.98,0.0,0.0,3.88,138,2948.64,1,0.0,0,Potential Customers
CUST105504,4528.1,2,2264.05,4.0,0.0,5.56,53,6203.84,1,0.0,0,Potential Customers
CUST105505,11002.1,4,2750.525,0.0,0.0,1.33,128,14001.98,1,0.0,3,High Value Customers
CUST105506,6754.4,4,1688.6,1.0,0.0,2.67,151,8702.59,1,1.0,3,High Value Customers
CUST105507,4951.74,3,1650.58,3.0,2.0,4.59,115,6820.8,1,0.0,1,Loyal Customers
CUST105508,4172.18,2,2086.09,1.0,0.0,3.07,165,5289.84,1,0.0,0,Potential Customers
CUST105509,4229.14,3,1409.7133333333334,1.0,0.0,1.88,168,6517.44,1,0.0,3,High Value Customers
CUST105510,3902.66,1,3902.66,2.0,0.0,7.81,331,5468.87,1,0.0,0,Potential Customers
CUST105511,5696.79,3,1898.93,1.0,3.0,7.99,144,8061.97,1,1.0,1,Loyal Customers
CUST105512,1897.15,1,1897.15,4.0,0.0,6.87,58,2927.07,1,0.0,0,Potential Customers
CUST105513,0.0,0,0.0,2.0,0.0,3.14,400,121.24,1,0.0,2,At-Risk Customers
CUST105514,0.0,0,0.0,2.0,0.0,3.51,400,86.36,1,0.0,2,At-Risk Customers
CUST105515,1699.83,1,1699.83,4.0,0.0,9.72,253,2207.4,1,0.0,0,Potential Customers
CUST105516,6006.41,3,2002.1366666666665,1.0,0.0,7.11,16,9277.95,1,0.0,3,High Value Customers
CUST105517,281.61,1,281.61,1.0,0.0,9.82,197,593.87,1,0.0,2,At-Risk Customers
CUST105518,2824.1,1,2824.1,1.0,0.0,4.3,320,3492.08,1,0.0,0,Potential Customers
CUST105519,0.0,0,0.0,3.0,0.0,6.21,400,0.0,1,0.0,2,At-Risk Customers
CUST105520,3806.28,2,1903.14,2.0,3.0,6.46,260,5252.98,1,0.0,1,Loyal Customers
CUST105521,796.4,1,796.4,4.0,0.0,11.13,276,1059.15,1,0.0,2,At-Risk Customers
CUST105522,1556.6,3,518.8666666666667,1.0,0.0,0.82,339,2324.32,1,0.0,0,Potential Customers
CUST105523,9445.28,3,3148.4266666666667,2.0,0.0,4.42,156,12370.02,1,0.0,3,High Value Customers
CUST105524,1267.22,1,1267.22,4.0,0.0,7.9,191,1576.88,1,0.0,0,Potential Customers
CUST105525,0.0,0,0.0,4.0,0.0,9.24,400,114.98,1,0.0,2,At-Risk Customers
CUST105526,1884.57,1,1884.57,0.0,2.0,2.95,134,2723.97,1,0.0,1,Loyal Customers
CUST105527,1864.05,1,1864.05,3.0,0.0,5.33,46,2657.95,1,0.0,0,Potential Customers
CUST105528,2728.95,2,1364.475,3.0,0.0,6.79,93,3395.97,1,0.0,0,Potential Customers
CUST105529,0.0,0,0.0,4.0,0.0,9.76,400,0.0,1,0.0,2,At-Risk Customers
CUST105530,0.0,0,0.0,0.0,0.0,5.2,400,0.0,1,0.0,2,At-Risk Customers
CUST105531,4718.75,2,2359.375,2.0,0.0,4.86,69,5902.85,1,0.0,3,High Value Customers
CUST105532,6984.05,2,3492.025,0.0,0.0,3.36,58,8170.74,1,1.0,3,High Value Customers
CUST105533,552.67,1,552.67,1.0,0.0,8.89,145,866.98,1,0.0,0,Potential Customers
CUST105534,2299.71,1,2299.71,1.0,0.0,9.68,33,3359.6,1,0.0,0,Potential Customers
CUST105535,835.29,1,835.29,3.0,0.0,8.42,119,1104.86,1,1.0,0,Potential Customers
CUST105536,2304.44,1,2304.44,3.0,0.0,6.82,241,2979.59,1,0.0,0,Potential Customers
CUST105537,2373.3,1,2373.3,3.0,0.0,4.81,120,3439.11,1,0.0,0,Potential Customers
CUST105538,0.0,0,0.0,2.0,0.0,2.69,400,169.08,1,0.0,2,At-Risk Customers
CUST105539,1086.68,2,543.34,1.0,1.0,2.42,85,1785.88,1,1.0,0,Potential Customers
CUST105540,3622.37,1,3622.37,5.0,0.0,8.34,334,4628.1,1,0.0,0,Potential Customers
CUST105541,0.0,0,0.0,4.0,0.0,8.96,400,85.56,1,0.0,2,At-Risk Customers
CUST105542,703.7,1,703.7,4.0,0.0,4.82,143,1405.0,1,0.0,0,Potential Customers
CUST105543,0.0,0,0.0,3.0,0.0,4.81,400,0.0,1,0.0,2,At-Risk Customers
CUST105544,3108.8,2,1554.4,1.0,0.0,4.71,317,4189.21,1,0.0,0,Potential Customers
CUST105545,4081.55,1,4081.55,3.0,0.0,9.38,364,5362.73,1,0.0,0,Potential Customers
CUST105546,0.0,0,0.0,4.0,0.0,6.89,400,0.0,1,0.0,2,At-Risk Customers
CUST105547,2457.04,1,2457.04,3.0,0.0,3.0,308,2671.82,1,0.0,0,Potential Customers
CUST105548,0.0,0,0.0,2.0,0.0,5.79,400,0.0,1,0.0,2,At-Risk Customers
CUST105549,4085.6,2,2042.8,3.0,0.0,1.34,161,5847.43,1,0.0,0,Potential Customers
CUST105550,628.52,1,628.52,2.0,0.0,2.63,287,986.17,1,0.0,2,At-Risk Customers
CUST105551,987.05,1,987.05,1.0,0.0,1.19,150,1000.34,1,1.0,0,Potential Customers
CUST105552,0.0,0,0.0,3.0,0.0,2.23,400,312.56,1,0.0,2,At-Risk Customers
CUST105553,1433.47,1,1433.47,2.0,0.0,2.38,29,2336.63,1,0.0,0,Potential Customers
CUST105554,662.75,1,662.75,0.0,0.0,0.94,243,897.05,1,0.0,0,Potential Customers
CUST105555,1486.35,1,1486.35,3.0,0.0,9.21,300,2371.13,1,0.0,0,Potential Customers
CUST105556,1508.15,1,1508.15,1.0,0.0,2.84,174,2052.81,1,0.0,0,Potential Customers
CUST105557,7270.64,4,1817.66,1.0,0.0,3.23,29,10455.08,1,0.0,3,High Value Customers
CUST105558,2153.87,1,2153.87,1.0,0.0,2.22,180,2753.67,1,0.0,0,Potential Customers
CUST105559,3318.77,1,3318.77,2.0,0.0,6.02,243,3765.86,1,0.0,0,Potential Customers
CUST105560,1259.18,1,1259.18,4.0,0.0,10.66,272,1777.34,1,0.0,0,Potential Customers
CUST105561,2463.95,1,2463.95,2.0,0.0,5.85,29,3061.32,1,0.0,0,Potential Customers
CUST105562,3225.55,1,3225.55,2.0,0.0,5.17,60,4413.37,1,1.0,0,Potential Customers
CUST105563,0.0,0,0.0,0.0,0.0,1.02,400,320.32,1,0.0,2,At-Risk Customers
CUST105564,0.0,0,0.0,1.0,0.0,3.78,400,0.3,1,0.0,2,At-Risk Customers
CUST105565,0.0,0,0.0,3.0,0.0,6.38,400,0.0,1,0.0,2,At-Risk Customers
CUST105566,5806.73,2,2903.365,4.0,0.0,9.39,122,7427.91,1,0.0,3,High Value Customers
CUST105567,7238.68,3,2412.8933333333334,2.0,0.0,4.02,47,9708.86,1,0.0,3,High Value Customers
CUST105568,307.65,1,307.65,6.0,0.0,17.49,360,603.83,1,0.0,2,At-Risk Customers
CUST105569,0.0,0,0.0,2.0,0.0,2.44,400,0.0,1,0.0,2,At-Risk Customers
CUST105570,1609.08,1,1609.08,2.0,0.0,2.44,324,2132.66,1,0.0,0,Potential Customers
CUST105571,5337.25,2,2668.625,2.0,0.0,5.3,296,6103.6,1,0.0,3,High Value Customers
CUST105572,1673.23,1,1673.23,2.0,2.0,9.92,310,2656.59,1,0.0,1,Loyal Customers
CUST105573,0.0,0,0.0,2.0,0.0,11.1,400,0.0,1,0.0,2,At-Risk Customers
CUST105574,0.0,0,0.0,2.0,0.0,0.98,400,0.0,1,0.0,2,At-Risk Customers
CUST105575,10539.53,5,2107.906,2.0,0.0,4.38,191,12795.48,1,0.0,3,High Value Customers
CUST105576,6028.3,2,3014.15,2.0,0.0,7.9,33,7174.51,1,0.0,3,High Value Customers
CUST105577,0.0,0,0.0,2.0,0.0,7.75,400,319.31,1,0.0,2,At-Risk Customers
CUST105578,5371.3,2,2685.65,2.0,0.0,6.02,145,6981.16,1,0.0,3,High Value Customers
CUST105579,1027.61,3,342.53666666666663,1.0,1.0,3.82,220,2254.18,1,1.0,0,Potential Customers
CUST105580,5130.17,2,2565.085,3.0,0.0,0.76,59,6794.26,1,0.0,3,High Value Customers
CUST105581,0.0,0,0.0,4.0,0.0,17.11,400,0.0,1,0.0,2,At-Risk Customers
CUST105582,3580.15,2,1790.075,2.0,0.0,6.22,363,4838.41,1,0.0,0,Potential Customers
CUST105583,269.69,1,269.69,1.0,0.0,2.19,5,678.05,1,1.0,0,Potential Customers
CUST105584,1899.11,2,949.555,1.0,0.0,3.23,237,3315.11,1,0.0,0,Potential Customers
CUST105585,1514.61,1,1514.61,3.0,0.0,4.87,263,2403.19,1,0.0,0,Potential Customers
CUST105586,0.0,0,0.0,4.0,0.0,5.66,400,0.0,1,0.0,2,At-Risk Customers
CUST105587,9249.13,4,2312.2825,2.0,0.0,1.53,307,12737.47,1,0.0,3,High Value Customers
CUST105588,0.0,0,0.0,1.0,0.0,2.03,400,92.52,1,0.0,2,At-Risk Customers
CUST105589,3105.59,1,3105.59,2.0,0.0,5.76,92,3921.62,1,1.0,0,Potential Customers
CUST105590,0.0,0,0.0,3.0,0.0,2.71,400,149.64,1,0.0,2,At-Risk Customers
CUST105591,342.03,1,342.03,3.0,1.0,1.17,157,550.75,1,0.0,0,Potential Customers
CUST105592,0.0,0,0.0,1.0,0.0,2.33,400,8.69,1,0.0,2,At-Risk Customers
CUST105593,3845.5,3,1281.8333333333333,0.0,0.0,4.02,263,5436.36,1,1.0,0,Potential Customers
CUST105594,0.0,0,0.0,1.0,0.0,1.29,400,184.02,1,0.0,2,At-Risk Customers
CUST105595,2928.32,1,2928.32,2.0,0.0,12.74,65,3376.55,1,0.0,0,Potential Customers
CUST105596,2697.38,1,2697.38,1.0,0.0,9.32,343,3776.47,1,0.0,0,Potential Customers
CUST105597,0.0,0,0.0,4.0,2.0,7.7,400,89.28,1,0.0,1,Loyal Customers
CUST105598,0.0,0,0.0,2.0,0.0,4.32,400,56.81,1,0.0,2,At-Risk Customers
CUST105599,2587.96,1,2587.96,1.0,0.0,1.71,74,3610.74,1,0.0,0,Potential Customers
CUST105600,1700.19,1,1700.19,1.0,0.0,4.02,117,2459.59,1,0.0,0,Potential Customers
CUST105601,7219.7,3,2406.5666666666666,6.0,0.0,10.24,54,8698.45,1,0.0,3,High Value Customers
CUST105602,1759.89,1,1759.89,2.0,0.0,2.33,17,2203.7,1,0.0,0,Potential Customers
CUST105603,1077.4,1,1077.4,2.0,0.0,3.96,327,1397.05,1,0.0,2,At-Risk Customers
CUST105604,7769.71,3,2589.903333333333,4.0,0.0,3.31,137,10738.99,1,0.0,3,High Value Customers
CUST105605,1770.68,1,1770.68,2.0,0.0,3.63,229,2533.64,1,0.0,0,Potential Customers
CUST105606,2698.39,2,1349.195,1.0,0.0,3.71,55,3852.88,1,0.0,0,Potential Customers
CUST105607,1343.64,1,1343.64,3.0,0.0,3.43,217,1892.24,1,0.0,0,Potential Customers
CUST105608,0.0,0,0.0,2.0,0.0,2.96,400,63.81,1,0.0,2,At-Risk Customers
CUST105609,2362.88,1,2362.88,3.0,0.0,3.24,165,3445.79,1,1.0,0,Potential Customers
CUST105610,0.0,0,0.0,1.0,0.0,3.5,400,48.09,1,0.0,2,At-Risk Customers
CUST105611,293.96,1,293.96,1.0,0.0,2.09,211,544.75,1,0.0,2,At-Risk Customers
CUST105612,1127.96,1,1127.96,0.0,0.0,1.52,156,1626.1,1,0.0,0,Potential Customers
CUST105613,658.54,2,329.27,3.0,0.0,3.13,187,1369.38,1,0.0,0,Potential Customers
CUST105614,2542.25,4,635.5625,3.0,0.0,2.2,175,4374.04,1,1.0,0,Potential Customers
CUST105615,0.0,0,0.0,1.0,0.0,3.87,400,35.01,1,0.0,2,At-Risk Customers
CUST105616,0.0,0,0.0,2.0,0.0,1.92,400,18.71,1,0.0,2,At-Risk Customers
CUST105617,1123.63,1,1123.63,1.0,0.0,1.08,156,1625.3,1,1.0,0,Potential Customers
CUST105618,3788.94,2,1894.47,3.0,0.0,11.23,316,5595.95,1,0.0,0,Potential Customers
CUST105619,1058.76,2,529.38,2.0,0.0,2.6,327,1829.77,1,1.0,0,Potential Customers
CUST105620,0.0,0,0.0,3.0,0.0,0.86,400,0.0,1,0.0,2,At-Risk Customers
CUST105621,0.0,0,0.0,6.0,2.0,6.82,400,182.15,1,0.0,1,Loyal Customers
CUST105622,339.86,1,339.86,4.0,0.0,2.87,223,416.89,1,0.0,2,At-Risk Customers
CUST105623,1222.08,1,1222.08,2.0,0.0,3.87,123,1867.53,1,0.0,0,Potential Customers
CUST105624,0.0,0,0.0,1.0,0.0,4.4,400,75.28,1,0.0,2,At-Risk Customers
CUST105625,280.91,1,280.91,3.0,0.0,7.72,214,782.51,1,1.0,2,At-Risk Customers
CUST105626,0.0,0,0.0,1.0,0.0,4.71,400,57.5,1,0.0,2,At-Risk Customers
CUST105627,3948.29,1,3948.29,2.0,0.0,1.43,15,5670.12,1,0.0,0,Potential Customers
CUST105628,7010.34,4,1752.585,3.0,0.0,1.65,16,10069.97,1,1.0,3,High Value Customers
CUST105629,2129.48,1,2129.48,3.0,0.0,1.39,144,2925.61,1,0.0,0,Potential Customers
CUST105630,0.0,0,0.0,2.0,0.0,2.69,400,37.98,1,0.0,2,At-Risk Customers
CUST105631,11181.58,3,3727.193333333333,2.0,0.0,5.0,119,15047.65,1,0.0,3,High Value Customers
CUST105632,3488.37,2,1744.185,2.0,0.0,2.15,169,4736.75,1,0.0,0,Potential Customers
CUST105633,0.0,0,0.0,2.0,0.0,2.37,400,0.0,1,0.0,2,At-Risk Customers
CUST105634,0.0,0,0.0,1.0,0.0,2.3,400,72.88,1,0.0,2,At-Risk Customers
CUST105635,0.0,0,0.0,2.0,0.0,2.53,400,0.92,1,0.0,2,At-Risk Customers
CUST105636,6174.45,2,3087.225,1.0,0.0,6.13,168,8704.73,1,1.0,3,High Value Customers
CUST105637,1222.2,1,1222.2,1.0,0.0,3.12,157,1462.71,1,0.0,0,Potential Customers
CUST105638,0.0,0,0.0,2.0,0.0,8.3,400,0.0,1,0.0,2,At-Risk Customers
CUST105639,0.0,0,0.0,3.0,0.0,2.64,400,100.62,1,0.0,2,At-Risk Customers
CUST105640,1022.5,1,1022.5,3.0,0.0,3.92,50,1546.13,1,1.0,0,Potential Customers
CUST105641,1457.93,1,1457.93,2.0,0.0,3.35,311,1919.59,1,0.0,0,Potential Customers
CUST105642,3443.65,1,3443.65,2.0,0.0,4.7,111,3631.28,1,0.0,0,Potential Customers
CUST105643,1524.27,1,1524.27,5.0,0.0,5.6,83,2307.38,1,0.0,0,Potential Customers
CUST105644,8079.18,3,2693.06,1.0,0.0,3.93,330,9320.39,1,0.0,3,High Value Customers
CUST105645,0.0,0,0.0,7.0,0.0,23.312000000000044,400,0.0,1,0.0,2,At-Risk Customers
CUST105646,1693.29,1,1693.29,5.0,0.0,11.27,131,2644.49,1,1.0,0,Potential Customers
CUST105647,0.0,0,0.0,4.0,0.0,2.66,400,0.0,1,0.0,2,At-Risk Customers
CUST105648,1582.01,1,1582.01,3.0,0.0,9.99,213,2039.55,1,0.0,0,Potential Customers
CUST105649,0.0,0,0.0,2.0,0.0,9.26,400,62.58,1,0.0,2,At-Risk Customers
CUST105650,0.0,0,0.0,4.0,0.0,1.58,400,102.75,1,0.0,2,At-Risk Customers
CUST105651,4018.25,3,1339.4166666666667,2.0,0.0,0.9,281,5918.56,1,1.0,3,High Value Customers
CUST105652,1903.2,1,1903.2,3.0,0.0,4.62,107,2431.88,1,1.0,0,Potential Customers
CUST105653,0.0,0,0.0,3.0,0.0,3.62,400,0.0,1,0.0,2,At-Risk Customers
CUST105654,2823.81,1,2823.81,1.0,0.0,0.76,178,3827.39,1,0.0,0,Potential Customers
CUST105655,7749.23,4,1937.3075,5.0,0.0,4.35,320,10168.29,1,0.0,3,High Value Customers
CUST105656,4299.14,2,2149.57,0.0,0.0,4.11,315,5622.19,1,0.0,0,Potential Customers
CUST105657,962.63,2,481.315,1.0,0.0,4.02,337,2019.76,1,1.0,0,Potential Customers
CUST105658,0.0,0,0.0,3.0,0.0,12.02,400,0.0,1,0.0,2,At-Risk Customers
CUST105659,0.0,0,0.0,1.0,0.0,3.4,400,253.39,1,0.0,2,At-Risk Customers
CUST105660,0.0,0,0.0,2.0,0.0,3.02,400,0.0,1,0.0,2,At-Risk Customers
CUST105661,0.0,0,0.0,2.0,1.0,3.98,400,80.22,1,1.0,2,At-Risk Customers
CUST105662,0.0,0,0.0,0.0,0.0,1.53,400,178.38,1,0.0,2,At-Risk Customers
CUST105663,2610.25,2,1305.125,1.0,0.0,2.1,52,3515.53,1,0.0,0,Potential Customers
CUST105664,2195.33,1,2195.33,1.0,0.0,0.76,109,2614.17,1,0.0,0,Potential Customers
CUST105665,2616.37,2,1308.185,3.0,0.0,5.22,236,3984.45,1,0.0,0,Potential Customers
CUST105666,7031.43,2,3515.715,3.0,0.0,7.56,168,9273.78,1,1.0,3,High Value Customers
CUST105667,2062.5,1,2062.5,3.0,0.0,4.85,71,2695.06,1,0.0,0,Potential Customers
CUST105668,1364.0,1,1364.0,4.0,0.0,4.59,1,1871.54,1,0.0,0,Potential Customers
CUST105669,0.0,0,0.0,2.0,0.0,3.74,400,104.08,1,0.0,2,At-Risk Customers
CUST105670,1983.92,1,1983.92,6.0,0.0,11.38,107,2950.18,1,0.0,0,Potential Customers
CUST105671,0.0,0,0.0,3.0,0.0,3.56,400,34.71,1,0.0,2,At-Risk Customers
CUST105672,1384.38,1,1384.38,2.0,0.0,7.39,177,2124.78,1,0.0,0,Potential Customers
CUST105673,3385.42,3,1128.4733333333334,5.0,1.0,6.88,180,4776.26,1,0.0,0,Potential Customers
CUST105674,0.0,0,0.0,0.0,0.0,1.5,400,0.0,1,0.0,2,At-Risk Customers
CUST105675,0.0,0,0.0,6.0,0.0,23.312000000000044,400,0.0,1,0.0,2,At-Risk Customers
CUST105676,2396.67,2,1198.335,2.0,2.0,4.02,188,3353.33,1,0.0,1,Loyal Customers
CUST105677,1452.84,1,1452.84,0.0,0.0,2.66,274,2009.16,1,0.0,0,Potential Customers
CUST105678,8632.94,4,2158.235,2.0,2.0,3.47,294,11546.37,1,0.0,3,High Value Customers
CUST105679,6465.86,4,1616.465,2.0,0.0,9.46,228,9548.31,1,0.0,3,High Value Customers
CUST105680,288.65,1,288.65,0.0,0.0,2.38,227,659.36,1,0.0,2,At-Risk Customers
CUST105681,0.0,0,0.0,2.0,0.0,4.96,400,71.24,1,0.0,2,At-Risk Customers
CUST105682,0.0,0,0.0,0.0,0.0,1.32,400,249.79,1,0.0,2,At-Risk Customers
CUST105683,825.19,3,275.06333333333333,1.0,0.0,3.45,316,1707.13,1,0.0,0,Potential Customers
CUST105684,5432.47,2,2716.235,2.0,0.0,2.82,84,6719.69,1,0.0,3,High Value Customers
CUST105685,3371.04,2,1685.52,5.0,0.0,9.52,241,4248.89,1,0.0,0,Potential Customers
CUST105686,2641.63,1,2641.63,2.0,0.0,2.33,14,3539.99,1,0.0,0,Potential Customers
CUST105687,3073.89,2,1536.945,1.0,0.0,1.32,266,4118.45,1,0.0,0,Potential Customers
CUST105688,0.0,0,0.0,1.0,0.0,2.91,400,129.71,1,0.0,2,At-Risk Customers
CUST105689,2793.14,2,1396.57,0.0,0.0,2.56,330,3907.68,1,0.0,0,Potential Customers
CUST105690,2069.66,1,2069.66,1.0,3.0,4.68,247,2810.58,1,0.0,1,Loyal Customers
CUST105691,1962.52,1,1962.52,2.0,0.0,9.95,277,2877.11,1,0.0,0,Potential Customers
CUST105692,8355.03,2,4177.515,2.0,0.0,3.12,321,9617.82,1,1.0,3,High Value Customers
CUST105693,1302.42,2,651.21,5.0,3.0,5.1,5,2242.6,1,0.0,1,Loyal Customers
CUST105694,0.0,0,0.0,1.0,2.0,3.69,400,6.67,1,0.0,1,Loyal Customers
CUST105695,3189.45,1,3189.45,2.0,0.0,5.62,282,3649.66,1,0.0,0,Potential Customers
CUST105696,4514.9,4,1128.725,2.0,0.0,2.0,24,6572.77,1,0.0,3,High Value Customers
CUST105697,1078.24,1,1078.24,3.0,0.0,3.89,296,1382.87,1,0.0,0,Potential Customers
CUST105698,8918.21,3,2972.736666666666,2.0,0.0,7.67,127,12294.79,1,1.0,3,High Value Customers
CUST105699,2579.21,1,2579.21,5.0,0.0,2.32,39,3695.17,1,0.0,0,Potential Customers
CUST105700,1721.87,1,1721.87,1.0,3.0,3.51,278,2401.59,1,1.0,1,Loyal Customers
CUST105701,0.0,0,0.0,1.0,0.0,3.77,400,0.0,1,0.0,2,At-Risk Customers
CUST105702,318.34,1,318.34,2.0,0.0,1.4,117,738.27,1,1.0,0,Potential Customers
CUST105703,4832.41,2,2416.205,1.0,0.0,6.56,168,5823.89,1,0.0,3,High Value Customers
CUST105704,910.85,1,910.85,3.0,3.0,2.65,158,1461.62,1,0.0,1,Loyal Customers
CUST105705,1341.99,2,670.995,1.0,0.0,3.83,226,2487.38,1,0.0,0,Potential Customers
CUST105706,1597.71,2,798.855,7.0,0.0,6.08,199,2235.72,1,0.0,0,Potential Customers
CUST105707,526.21,1,526.21,1.0,0.0,6.53,237,901.1,1,0.0,2,At-Risk Customers
CUST105708,0.0,0,0.0,3.0,0.0,1.72,400,164.29,1,0.0,2,At-Risk Customers
CUST105709,8110.04,4,2027.51,3.0,0.0,5.29,144,11132.63,1,0.0,3,High Value Customers
CUST105710,2654.63,2,1327.315,3.0,0.0,7.88,169,3240.21,1,0.0,0,Potential Customers
CUST105711,5723.63,2,2861.815,1.0,0.0,2.5,337,8586.65,1,0.0,3,High Value Customers
CUST105712,1947.85,1,1947.85,1.0,1.0,6.9,45,2780.99,1,1.0,0,Potential Customers
CUST105713,4438.96,1,4438.96,4.0,0.0,5.29,149,6252.67,1,0.0,3,High Value Customers
CUST105714,968.21,1,968.21,2.0,0.0,5.59,343,1518.82,1,0.0,2,At-Risk Customers
CUST105715,2137.01,1,2137.01,1.0,0.0,7.26,282,2613.2,1,0.0,0,Potential Customers
CUST105716,487.15,1,487.15,1.0,0.0,2.14,231,623.73,1,0.0,2,At-Risk Customers
CUST105717,0.0,0,0.0,2.0,0.0,2.05,400,21.38,1,0.0,2,At-Risk Customers
CUST105718,2640.59,1,2640.59,1.0,0.0,8.96,42,3696.38,1,0.0,0,Potential Customers
CUST105719,2293.91,1,2293.91,2.0,0.0,3.21,107,3237.81,1,0.0,0,Potential Customers
CUST105720,535.42,2,267.71,3.0,0.0,1.44,362,1237.21,1,0.0,2,At-Risk Customers
CUST105721,6317.48,3,2105.8266666666664,4.0,0.0,3.57,293,8577.54,1,0.0,3,High Value Customers
CUST105722,5385.58,2,2692.79,3.0,0.0,3.72,312,7101.78,1,0.0,3,High Value Customers
CUST105723,3365.54,1,3365.54,1.0,2.0,4.76,101,3841.43,1,0.0,1,Loyal Customers
CUST105724,0.0,0,0.0,2.0,0.0,3.07,400,0.0,1,0.0,2,At-Risk Customers
CUST105725,0.0,0,0.0,5.0,0.0,13.55,400,124.38,1,0.0,2,At-Risk Customers
CUST105726,0.0,0,0.0,2.0,0.0,2.15,400,0.0,1,0.0,2,At-Risk Customers
CUST105727,1052.99,1,1052.99,1.0,0.0,1.03,77,1365.08,1,0.0,0,Potential Customers
CUST105728,2056.24,1,2056.24,0.0,0.0,1.44,236,2591.38,1,0.0,0,Potential Customers
CUST105729,1410.54,1,1410.54,1.0,0.0,2.4,170,1673.77,1,0.0,0,Potential Customers
CUST105730,2465.22,2,1232.61,4.0,0.0,5.6,328,3828.91,1,0.0,0,Potential Customers
CUST105731,4146.77,2,2073.385,2.0,0.0,3.48,14,6133.68,1,0.0,0,Potential Customers
CUST105732,2932.21,2,1466.105,4.0,0.0,5.11,139,3687.63,1,0.0,0,Potential Customers
CUST105733,6854.42,2,3427.21,0.0,0.0,2.51,233,9873.29,1,0.0,3,High Value Customers
CUST105734,0.0,0,0.0,2.0,0.0,5.35,400,0.0,1,0.0,2,At-Risk Customers
CUST105735,0.0,0,0.0,1.0,0.0,1.32,400,81.99,1,0.0,2,At-Risk Customers
CUST105736,8411.67,3,2803.89,1.0,0.0,4.48,233,9820.75,1,0.0,3,High Value Customers
CUST105737,2264.8,2,1132.4,1.0,0.0,6.08,196,3056.53,1,0.0,0,Potential Customers
CUST105738,0.0,0,0.0,1.0,0.0,2.1,400,0.0,1,0.0,2,At-Risk Customers
CUST105739,5240.09,2,2620.045,4.0,0.0,12.97,77,7303.99,1,0.0,3,High Value Customers
CUST105740,0.0,0,0.0,0.0,0.0,1.08,400,51.64,1,0.0,2,At-Risk Customers
CUST105741,3859.72,3,1286.5733333333333,2.0,0.0,6.53,64,6136.18,1,0.0,0,Potential Customers
CUST105742,2078.32,3,692.7733333333334,2.0,0.0,4.02,38,3369.37,1,1.0,0,Potential Customers
CUST105743,3677.24,2,1838.62,1.0,0.0,2.18,126,4732.79,1,0.0,0,Potential Customers
CUST105744,6360.62,2,3180.31,3.0,0.0,4.99,361,8223.23,1,0.0,3,High Value Customers
CUST105745,9996.83,4,2499.2075,6.0,0.0,2.19,186,13074.57,1,1.0,3,High Value Customers
CUST105746,495.57,1,495.57,0.0,0.0,4.9,256,1004.27,1,0.0,2,At-Risk Customers
CUST105747,6949.21,2,3474.605,3.0,0.0,3.42,213,8445.87,1,1.0,3,High Value Customers
CUST105748,2948.03,2,1474.015,1.0,0.0,3.99,101,4186.43,1,0.0,0,Potential Customers
CUST105749,0.0,0,0.0,0.0,0.0,2.65,400,250.56,1,0.0,2,At-Risk Customers
CUST105750,0.0,0,0.0,2.0,0.0,2.66,400,2.03,1,0.0,2,At-Risk Customers
CUST105751,2428.89,1,2428.89,3.0,0.0,2.32,8,3169.32,1,0.0,0,Potential Customers
CUST105752,3720.59,1,3720.59,2.0,0.0,6.26,358,3824.61,1,1.0,0,Potential Customers
CUST105753,2513.72,1,2513.72,2.0,0.0,12.83,210,2968.58,1,0.0,0,Potential Customers
CUST105754,3112.89,2,1556.445,3.0,0.0,19.65,262,3780.17,1,0.0,0,Potential Customers
CUST105755,9604.08,4,2401.02,2.0,1.0,7.68,234,12083.85,1,0.0,3,High Value Customers
CUST105756,0.0,0,0.0,1.0,0.0,3.98,400,0.0,1,0.0,2,At-Risk Customers
CUST105757,2492.09,1,2492.09,2.0,0.0,8.03,18,3149.55,1,0.0,0,Potential Customers
CUST105758,2546.54,1,2546.54,2.0,0.0,5.11,84,3390.64,1,0.0,0,Potential Customers
CUST105759,3578.9,2,1789.45,3.0,0.0,3.14,21,4495.88,1,0.0,0,Potential Customers
CUST105760,0.0,0,0.0,8.0,0.0,15.91,400,220.3,1,0.0,2,At-Risk Customers
CUST105761,2263.82,1,2263.82,1.0,0.0,7.93,200,3158.74,1,0.0,0,Potential Customers
CUST105762,3385.96,1,3385.96,3.0,2.0,2.38,88,4305.41,1,0.0,1,Loyal Customers
CUST105763,2560.89,2,1280.445,1.0,0.0,7.87,42,3786.07,1,0.0,0,Potential Customers
CUST105764,7739.73,3,2579.91,1.0,0.0,6.01,182,10296.63,1,0.0,3,High Value Customers
CUST105765,0.0,0,0.0,3.0,0.0,2.08,400,16.86,1,0.0,2,At-Risk Customers
CUST105766,1461.33,1,1461.33,3.0,0.0,4.23,136,2289.51,1,0.0,0,Potential Customers
CUST105767,0.0,0,0.0,7.0,0.0,3.86,400,74.55,1,1.0,2,At-Risk Customers
CUST105768,0.0,0,0.0,5.0,0.0,0.76,400,3.74,1,0.0,2,At-Risk Customers
CUST105769,3259.94,3,1086.6466666666668,4.0,0.0,1.5,250,4820.92,1,0.0,0,Potential Customers
CUST105770,3044.54,1,3044.54,0.0,0.0,8.63,4,3763.09,1,1.0,0,Potential Customers
CUST105771,2230.36,2,1115.18,2.0,0.0,2.44,23,2811.84,1,0.0,0,Potential Customers
CUST105772,0.0,0,0.0,2.0,0.0,6.09,400,135.84,1,0.0,2,At-Risk Customers
CUST105773,2158.73,1,2158.73,2.0,0.0,9.82,351,2878.59,1,0.0,0,Potential Customers
CUST105774,0.0,0,0.0,0.0,0.0,0.95,400,0.0,1,0.0,2,At-Risk Customers
CUST105775,0.0,0,0.0,6.0,0.0,12.51,400,51.53,1,1.0,2,At-Risk Customers
CUST105776,0.0,0,0.0,4.0,0.0,3.59,400,0.0,1,0.0,2,At-Risk Customers
CUST105777,0.0,0,0.0,1.0,0.0,5.31,400,12.76,1,0.0,2,At-Risk Customers
CUST105778,989.83,1,989.83,6.0,0.0,15.74,74,1358.51,1,0.0,0,Potential Customers
CUST105779,0.0,0,0.0,2.0,0.0,7.96,400,24.33,1,0.0,2,At-Risk Customers
CUST105780,2852.87,1,2852.87,3.0,0.0,3.58,99,3948.58,1,1.0,0,Potential Customers
CUST105781,7412.83,3,2470.943333333333,3.0,0.0,2.79,147,9943.69,1,0.0,3,High Value Customers
CUST105782,1904.19,1,1904.19,1.0,0.0,2.96,355,2581.05,1,1.0,0,Potential Customers
CUST105783,0.0,0,0.0,2.0,0.0,2.73,400,247.85,1,0.0,2,At-Risk Customers
CUST105784,0.0,0,0.0,2.0,0.0,9.81,400,2.29,1,0.0,2,At-Risk Customers
CUST105785,289.44,1,289.44,1.0,0.0,5.92,249,411.29,1,0.0,2,At-Risk Customers
CUST105786,0.0,0,0.0,0.0,0.0,4.7,400,39.71,1,0.0,2,At-Risk Customers
CUST105787,0.0,0,0.0,1.0,0.0,3.48,400,167.73,1,0.0,2,At-Risk Customers
CUST105788,0.0,0,0.0,4.0,0.0,6.75,400,0.0,1,0.0,2,At-Risk Customers
CUST105789,4312.91,2,2156.455,1.0,0.0,1.08,292,6308.7,1,0.0,3,High Value Customers
CUST105790,1720.07,1,1720.07,3.0,0.0,14.94,263,2538.68,1,0.0,0,Potential Customers
CUST105791,0.0,0,0.0,2.0,0.0,3.36,400,0.0,1,0.0,2,At-Risk Customers
CUST105792,0.0,0,0.0,1.0,3.0,2.08,400,70.1,1,0.0,1,Loyal Customers
CUST105793,4602.62,2,2301.31,7.0,0.0,9.05,52,5426.8,1,1.0,0,Potential Customers
CUST105794,1225.14,1,1225.14,4.0,3.0,8.9,317,1789.6,1,0.0,1,Loyal Customers
CUST105795,1473.72,1,1473.72,1.0,0.0,3.85,190,2003.0,1,1.0,0,Potential Customers
CUST105796,6759.5,3,2253.1666666666665,2.0,0.0,10.27,313,8101.18,1,0.0,3,High Value Customers
CUST105797,0.0,0,0.0,1.0,0.0,8.18,400,0.0,1,0.0,2,At-Risk Customers
CUST105798,3748.8,1,3748.8,2.0,0.0,5.29,108,4707.39,1,0.0,0,Potential Customers
CUST105799,2581.84,1,2581.84,4.0,0.0,1.29,169,3703.11,1,0.0,0,Potential Customers
CUST105800,1952.24,2,976.12,1.0,0.0,4.43,69,3138.84,1,0.0,0,Potential Customers
CUST105801,1773.33,1,1773.33,4.0,0.0,4.08,104,2312.66,1,1.0,0,Potential Customers
CUST105802,1717.48,1,1717.48,1.0,0.0,3.41,142,2347.61,1,0.0,0,Potential Customers
CUST105803,4194.74,1,4194.74,1.0,0.0,3.13,24,5846.02,1,0.0,0,Potential Customers
CUST105804,1182.15,2,591.075,2.0,3.0,6.86,216,2327.13,1,1.0,1,Loyal Customers
CUST105805,694.03,1,694.03,1.0,0.0,1.7,21,1332.5,1,1.0,0,Potential Customers
CUST105806,3848.1,2,1924.05,3.0,0.0,9.35,347,5486.91,1,0.0,0,Potential Customers
CUST105807,2159.81,1,2159.81,3.0,3.0,3.91,310,2447.38,1,1.0,1,Loyal Customers
CUST105808,2116.1,1,2116.1,2.0,0.0,2.25,315,2921.05,1,0.0,0,Potential Customers
CUST105809,2611.49,1,2611.49,2.0,0.0,3.31,56,3433.8,1,0.0,0,Potential Customers
CUST105810,0.0,0,0.0,1.0,0.0,4.66,400,0.0,1,0.0,2,At-Risk Customers
CUST105811,3345.42,2,1672.71,2.0,0.0,11.13,323,4023.51,1,1.0,0,Potential Customers
CUST105812,2570.02,1,2570.02,4.0,0.0,6.67,258,3457.24,1,1.0,0,Potential Customers
CUST105813,0.0,0,0.0,3.0,0.0,9.27,400,32.59,1,0.0,2,At-Risk Customers
CUST105814,0.0,0,0.0,3.0,0.0,3.88,400,0.0,1,0.0,2,At-Risk Customers
CUST105815,0.0,0,0.0,0.0,0.0,3.5,400,176.14,1,0.0,2,At-Risk Customers
CUST105816,9395.63,3,3131.8766666666666,3.0,0.0,14.88,208,11279.75,1,0.0,3,High Value Customers
CUST105817,1299.05,1,1299.05,2.0,0.0,3.68,339,1885.96,1,0.0,0,Potential Customers
CUST105818,0.0,0,0.0,2.0,1.0,2.76,400,0.0,1,0.0,2,At-Risk Customers
CUST105819,2911.56,4,727.89,2.0,0.0,2.57,215,4797.74,1,0.0,0,Potential Customers
CUST105820,3759.39,2,1879.695,2.0,0.0,4.98,270,5127.34,1,0.0,0,Potential Customers
CUST105821,0.0,0,0.0,3.0,0.0,1.9,400,0.0,1,0.0,2,At-Risk Customers
CUST105822,2827.76,3,942.5866666666667,3.0,3.0,4.61,16,3580.57,1,0.0,1,Loyal Customers
CUST105823,0.0,0,0.0,2.0,2.0,4.55,400,25.28,1,0.0,1,Loyal Customers
CUST105824,0.0,0,0.0,3.0,0.0,6.13,400,72.56,1,0.0,2,At-Risk Customers
CUST105825,9259.89,3,3086.6299999999997,4.0,0.0,1.19,76,11223.9,1,0.0,3,High Value Customers
CUST105826,2238.99,1,2238.99,3.0,0.0,1.0,351,3141.15,1,0.0,0,Potential Customers
CUST105827,1384.0,1,1384.0,1.0,0.0,2.98,129,1998.6,1,0.0,0,Potential Customers
CUST105828,2820.65,1,2820.65,3.0,2.0,3.68,114,4048.54,1,1.0,1,Loyal Customers
CUST105829,5267.11,4,1316.7775,1.0,0.0,1.86,6,6470.62,1,0.0,3,High Value Customers
CUST105830,315.73,1,315.73,0.0,0.0,1.56,80,433.91,1,0.0,0,Potential Customers
CUST105831,1890.64,3,630.2133333333334,3.0,0.0,5.49,117,3225.97,1,0.0,0,Potential Customers
CUST105832,0.0,0,0.0,3.0,0.0,3.26,400,6.02,1,0.0,2,At-Risk Customers
CUST105833,2281.34,1,2281.34,3.0,0.0,4.02,304,3158.16,1,0.0,0,Potential Customers
CUST105834,0.0,0,0.0,1.0,0.0,1.55,400,0.0,1,0.0,2,At-Risk Customers
CUST105835,4244.22,2,2122.11,4.0,0.0,3.76,146,5590.46,1,0.0,0,Potential Customers
CUST105836,4031.18,2,2015.59,4.0,0.0,13.08,27,5860.37,1,0.0,0,Potential Customers
CUST105837,0.0,0,0.0,1.0,0.0,3.29,400,0.0,1,0.0,2,At-Risk Customers
CUST105838,5174.75,2,2587.375,2.0,0.0,2.7,189,6349.15,1,0.0,3,High Value Customers
CUST105839,1361.04,1,1361.04,2.0,0.0,7.68,92,1666.61,1,0.0,0,Potential Customers
CUST105840,0.0,0,0.0,3.0,0.0,9.52,400,0.0,1,0.0,2,At-Risk Customers
CUST105841,0.0,0,0.0,4.0,0.0,2.6,400,0.0,1,0.0,2,At-Risk Customers
CUST105842,0.0,0,0.0,3.0,0.0,2.74,400,77.94,1,0.0,2,At-Risk Customers
CUST105843,7069.95,4,1767.4875,1.0,0.0,7.43,11,9075.25,1,0.0,3,High Value Customers
CUST105844,5298.35,3,1766.1166666666668,3.0,1.0,5.0,106,7488.38,1,0.0,3,High Value Customers
CUST105845,1193.39,1,1193.39,2.0,0.0,5.08,162,2089.48,1,1.0,0,Potential Customers
CUST105846,6119.78,2,3059.89,4.0,0.0,4.79,329,8064.84,1,0.0,3,High Value Customers
CUST105847,1541.43,1,1541.43,3.0,0.0,3.91,11,2112.69,1,0.0,0,Potential Customers
CUST105848,1617.63,2,808.815,4.0,0.0,8.18,87,2421.14,1,1.0,0,Potential Customers
CUST105849,0.0,0,0.0,3.0,0.0,10.72,400,30.78,1,0.0,2,At-Risk Customers
CUST105850,1339.15,1,1339.15,2.0,0.0,1.97,334,1965.21,1,0.0,0,Potential Customers
CUST105851,928.58,1,928.58,2.0,0.0,7.55,268,1672.08,1,0.0,0,Potential Customers
CUST105852,0.0,0,0.0,0.0,0.0,3.93,400,0.0,1,0.0,2,At-Risk Customers
CUST105853,1818.78,1,1818.78,0.0,0.0,1.65,186,2355.39,1,0.0,0,Potential Customers
CUST105854,0.0,0,0.0,1.0,0.0,2.12,400,41.17,1,0.0,2,At-Risk Customers
CUST105855,0.0,0,0.0,2.0,0.0,3.04,400,23.49,1,0.0,2,At-Risk Customers
CUST105856,0.0,0,0.0,2.0,0.0,8.51,400,0.0,1,0.0,2,At-Risk Customers
CUST105857,2670.53,2,1335.265,2.0,0.0,1.97,200,4033.01,1,0.0,0,Potential Customers
CUST105858,474.71,1,474.71,1.0,0.0,1.15,249,760.85,1,0.0,2,At-Risk Customers
CUST105859,5169.26,3,1723.0866666666668,3.0,0.0,3.37,324,7917.72,1,0.0,3,High Value Customers
CUST105860,0.0,0,0.0,2.0,0.0,2.9,400,0.0,1,0.0,2,At-Risk Customers
CUST105861,5584.13,3,1861.3766666666668,2.0,0.0,8.58,270,7862.83,1,0.0,3,High Value Customers
CUST105862,4730.83,3,1576.9433333333334,5.0,0.0,4.02,23,6497.36,1,0.0,3,High Value Customers
CUST105863,6894.58,2,3447.29,4.0,0.0,6.68,326,9311.47,1,0.0,3,High Value Customers
CUST105864,2085.85,1,2085.85,3.0,0.0,3.08,152,3101.33,1,0.0,0,Potential Customers
CUST105865,2932.68,1,2932.68,3.0,0.0,1.73,275,4110.58,1,0.0,0,Potential Customers
CUST105866,304.78,1,304.78,3.0,0.0,10.16,40,513.89,1,0.0,0,Potential Customers
CUST105867,0.0,0,0.0,1.0,0.0,2.68,400,0.0,1,0.0,2,At-Risk Customers
CUST105868,1896.56,1,1896.56,2.0,0.0,6.38,15,2448.55,1,0.0,0,Potential Customers
CUST105869,2349.49,1,2349.49,5.0,0.0,3.13,193,3013.64,1,0.0,0,Potential Customers
CUST105870,3871.73,2,1935.865,2.0,0.0,6.43,22,4940.46,1,0.0,0,Potential Customers
CUST105871,5183.03,3,1727.6766666666665,5.0,0.0,5.01,106,7236.56,1,0.0,3,High Value Customers
CUST105872,0.0,0,0.0,4.0,0.0,4.44,400,0.0,1,0.0,2,At-Risk Customers
CUST105873,5959.54,2,2979.77,2.0,0.0,5.42,319,7743.13,1,0.0,3,High Value Customers
CUST105874,2843.78,1,2843.78,3.0,0.0,3.43,89,4008.06,1,0.0,0,Potential Customers
CUST105875,9973.84,4,2493.46,4.0,0.0,1.23,251,13068.4,1,0.0,3,High Value Customers
CUST105876,0.0,0,0.0,3.0,0.0,4.96,400,212.28,1,1.0,2,At-Risk Customers
CUST105877,2737.94,1,2737.94,2.0,0.0,9.04,347,4074.53,1,0.0,0,Potential Customers
CUST105878,2765.71,1,2765.71,0.0,0.0,3.93,67,3654.13,1,0.0,0,Potential Customers
CUST105879,0.0,0,0.0,3.0,0.0,3.26,400,95.5,1,0.0,2,At-Risk Customers
CUST105880,6209.76,3,2069.92,3.0,0.0,4.87,265,8561.59,1,0.0,3,High Value Customers
CUST105881,4516.21,2,2258.105,1.0,0.0,8.05,82,5405.36,1,0.0,0,Potential Customers
CUST105882,1580.88,2,790.44,2.0,0.0,3.33,181,2193.84,1,0.0,0,Potential Customers
CUST105883,5848.62,2,2924.31,1.0,0.0,1.42,130,7867.07,1,0.0,3,High Value Customers
CUST105884,3418.57,1,3418.57,5.0,0.0,4.53,110,4333.41,1,1.0,0,Potential Customers
CUST105885,2573.29,1,2573.29,3.0,0.0,5.23,280,3379.3,1,0.0,0,Potential Customers
CUST105886,0.0,0,0.0,1.0,0.0,4.58,400,78.43,1,0.0,2,At-Risk Customers
CUST105887,1424.92,1,1424.92,1.0,0.0,2.87,160,1931.02,1,0.0,0,Potential Customers
CUST105888,2217.17,2,1108.585,2.0,0.0,5.12,64,2703.52,1,0.0,0,Potential Customers
CUST105889,4772.36,2,2386.18,3.0,0.0,3.45,72,6401.34,1,1.0,3,High Value Customers
CUST105890,2390.74,2,1195.37,1.0,0.0,2.99,214,2960.73,1,0.0,0,Potential Customers
CUST105891,2700.4,1,2700.4,2.0,0.0,3.32,331,4224.53,1,0.0,0,Potential Customers
CUST105892,0.0,0,0.0,3.0,0.0,4.58,400,0.0,1,0.0,2,At-Risk Customers
CUST105893,10980.28,4,2745.07,1.0,0.0,4.94,194,13521.97,1,1.0,3,High Value Customers
CUST105894,0.0,0,0.0,2.0,0.0,2.83,400,0.0,1,0.0,2,At-Risk Customers
CUST105895,0.0,0,0.0,1.0,2.0,4.66,400,98.99,1,0.0,1,Loyal Customers
CUST105896,1590.11,2,795.055,2.0,0.0,5.3,326,2690.99,1,0.0,0,Potential Customers
CUST105897,0.0,0,0.0,1.0,0.0,5.99,400,208.77,1,0.0,2,At-Risk Customers
CUST105898,768.82,2,384.41,3.0,0.0,5.68,301,1504.21,1,0.0,0,Potential Customers
CUST105899,0.0,0,0.0,3.0,0.0,10.09,400,9.52,1,1.0,2,At-Risk Customers
CUST105900,2857.65,1,2857.65,3.0,0.0,6.56,266,4175.36,1,0.0,0,Potential Customers
CUST105901,0.0,0,0.0,2.0,0.0,16.49,400,5.92,1,0.0,2,At-Risk Customers
CUST105902,1169.51,2,584.755,5.0,0.0,8.35,138,2087.29,1,0.0,0,Potential Customers
CUST105903,0.0,0,0.0,3.0,0.0,8.16,400,0.0,1,0.0,2,At-Risk Customers
CUST105904,3077.75,1,3077.75,1.0,0.0,1.72,95,4207.57,1,0.0,0,Potential Customers
CUST105905,0.0,0,0.0,4.0,3.0,6.89,400,20.85,1,0.0,1,Loyal Customers
CUST105906,5565.89,2,2782.945,2.0,0.0,7.36,351,6916.97,1,1.0,3,High Value Customers
CUST105907,1857.63,1,1857.63,2.0,0.0,3.93,141,2041.09,1,0.0,0,Potential Customers
CUST105908,0.0,0,0.0,3.0,0.0,0.97,400,161.32,1,0.0,2,At-Risk Customers
CUST105909,0.0,0,0.0,2.0,0.0,0.79,400,0.0,1,0.0,2,At-Risk Customers
CUST105910,0.0,0,0.0,0.0,0.0,3.33,400,132.11,1,0.0,2,At-Risk Customers
CUST105911,0.0,0,0.0,2.0,0.0,2.78,400,0.0,1,0.0,2,At-Risk Customers
CUST105912,5228.47,2,2614.235,1.0,0.0,1.43,348,7131.33,1,0.0,3,High Value Customers
CUST105913,727.64,2,363.82,2.0,0.0,5.32,232,1463.3,1,0.0,0,Potential Customers
CUST105914,9263.34,4,2315.835,2.0,0.0,1.83,354,10855.97,1,0.0,3,High Value Customers
CUST105915,6984.16,3,2328.0533333333333,1.0,0.0,1.26,290,9763.21,1,1.0,3,High Value Customers
CUST105916,1876.58,1,1876.58,4.0,0.0,17.19,77,2511.97,1,0.0,0,Potential Customers
CUST105917,0.0,0,0.0,3.0,2.0,5.77,400,0.0,1,0.0,1,Loyal Customers
CUST105918,2837.73,2,1418.865,3.0,0.0,3.01,279,3626.45,1,0.0,0,Potential Customers
CUST105919,1556.11,2,778.055,2.0,0.0,1.51,100,2625.36,1,0.0,0,Potential Customers
CUST105920,0.0,0,0.0,2.0,0.0,2.18,400,8.54,1,0.0,2,At-Risk Customers
CUST105921,0.0,0,0.0,2.0,0.0,2.62,400,19.73,1,0.0,2,At-Risk Customers
CUST105922,4943.24,2,2471.62,1.0,0.0,2.77,79,6275.45,1,1.0,3,High Value Customers
CUST105923,0.0,0,0.0,5.0,0.0,3.24,400,96.33,1,0.0,2,At-Risk Customers
CUST105924,4421.24,2,2210.62,2.0,0.0,1.77,100,5979.71,1,0.0,0,Potential Customers
CUST105925,757.08,1,757.08,0.0,0.0,2.2,206,1217.3,1,0.0,0,Potential Customers
CUST105926,0.0,0,0.0,1.0,0.0,1.22,400,0.0,1,0.0,2,At-Risk Customers
CUST105927,0.0,0,0.0,1.0,0.0,1.01,400,36.12,1,0.0,2,At-Risk Customers
CUST105928,0.0,0,0.0,3.0,0.0,1.38,400,37.56,1,0.0,2,At-Risk Customers
CUST105929,0.0,0,0.0,2.0,0.0,2.65,400,70.05,1,0.0,2,At-Risk Customers
CUST105930,3443.37,2,1721.685,2.0,0.0,3.27,356,5183.99,1,0.0,0,Potential Customers
CUST105931,2454.59,3,818.1966666666667,0.0,0.0,5.62,284,4519.53,1,0.0,0,Potential Customers
CUST105932,0.0,0,0.0,3.0,0.0,5.42,400,0.0,1,0.0,2,At-Risk Customers
CUST105933,2560.48,2,1280.24,2.0,0.0,6.28,269,3336.72,1,0.0,0,Potential Customers
CUST105934,910.5,2,455.25,1.0,0.0,3.28,231,1436.16,1,0.0,0,Potential Customers
CUST105935,0.0,0,0.0,2.0,0.0,6.42,400,141.95,1,0.0,2,At-Risk Customers
CUST105936,1361.09,1,1361.09,1.0,0.0,0.9,211,1923.57,1,0.0,0,Potential Customers
CUST105937,2662.63,1,2662.63,3.0,0.0,6.19,157,3978.1,1,0.0,0,Potential Customers
CUST105938,777.51,1,777.51,1.0,0.0,3.94,107,1283.28,1,0.0,0,Potential Customers
CUST105939,2081.89,1,2081.89,2.0,0.0,7.95,155,3000.89,1,0.0,0,Potential Customers
CUST105940,2134.66,1,2134.66,1.0,0.0,0.76,356,2904.25,1,1.0,0,Potential Customers
CUST105941,396.94,1,396.94,1.0,0.0,7.68,363,535.86,1,0.0,2,At-Risk Customers
CUST105942,0.0,0,0.0,1.0,0.0,1.3,400,0.0,1,0.0,2,At-Risk Customers
CUST105943,3794.27,3,1264.7566666666667,4.0,1.0,8.88,39,5329.78,1,0.0,0,Potential Customers
CUST105944,5468.18,2,2734.09,1.0,0.0,2.25,361,6316.04,1,0.0,3,High Value Customers
CUST105945,0.0,0,0.0,2.0,0.0,5.42,400,0.0,1,0.0,2,At-Risk Customers
CUST105946,3959.14,3,1319.7133333333334,1.0,0.0,3.82,169,6330.21,1,1.0,3,High Value Customers
CUST105947,0.0,0,0.0,4.0,0.0,8.25,400,41.43,1,0.0,2,At-Risk Customers
CUST105948,6210.25,3,2070.0833333333335,2.0,0.0,4.51,190,7899.69,1,0.0,3,High Value Customers
CUST105949,1769.21,1,1769.21,7.0,2.0,12.17,136,2480.56,1,1.0,1,Loyal Customers
CUST105950,5767.67,2,2883.835,4.0,0.0,2.45,285,8193.52,1,0.0,3,High Value Customers
CUST105951,1869.92,1,1869.92,0.0,0.0,1.97,286,2797.52,1,0.0,0,Potential Customers
CUST105952,0.0,0,0.0,4.0,0.0,2.57,400,0.0,1,0.0,2,At-Risk Customers
CUST105953,3039.67,2,1519.835,2.0,0.0,6.32,148,3778.17,1,0.0,0,Potential Customers
CUST105954,0.0,0,0.0,0.0,0.0,6.5,400,219.84,1,0.0,2,At-Risk Customers
CUST105955,5056.51,2,2528.255,2.0,0.0,1.65,157,6379.79,1,0.0,3,High Value Customers
CUST105956,1810.38,1,1810.38,2.0,0.0,2.24,341,2557.22,1,0.0,0,Potential Customers
CUST105957,4064.75,2,2032.375,2.0,0.0,4.96,63,5182.4,1,0.0,0,Potential Customers
CUST105958,0.0,0,0.0,3.0,0.0,9.7,400,155.2,1,0.0,2,At-Risk Customers
CUST105959,0.0,0,0.0,1.0,0.0,2.48,400,167.69,1,0.0,2,At-Risk Customers
CUST105960,1716.6,1,1716.6,1.0,0.0,1.49,181,2054.97,1,0.0,0,Potential Customers
CUST105961,0.0,0,0.0,4.0,0.0,8.18,400,43.59,1,0.0,2,At-Risk Customers
CUST105962,615.56,1,615.56,0.0,0.0,1.19,51,965.83,1,0.0,0,Potential Customers
CUST105963,0.0,0,0.0,3.0,0.0,5.92,400,109.06,1,0.0,2,At-Risk Customers
CUST105964,1124.68,1,1124.68,0.0,0.0,0.89,111,1840.7,1,0.0,0,Potential Customers
CUST105965,294.18,1,294.18,3.0,0.0,3.73,34,729.36,1,0.0,0,Potential Customers
CUST105966,1854.13,1,1854.13,2.0,0.0,3.17,293,2517.29,1,0.0,0,Potential Customers
CUST105967,1882.17,1,1882.17,1.0,0.0,2.34,262,2249.08,1,0.0,0,Potential Customers
CUST105968,1463.92,1,1463.92,4.0,0.0,11.11,320,1971.65,1,0.0,0,Potential Customers
CUST105969,1657.81,1,1657.81,2.0,0.0,3.83,134,2379.85,1,0.0,0,Potential Customers
CUST105970,0.0,0,0.0,5.0,0.0,3.6,400,6.67,1,0.0,2,At-Risk Customers
CUST105971,0.0,0,0.0,2.0,0.0,3.39,400,28.11,1,0.0,2,At-Risk Customers
CUST105972,1259.31,1,1259.31,2.0,0.0,2.37,222,1529.37,1,0.0,0,Potential Customers
CUST105973,304.48,1,304.48,4.0,0.0,14.58,6,776.05,1,0.0,0,Potential Customers
CUST105974,0.0,0,0.0,0.0,0.0,3.11,400,75.36,1,0.0,2,At-Risk Customers
CUST105975,1444.43,2,722.215,3.0,0.0,14.86,76,2460.1,1,0.0,0,Potential Customers
CUST105976,0.0,0,0.0,1.0,0.0,2.28,400,99.59,1,0.0,2,At-Risk Customers
CUST105977,278.61,1,278.61,4.0,0.0,4.11,209,538.36,1,0.0,2,At-Risk Customers
CUST105978,6296.25,2,3148.125,3.0,0.0,2.9,321,9105.2,1,0.0,3,High Value Customers
CUST105979,2071.14,2,1035.57,0.0,0.0,2.31,200,3200.97,1,0.0,0,Potential Customers
CUST105980,1616.73,1,1616.73,2.0,0.0,3.55,161,2161.45,1,0.0,0,Potential Customers
CUST105981,986.84,1,986.84,2.0,0.0,13.0,62,1496.26,1,0.0,0,Potential Customers
CUST105982,1311.2,2,655.6,4.0,0.0,9.99,277,2412.48,1,0.0,0,Potential Customers
CUST105983,2323.8,1,2323.8,2.0,0.0,4.13,183,2840.12,1,0.0,0,Potential Customers
CUST105984,498.33,1,498.33,4.0,0.0,1.56,160,1040.95,1,0.0,0,Potential Customers
CUST105985,2393.54,1,2393.54,3.0,0.0,4.02,82,3093.99,1,0.0,0,Potential Customers
CUST105986,2566.52,1,2566.52,2.0,0.0,2.8,334,3329.25,1,0.0,0,Potential Customers
CUST105987,3109.54,1,3109.54,2.0,0.0,2.06,253,4304.9,1,0.0,0,Potential Customers
CUST105988,3720.27,2,1860.135,3.0,0.0,6.34,138,5613.53,1,0.0,0,Potential Customers
CUST105989,3391.34,2,1695.67,3.0,0.0,1.65,201,4687.14,1,0.0,0,Potential Customers
CUST105990,3349.24,3,1116.4133333333332,2.0,0.0,4.36,83,5513.1,1,0.0,0,Potential Customers
CUST105991,0.0,0,0.0,3.0,0.0,5.54,400,0.0,1,0.0,2,At-Risk Customers
CUST105992,0.0,0,0.0,3.0,0.0,6.43,400,123.59,1,0.0,2,At-Risk Customers
CUST105993,0.0,0,0.0,1.0,3.0,1.65,400,230.22,1,1.0,1,Loyal Customers
CUST105994,2756.65,2,1378.325,8.0,0.0,13.07,238,3685.0,1,0.0,0,Potential Customers
CUST105995,2155.53,1,2155.53,5.0,0.0,4.89,202,2748.66,1,0.0,0,Potential Customers
CUST105996,4362.72,2,2181.36,2.0,0.0,3.98,131,6261.62,1,0.0,0,Potential Customers
CUST105997,1028.55,2,514.275,4.0,0.0,1.57,59,2008.23,1,0.0,0,Potential Customers
CUST105998,0.0,0,0.0,3.0,0.0,2.23,400,128.07,1,0.0,2,At-Risk Customers
CUST105999,2347.24,1,2347.24,0.0,0.0,3.1,49,3254.82,1,0.0,0,Potential Customers
CUST106000,4849.14,2,2424.57,1.0,0.0,3.9,32,6292.26,1,0.0,3,High Value Customers
CUST106001,0.0,0,0.0,1.0,0.0,5.05,400,0.0,1,0.0,2,At-Risk Customers
CUST106002,1792.22,1,1792.22,1.0,0.0,3.1,145,2307.54,1,0.0,0,Potential Customers
CUST106003,2685.84,4,671.46,3.0,0.0,10.94,80,4317.38,1,0.0,0,Potential Customers
CUST106004,4463.4,2,2231.7,1.0,0.0,3.05,13,5635.17,1,0.0,0,Potential Customers
CUST106005,5961.64,2,2980.82,3.0,0.0,4.55,166,7011.74,1,0.0,3,High Value Customers
CUST106006,6246.15,2,3123.075,3.0,0.0,8.8,252,8961.76,1,0.0,3,High Value Customers
CUST106007,4613.19,2,2306.595,2.0,0.0,2.7,239,6639.64,1,0.0,3,High Value Customers
CUST106008,3882.76,4,970.69,1.0,0.0,1.53,126,6241.61,1,1.0,3,High Value Customers
CUST106009,1959.83,3,653.2766666666666,0.0,0.0,2.97,326,2688.26,1,0.0,0,Potential Customers
CUST106010,1048.08,1,1048.08,2.0,0.0,7.52,244,1697.79,1,0.0,0,Potential Customers
CUST106011,3642.16,2,1821.08,1.0,0.0,4.17,179,5272.52,1,1.0,0,Potential Customers
CUST106012,11589.14840000001,4,2897.2871000000023,2.0,0.0,6.37,262,13868.72,1,0.0,3,High Value Customers
CUST106013,1954.83,2,977.415,1.0,0.0,1.58,28,2881.41,1,0.0,0,Potential Customers
CUST106014,0.0,0,0.0,0.0,0.0,1.28,400,0.0,1,0.0,2,At-Risk Customers
CUST106015,2641.83,1,2641.83,1.0,0.0,5.96,236,3774.71,1,0.0,0,Potential Customers
CUST106016,3835.23,2,1917.615,1.0,0.0,5.08,307,4634.25,1,1.0,0,Potential Customers
CUST106017,1842.14,1,1842.14,2.0,0.0,2.09,131,2484.62,1,0.0,0,Potential Customers
CUST106018,1545.53,1,1545.53,4.0,0.0,1.78,230,2393.26,1,0.0,0,Potential Customers
CUST106019,1750.11,1,1750.11,2.0,0.0,3.54,137,2149.94,1,0.0,0,Potential Customers
CUST106020,3080.9,2,1540.45,1.0,0.0,3.85,6,4223.69,1,0.0,0,Potential Customers
CUST106021,4656.67,3,1552.2233333333334,2.0,0.0,1.69,214,7226.26,1,0.0,3,High Value Customers
CUST106022,4117.62,2,2058.81,2.0,0.0,3.79,192,5611.72,1,0.0,0,Potential Customers
CUST106023,4023.88,4,1005.97,3.0,0.0,1.44,163,5703.34,1,0.0,3,High Value Customers
CUST106024,1229.36,1,1229.36,2.0,0.0,2.55,135,1490.64,1,0.0,0,Potential Customers
CUST106025,3067.32,1,3067.32,3.0,0.0,1.58,168,3649.15,1,0.0,0,Potential Customers
CUST106026,1514.45,1,1514.45,2.0,0.0,3.69,30,2159.92,1,0.0,0,Potential Customers
CUST106027,1792.75,1,1792.75,0.0,0.0,2.54,156,2450.24,1,0.0,0,Potential Customers
CUST106028,2460.37,1,2460.37,2.0,0.0,10.23,33,3286.14,1,0.0,0,Potential Customers
CUST106029,4979.6,3,1659.8666666666668,2.0,0.0,4.93,86,5864.79,1,1.0,3,High Value Customers
CUST106030,4659.26,3,1553.0866666666668,2.0,0.0,1.59,155,6601.06,1,0.0,3,High Value Customers
CUST106031,0.0,0,0.0,4.0,0.0,7.53,400,0.0,1,0.0,2,At-Risk Customers
CUST106032,0.0,0,0.0,1.0,0.0,3.46,400,12.37,1,0.0,2,At-Risk Customers
CUST106033,2625.38,1,2625.38,6.0,3.0,6.75,84,3491.28,1,1.0,1,Loyal Customers
CUST106034,2314.15,1,2314.15,4.0,0.0,1.61,256,2825.91,1,1.0,0,Potential Customers
CUST106035,0.0,0,0.0,4.0,3.0,6.06,400,48.86,1,1.0,1,Loyal Customers
CUST106036,1055.23,1,1055.23,3.0,0.0,16.7,106,1299.28,1,1.0,0,Potential Customers
CUST106037,3456.04,3,1152.0133333333333,2.0,0.0,5.99,270,5222.86,1,0.0,0,Potential Customers
CUST106038,5771.51,3,1923.8366666666668,3.0,0.0,2.63,13,6991.39,1,0.0,3,High Value Customers
CUST106039,5551.72,2,2775.86,4.0,3.0,8.9,220,6961.6,1,0.0,1,Loyal Customers
CUST106040,2710.23,1,2710.23,2.0,3.0,2.47,286,3680.69,1,0.0,1,Loyal Customers
CUST106041,2547.15,1,2547.15,4.0,0.0,5.58,298,3708.32,1,0.0,0,Potential Customers
CUST106042,0.0,0,0.0,2.0,0.0,19.18,400,27.07,1,0.0,2,At-Risk Customers
CUST106043,1384.08,1,1384.08,1.0,0.0,2.66,248,2219.2,1,0.0,0,Potential Customers
CUST106044,0.0,0,0.0,2.0,0.0,5.7,400,94.7,1,0.0,2,At-Risk Customers
CUST106045,7900.35,2,3950.175,6.0,0.0,16.21,137,9701.18,1,0.0,3,High Value Customers
CUST106046,1093.94,3,364.6466666666667,2.0,0.0,7.93,251,2289.56,1,0.0,0,Potential Customers
CUST106047,1921.31,1,1921.31,2.0,0.0,4.02,261,2577.29,1,0.0,0,Potential Customers
CUST106048,6375.31,3,2125.1033333333335,0.0,0.0,1.01,341,7697.94,1,0.0,3,High Value Customers
CUST106049,11589.14840000001,5,2317.8296800000016,1.0,0.0,2.03,257,18525.21,1,0.0,3,High Value Customers
CUST106050,0.0,0,0.0,2.0,0.0,7.31,400,52.36,1,0.0,2,At-Risk Customers
CUST106051,968.94,2,484.47,2.0,1.0,3.21,127,2159.53,1,1.0,0,Potential Customers
CUST106052,1291.4,1,1291.4,0.0,0.0,2.82,234,1397.66,1,0.0,0,Potential Customers
CUST106053,4859.24,3,1619.7466666666667,5.0,0.0,9.08,10,6122.86,1,0.0,3,High Value Customers
CUST106054,0.0,0,0.0,3.0,0.0,6.33,400,100.79,1,0.0,2,At-Risk Customers
CUST106055,2523.14,1,2523.14,1.0,0.0,2.24,96,3293.2,1,0.0,0,Potential Customers
CUST106056,6008.49,2,3004.245,4.0,0.0,6.79,3,8716.79,1,0.0,3,High Value Customers
CUST106057,1234.07,1,1234.07,1.0,0.0,2.03,27,1498.32,1,0.0,0,Potential Customers
CUST106058,1445.22,1,1445.22,2.0,0.0,1.31,154,2193.25,1,0.0,0,Potential Customers
CUST106059,0.0,0,0.0,2.0,0.0,4.96,400,0.0,1,0.0,2,At-Risk Customers
CUST106060,2028.68,1,2028.68,0.0,0.0,1.67,165,2589.9,1,0.0,0,Potential Customers
CUST106061,1660.17,1,1660.17,0.0,0.0,1.65,12,2192.72,1,0.0,0,Potential Customers
CUST106062,4533.58,3,1511.1933333333334,2.0,0.0,1.94,129,6730.13,1,0.0,3,High Value Customers
CUST106063,2103.09,1,2103.09,1.0,0.0,4.44,173,2572.29,1,0.0,0,Potential Customers
CUST106064,3204.07,1,3204.07,3.0,0.0,6.85,136,4205.07,1,0.0,0,Potential Customers
CUST106065,618.06,2,309.03,4.0,0.0,3.22,124,1317.37,1,0.0,0,Potential Customers
CUST106066,1764.89,1,1764.89,1.0,0.0,1.7,177,2482.95,1,0.0,0,Potential Customers
CUST106067,2155.17,1,2155.17,2.0,2.0,1.79,181,2627.9,1,0.0,1,Loyal Customers
CUST106068,11589.14840000001,5,2317.8296800000016,3.0,0.0,1.33,355,21216.24,1,0.0,3,High Value Customers
CUST106069,0.0,0,0.0,1.0,0.0,6.51,400,27.84,1,0.0,2,At-Risk Customers
CUST106070,3831.56,1,3831.56,0.0,0.0,2.09,261,5369.25,1,0.0,0,Potential Customers
CUST106071,8373.17,3,2791.056666666667,4.0,0.0,4.61,168,9901.48,1,1.0,3,High Value Customers
CUST106072,2774.36,1,2774.36,4.0,0.0,1.11,33,3902.17,1,0.0,0,Potential Customers
CUST106073,0.0,0,0.0,4.0,0.0,9.57,400,0.0,1,0.0,2,At-Risk Customers
CUST106074,798.14,1,798.14,2.0,1.0,3.9,188,931.08,1,1.0,0,Potential Customers
CUST106075,0.0,0,0.0,2.0,0.0,1.31,400,0.0,1,0.0,2,At-Risk Customers
CUST106076,1474.53,2,737.265,0.0,0.0,2.57,221,2238.41,1,0.0,0,Potential Customers
CUST106077,2967.88,1,2967.88,2.0,0.0,4.46,362,3477.58,1,0.0,0,Potential Customers
CUST106078,0.0,0,0.0,1.0,0.0,2.11,400,0.0,1,0.0,2,At-Risk Customers
CUST106079,0.0,0,0.0,4.0,0.0,5.06,400,40.1,1,0.0,2,At-Risk Customers
CUST106080,2124.95,1,2124.95,1.0,0.0,9.61,16,2466.48,1,0.0,0,Potential Customers
CUST106081,0.0,0,0.0,2.0,0.0,7.44,400,14.3,1,0.0,2,At-Risk Customers
CUST106082,4041.99,3,1347.33,2.0,0.0,3.86,224,5911.53,1,0.0,3,High Value Customers
CUST106083,6107.33,2,3053.665,4.0,0.0,10.66,120,6872.66,1,0.0,3,High Value Customers
CUST106084,0.0,0,0.0,2.0,0.0,4.5,400,39.46,1,0.0,2,At-Risk Customers
CUST106085,0.0,0,0.0,6.0,0.0,3.59,400,0.0,1,0.0,2,At-Risk Customers
CUST106086,4097.06,3,1365.6866666666667,2.0,0.0,3.66,8,5826.41,1,0.0,3,High Value Customers
CUST106087,2493.51,2,1246.755,3.0,0.0,4.17,237,3921.83,1,0.0,0,Potential Customers
CUST106088,5656.77,3,1885.5900000000001,6.0,0.0,5.31,76,8363.18,1,0.0,3,High Value Customers
CUST106089,0.0,0,0.0,1.0,0.0,2.09,400,0.0,1,0.0,2,At-Risk Customers
CUST106090,0.0,0,0.0,2.0,0.0,8.66,400,6.39,1,0.0,2,At-Risk Customers
CUST106091,2676.01,2,1338.005,3.0,0.0,9.71,22,3434.69,1,0.0,0,Potential Customers
CUST106092,2780.86,2,1390.43,2.0,0.0,22.09,84,3828.6,1,0.0,0,Potential Customers
CUST106093,0.0,0,0.0,0.0,0.0,1.18,400,87.91,1,1.0,2,At-Risk Customers
CUST106094,11589.14840000001,4,2897.2871000000023,2.0,0.0,4.01,63,16597.62,1,0.0,3,High Value Customers
CUST106095,0.0,0,0.0,1.0,0.0,2.24,400,0.0,1,0.0,2,At-Risk Customers
CUST106096,0.0,0,0.0,4.0,3.0,6.17,400,11.86,1,1.0,1,Loyal Customers
CUST106097,5873.66,2,2936.83,4.0,3.0,9.23,141,7019.59,1,1.0,1,Loyal Customers
CUST106098,0.0,0,0.0,3.0,0.0,4.04,400,119.37,1,0.0,2,At-Risk Customers
CUST106099,7288.96,3,2429.653333333333,2.0,0.0,3.17,40,9831.04,1,1.0,3,High Value Customers
CUST106100,0.0,0,0.0,2.0,0.0,2.81,400,0.0,1,0.0,2,At-Risk Customers
CUST106101,1166.24,2,583.12,2.0,0.0,3.45,59,1981.73,1,0.0,0,Potential Customers
CUST106102,1651.34,1,1651.34,1.0,3.0,5.14,127,2390.07,1,0.0,1,Loyal Customers
CUST106103,8404.62,3,2801.5400000000004,4.0,0.0,5.11,167,12180.98,1,1.0,3,High Value Customers
CUST106104,489.84,1,489.84,3.0,0.0,11.26,114,892.87,1,0.0,0,Potential Customers
CUST106105,0.0,0,0.0,2.0,0.0,3.54,400,177.49,1,0.0,2,At-Risk Customers
CUST106106,1092.56,1,1092.56,3.0,0.0,7.51,219,1591.86,1,0.0,0,Potential Customers
CUST106107,4091.8,2,2045.9,3.0,0.0,2.13,112,5180.76,1,0.0,0,Potential Customers
CUST106108,1511.75,1,1511.75,1.0,0.0,1.64,79,2276.06,1,1.0,0,Potential Customers
CUST106109,6797.3,4,1699.325,2.0,0.0,8.07,185,10258.84,1,0.0,3,High Value Customers
CUST106110,3695.68,3,1231.8933333333332,1.0,0.0,5.34,167,5692.26,1,0.0,0,Potential Customers
CUST106111,2547.49,1,2547.49,3.0,0.0,2.78,116,3031.98,1,0.0,0,Potential Customers
CUST106112,11589.14840000001,4,2897.2871000000023,1.0,0.0,2.11,284,14645.86,1,0.0,3,High Value Customers
CUST106113,2694.71,2,1347.355,1.0,0.0,2.89,188,4026.39,1,0.0,0,Potential Customers
CUST106114,4565.43,2,2282.715,0.0,0.0,4.69,141,6142.59,1,0.0,3,High Value Customers
CUST106115,0.0,0,0.0,1.0,0.0,4.5,400,0.0,1,0.0,2,At-Risk Customers
CUST106116,3331.38,2,1665.69,2.0,0.0,1.46,40,4188.56,1,0.0,0,Potential Customers
CUST106117,6347.3,3,2115.766666666667,2.0,0.0,1.66,357,9280.62,1,0.0,3,High Value Customers
CUST106118,0.0,0,0.0,3.0,0.0,4.44,400,69.47,1,0.0,2,At-Risk Customers
CUST106119,549.36,2,274.68,2.0,0.0,6.08,97,959.09,1,0.0,0,Potential Customers
CUST106120,8970.97,4,2242.7425,0.0,0.0,2.33,362,12088.36,1,0.0,3,High Value Customers
CUST106121,6678.43,3,2226.1433333333334,1.0,0.0,1.5,155,9308.88,1,0.0,3,High Value Customers
CUST106122,1141.87,4,285.4675,2.0,0.0,4.14,364,2435.11,1,0.0,0,Potential Customers
CUST106123,0.0,0,0.0,1.0,0.0,0.86,400,48.81,1,0.0,2,At-Risk Customers
CUST106124,4338.84,2,2169.42,5.0,0.0,3.09,159,5455.29,1,0.0,0,Potential Customers
CUST106125,1733.36,1,1733.36,2.0,0.0,6.14,139,2124.78,1,0.0,0,Potential Customers
CUST106126,1217.34,1,1217.34,2.0,0.0,3.41,42,2006.85,1,0.0,0,Potential Customers
CUST106127,2791.07,2,1395.535,1.0,0.0,1.35,61,3962.17,1,0.0,0,Potential Customers
CUST106128,1132.15,1,1132.15,1.0,0.0,11.64,222,1549.6,1,0.0,0,Potential Customers
CUST106129,1014.44,1,1014.44,1.0,0.0,4.07,304,1431.57,1,0.0,0,Potential Customers
CUST106130,0.0,0,0.0,2.0,0.0,4.69,400,117.05,1,0.0,2,At-Risk Customers
CUST106131,626.18,1,626.18,4.0,0.0,7.5,344,694.63,1,0.0,2,At-Risk Customers
CUST106132,6443.55,3,2147.85,2.0,0.0,3.57,8,9214.03,1,1.0,3,High Value Customers
CUST106133,2549.77,2,1274.885,3.0,0.0,3.34,116,3321.55,1,0.0,0,Potential Customers
CUST106134,2013.05,1,2013.05,4.0,0.0,9.57,356,2647.87,1,0.0,0,Potential Customers
CUST106135,4103.05,2,2051.525,1.0,0.0,2.29,200,5225.32,1,0.0,0,Potential Customers
CUST106136,5189.36,2,2594.68,3.0,0.0,7.69,9,7175.43,1,0.0,3,High Value Customers
CUST106137,4215.51,2,2107.755,1.0,0.0,1.84,332,6124.68,1,0.0,0,Potential Customers
CUST106138,0.0,0,0.0,2.0,0.0,2.44,400,12.11,1,0.0,2,At-Risk Customers
CUST106139,0.0,0,0.0,1.0,0.0,4.97,400,0.0,1,0.0,2,At-Risk Customers
CUST106140,2150.93,2,1075.465,3.0,0.0,11.02,356,2943.31,1,0.0,0,Potential Customers
CUST106141,1950.28,1,1950.28,1.0,0.0,4.5,94,2990.67,1,0.0,0,Potential Customers
CUST106142,912.68,1,912.68,2.0,0.0,1.52,254,1416.9,1,0.0,0,Potential Customers
CUST106143,2795.17,1,2795.17,2.0,0.0,6.67,147,3864.22,1,0.0,0,Potential Customers
CUST106144,304.49,1,304.49,0.0,0.0,2.33,180,467.52,1,0.0,0,Potential Customers
CUST106145,1201.0,1,1201.0,4.0,0.0,6.32,282,1889.29,1,0.0,0,Potential Customers
CUST106146,2471.03,3,823.6766666666667,4.0,0.0,4.96,80,3948.35,1,0.0,0,Potential Customers
CUST106147,1565.47,2,782.735,0.0,2.0,1.42,176,2562.67,1,1.0,1,Loyal Customers
CUST106148,3501.7,1,3501.7,1.0,1.0,5.22,9,4456.05,1,0.0,0,Potential Customers
CUST106149,5148.2,2,2574.1,3.0,0.0,1.71,263,7015.62,1,0.0,3,High Value Customers
CUST106150,2670.27,1,2670.27,4.0,0.0,10.45,230,3594.93,1,0.0,0,Potential Customers
CUST106151,2745.41,1,2745.41,1.0,0.0,1.35,343,3709.15,1,0.0,0,Potential Customers
CUST106152,6015.98,3,2005.3266666666666,1.0,0.0,3.63,346,7582.86,1,0.0,3,High Value Customers
CUST106153,5150.82,2,2575.41,1.0,0.0,2.09,34,6326.39,1,0.0,3,High Value Customers
CUST106154,1335.13,2,667.565,4.0,0.0,10.89,227,2474.17,1,1.0,0,Potential Customers
CUST106155,1651.81,1,1651.81,5.0,0.0,1.37,301,2043.22,1,0.0,0,Potential Customers
CUST106156,4394.07,2,2197.035,6.0,3.0,20.73,20,5991.26,1,1.0,1,Loyal Customers
CUST106157,298.13,1,298.13,1.0,0.0,3.15,295,356.65,1,0.0,2,At-Risk Customers
CUST106158,5539.13,2,2769.565,3.0,0.0,2.73,332,7626.95,1,0.0,3,High Value Customers
CUST106159,1706.04,1,1706.04,2.0,0.0,6.96,95,2625.14,1,0.0,0,Potential Customers
CUST106160,0.0,0,0.0,2.0,0.0,3.96,400,113.47,1,0.0,2,At-Risk Customers
CUST106161,11589.14840000001,4,2897.2871000000023,0.0,0.0,2.24,96,19829.97,1,1.0,3,High Value Customers
CUST106162,2226.02,1,2226.02,0.0,0.0,2.38,83,2814.87,1,0.0,0,Potential Customers
CUST106163,3638.98,2,1819.49,0.0,0.0,2.86,314,4860.5,1,0.0,0,Potential Customers
CUST106164,11589.14840000001,5,2317.8296800000016,3.0,0.0,2.5,163,15329.43,1,0.0,3,High Value Customers
CUST106165,5478.96,3,1826.32,3.0,0.0,7.15,143,8418.96,1,0.0,3,High Value Customers
CUST106166,3077.16,3,1025.72,0.0,0.0,4.31,139,4296.48,1,0.0,0,Potential Customers
CUST106167,825.15,1,825.15,1.0,0.0,5.61,274,1306.59,1,0.0,0,Potential Customers
CUST106168,4838.53,3,1612.8433333333332,2.0,0.0,3.03,53,6557.26,1,1.0,3,High Value Customers
CUST106169,11589.14840000001,5,2317.8296800000016,3.0,0.0,6.37,243,18943.5,1,0.0,3,High Value Customers
CUST106170,2084.47,1,2084.47,1.0,0.0,2.5,294,2849.82,1,0.0,0,Potential Customers
CUST106171,2976.12,3,992.04,4.0,0.0,2.13,230,4067.17,1,0.0,0,Potential Customers
CUST106172,326.94,1,326.94,2.0,0.0,2.84,31,676.02,1,0.0,0,Potential Customers
CUST106173,1225.32,1,1225.32,2.0,0.0,10.99,112,1542.55,1,0.0,0,Potential Customers
CUST106174,3962.75,2,1981.375,5.0,0.0,2.71,156,5440.23,1,0.0,0,Potential Customers
CUST106175,0.0,0,0.0,2.0,0.0,2.8,400,0.0,1,0.0,2,At-Risk Customers
CUST106176,1651.4,1,1651.4,3.0,0.0,4.73,357,1855.44,1,1.0,0,Potential Customers
CUST106177,7569.91,4,1892.4775,2.0,0.0,3.7,93,10090.16,1,0.0,3,High Value Customers
CUST106178,0.0,0,0.0,3.0,0.0,1.89,400,116.39,1,0.0,2,At-Risk Customers
CUST106179,2836.53,2,1418.265,1.0,3.0,1.77,265,4380.35,1,0.0,1,Loyal Customers
CUST106180,5531.55,2,2765.775,5.0,0.0,6.85,131,7515.89,1,1.0,3,High Value Customers
CUST106181,863.83,1,863.83,2.0,2.0,1.76,163,1471.02,1,1.0,1,Loyal Customers
CUST106182,0.0,0,0.0,2.0,0.0,7.53,400,93.87,1,0.0,2,At-Risk Customers
CUST106183,2150.53,1,2150.53,2.0,0.0,2.92,350,3115.68,1,0.0,0,Potential Customers
CUST106184,1901.49,1,1901.49,2.0,0.0,0.8,170,2445.26,1,0.0,0,Potential Customers
CUST106185,2031.82,1,2031.82,2.0,0.0,6.38,294,2846.06,1,0.0,0,Potential Customers
CUST106186,0.0,0,0.0,2.0,0.0,7.11,400,7.49,1,0.0,2,At-Risk Customers
CUST106187,3168.84,2,1584.42,3.0,0.0,6.1,159,4750.61,1,0.0,0,Potential Customers
CUST106188,5806.55,3,1935.5166666666667,7.0,0.0,2.93,221,7897.41,1,0.0,3,High Value Customers
CUST106189,3893.91,2,1946.955,2.0,0.0,3.16,363,5281.7,1,0.0,0,Potential Customers
CUST106190,4288.73,2,2144.365,2.0,0.0,2.95,243,5920.44,1,0.0,0,Potential Customers
CUST106191,4269.58,2,2134.79,2.0,0.0,2.45,14,5462.44,1,0.0,0,Potential Customers
CUST106192,956.78,1,956.78,2.0,0.0,4.94,72,1621.66,1,0.0,0,Potential Customers
CUST106193,2861.47,1,2861.47,1.0,0.0,3.51,278,3118.0,1,0.0,0,Potential Customers
CUST106194,1699.48,1,1699.48,1.0,0.0,4.02,116,2586.55,1,0.0,0,Potential Customers
CUST106195,0.0,0,0.0,5.0,0.0,2.46,400,0.0,1,0.0,2,At-Risk Customers
CUST106196,0.0,0,0.0,5.0,0.0,4.5,400,0.0,1,1.0,2,At-Risk Customers
CUST106197,1917.17,1,1917.17,4.0,0.0,9.85,287,2720.73,1,0.0,0,Potential Customers
CUST106198,0.0,0,0.0,1.0,0.0,4.41,400,37.11,1,0.0,2,At-Risk Customers
CUST106199,4268.07,2,2134.035,1.0,0.0,1.57,252,5341.12,1,0.0,0,Potential Customers
CUST106200,0.0,0,0.0,5.0,0.0,3.99,400,0.0,1,0.0,2,At-Risk Customers
CUST106201,6317.12,2,3158.56,2.0,0.0,5.68,334,7147.01,1,1.0,3,High Value Customers
CUST106202,0.0,0,0.0,3.0,2.0,6.66,400,0.0,1,1.0,1,Loyal Customers
CUST106203,1469.48,1,1469.48,3.0,0.0,5.82,176,1573.94,1,0.0,0,Potential Customers
CUST106204,0.0,0,0.0,2.0,0.0,4.45,400,0.0,1,0.0,2,At-Risk Customers
CUST106205,2760.43,1,2760.43,8.0,0.0,23.312000000000044,236,3373.76,1,0.0,0,Potential Customers
CUST106206,0.0,0,0.0,2.0,0.0,1.76,400,0.0,1,0.0,2,At-Risk Customers
CUST106207,0.0,0,0.0,3.0,0.0,11.51,400,0.0,1,0.0,2,At-Risk Customers
CUST106208,0.0,0,0.0,3.0,0.0,5.97,400,0.0,1,0.0,2,At-Risk Customers
CUST106209,392.43,1,392.43,5.0,0.0,20.2,275,574.45,1,0.0,2,At-Risk Customers
CUST106210,1867.31,1,1867.31,4.0,0.0,1.47,191,2747.15,1,0.0,0,Potential Customers
CUST106211,5908.72,3,1969.5733333333335,8.0,1.0,11.89,21,6864.96,1,1.0,3,High Value Customers
CUST106212,0.0,0,0.0,8.0,0.0,12.76,400,0.0,1,0.0,2,At-Risk Customers
CUST106213,0.0,0,0.0,3.0,0.0,3.63,400,0.0,1,0.0,2,At-Risk Customers
CUST106214,0.0,0,0.0,2.0,0.0,2.24,400,0.0,1,0.0,2,At-Risk Customers
CUST106215,2250.55,1,2250.55,6.0,1.0,17.92,77,2619.7,1,1.0,0,Potential Customers
CUST106216,0.0,0,0.0,4.0,0.0,2.28,400,104.64,1,0.0,2,At-Risk Customers
CUST106217,1855.19,1,1855.19,4.0,0.0,8.44,179,2579.46,1,0.0,0,Potential Customers
CUST106218,7607.15,2,3803.575,2.0,0.0,11.55,37,9679.79,1,1.0,3,High Value Customers
CUST106219,5164.92,2,2582.46,1.0,0.0,3.62,157,6999.48,1,0.0,3,High Value Customers
CUST106220,1734.61,1,1734.61,1.0,0.0,3.61,150,2316.88,1,0.0,0,Potential Customers
CUST106221,1296.74,2,648.37,3.0,0.0,13.95,16,2251.28,1,0.0,0,Potential Customers
CUST106222,0.0,0,0.0,2.0,0.0,3.27,400,157.85,1,0.0,2,At-Risk Customers
CUST106223,1174.64,1,1174.64,2.0,0.0,2.74,56,1626.58,1,0.0,0,Potential Customers
CUST106224,3182.22,2,1591.11,4.0,0.0,0.76,89,4367.73,1,0.0,0,Potential Customers
CUST106225,6931.93,4,1732.9825,2.0,3.0,8.89,76,9336.72,1,1.0,1,Loyal Customers
CUST106226,9088.15,3,3029.383333333333,1.0,0.0,3.12,31,12666.65,1,0.0,3,High Value Customers
CUST106227,0.0,0,0.0,2.0,0.0,7.01,400,128.35,1,0.0,2,At-Risk Customers
CUST106228,3237.09,1,3237.09,2.0,0.0,3.66,288,3648.52,1,1.0,0,Potential Customers
CUST106229,4160.37,2,2080.185,5.0,0.0,10.33,93,5968.09,1,0.0,0,Potential Customers
CUST106230,0.0,0,0.0,2.0,2.0,10.62,400,121.11,1,0.0,1,Loyal Customers
CUST106231,2729.16,1,2729.16,0.0,0.0,2.02,66,3241.51,1,0.0,0,Potential Customers
CUST106232,0.0,0,0.0,0.0,0.0,2.93,400,7.92,1,0.0,2,At-Risk Customers
CUST106233,0.0,0,0.0,3.0,0.0,6.09,400,85.8,1,0.0,2,At-Risk Customers
CUST106234,1750.61,1,1750.61,3.0,3.0,10.86,142,2193.32,1,0.0,1,Loyal Customers
CUST106235,0.0,0,0.0,2.0,0.0,4.39,400,186.43,1,0.0,2,At-Risk Customers
CUST106236,0.0,0,0.0,2.0,3.0,4.71,400,0.0,1,0.0,1,Loyal Customers
CUST106237,0.0,0,0.0,0.0,0.0,5.18,400,0.0,1,0.0,2,At-Risk Customers
CUST106238,2846.84,2,1423.42,1.0,0.0,2.2,340,3877.03,1,0.0,0,Potential Customers
CUST106239,2682.96,1,2682.96,0.0,0.0,2.95,189,3549.28,1,0.0,0,Potential Customers
CUST106240,1758.28,1,1758.28,3.0,2.0,3.56,202,2154.39,1,0.0,1,Loyal Customers
CUST106241,959.02,2,479.51,2.0,0.0,8.17,142,1895.94,1,1.0,0,Potential Customers
CUST106242,7013.77,5,1402.7540000000001,3.0,0.0,14.25,182,9470.9,1,1.0,3,High Value Customers
CUST106243,1455.4,1,1455.4,3.0,0.0,2.14,246,1717.94,1,0.0,0,Potential Customers
CUST106244,1457.52,1,1457.52,3.0,0.0,6.72,158,2082.87,1,0.0,0,Potential Customers
CUST106245,945.93,3,315.31,0.0,0.0,4.72,268,1485.28,1,1.0,0,Potential Customers
CUST106246,2885.01,2,1442.505,1.0,0.0,2.85,28,4095.53,1,0.0,0,Potential Customers
CUST106247,504.97,1,504.97,3.0,0.0,2.07,187,827.65,1,0.0,0,Potential Customers
CUST106248,1336.78,1,1336.78,2.0,2.0,4.76,253,1731.42,1,0.0,1,Loyal Customers
CUST106249,2691.21,1,2691.21,0.0,0.0,2.69,175,3327.46,1,0.0,0,Potential Customers
CUST106250,3331.64,1,3331.64,1.0,0.0,5.27,170,4289.52,1,0.0,0,Potential Customers
CUST106251,1518.15,1,1518.15,1.0,0.0,2.01,7,2246.93,1,0.0,0,Potential Customers
CUST106252,3663.48,2,1831.74,2.0,0.0,1.87,48,5269.26,1,0.0,0,Potential Customers
CUST106253,2308.6,1,2308.6,1.0,0.0,8.61,208,3176.3,1,0.0,0,Potential Customers
CUST106254,0.0,0,0.0,3.0,0.0,4.65,400,88.48,1,0.0,2,At-Risk Customers
CUST106255,6372.33,2,3186.165,1.0,0.0,4.57,285,8082.39,1,0.0,3,High Value Customers
CUST106256,623.31,1,623.31,4.0,0.0,2.85,235,1097.44,1,0.0,0,Potential Customers
CUST106257,0.0,0,0.0,2.0,0.0,6.9,400,0.0,1,0.0,2,At-Risk Customers
CUST106258,0.0,0,0.0,4.0,0.0,3.57,400,38.73,1,1.0,2,At-Risk Customers
CUST106259,0.0,0,0.0,2.0,0.0,6.99,400,0.0,1,0.0,2,At-Risk Customers
CUST106260,902.74,3,300.91333333333336,1.0,0.0,2.95,201,1439.04,1,0.0,0,Potential Customers
CUST106261,5490.39,2,2745.195,1.0,0.0,1.93,300,6366.67,1,0.0,3,High Value Customers
CUST106262,5212.83,2,2606.415,3.0,0.0,2.44,65,6855.16,1,0.0,3,High Value Customers
CUST106263,2536.0,1,2536.0,2.0,0.0,5.45,102,3468.32,1,1.0,0,Potential Customers
CUST106264,0.0,0,0.0,4.0,0.0,2.03,400,0.0,1,0.0,2,At-Risk Customers
CUST106265,0.0,0,0.0,3.0,0.0,14.41,400,127.78,1,0.0,2,At-Risk Customers
CUST106266,689.08,2,344.54,0.0,0.0,1.56,161,1580.4,1,0.0,0,Potential Customers
CUST106267,0.0,0,0.0,1.0,0.0,3.65,400,0.0,1,1.0,2,At-Risk Customers
CUST106268,0.0,0,0.0,2.0,0.0,9.33,400,24.71,1,0.0,2,At-Risk Customers
CUST106269,0.0,0,0.0,2.0,0.0,4.95,400,87.4,1,0.0,2,At-Risk Customers
CUST106270,0.0,0,0.0,2.0,0.0,3.17,400,0.0,1,0.0,2,At-Risk Customers
CUST106271,0.0,0,0.0,2.0,0.0,9.07,400,109.64,1,0.0,2,At-Risk Customers
CUST106272,1876.83,1,1876.83,2.0,0.0,2.12,222,2652.31,1,0.0,0,Potential Customers
CUST106273,5181.58,2,2590.79,2.0,0.0,3.31,348,7098.3,1,0.0,3,High Value Customers
CUST106274,2760.11,4,690.0275,2.0,0.0,1.31,219,4309.52,1,1.0,0,Potential Customers
CUST106275,2077.7,1,2077.7,4.0,0.0,7.53,219,2658.34,1,0.0,0,Potential Customers
CUST106276,0.0,0,0.0,2.0,0.0,6.0,400,0.0,1,0.0,2,At-Risk Customers
CUST106277,0.0,0,0.0,2.0,0.0,6.01,400,0.0,1,0.0,2,At-Risk Customers
CUST106278,0.0,0,0.0,3.0,0.0,4.02,400,38.04,1,0.0,2,At-Risk Customers
CUST106279,1435.42,1,1435.42,2.0,0.0,4.29,260,1842.58,1,0.0,0,Potential Customers
CUST106280,0.0,0,0.0,3.0,3.0,4.37,400,189.53,1,1.0,1,Loyal Customers
CUST106281,2675.93,2,1337.965,5.0,0.0,5.02,165,4069.96,1,0.0,0,Potential Customers
CUST106282,9462.16,4,2365.54,1.0,2.0,4.44,14,13130.14,1,0.0,3,High Value Customers
CUST106283,617.45,2,308.725,2.0,0.0,2.11,118,1164.83,1,0.0,0,Potential Customers
CUST106284,1778.36,3,592.7866666666666,1.0,0.0,0.83,339,2706.17,1,0.0,0,Potential Customers
CUST106285,6078.43,3,2026.1433333333334,6.0,0.0,17.49,313,8375.77,1,0.0,3,High Value Customers
CUST106286,2816.8,2,1408.4,1.0,0.0,2.58,355,3807.21,1,0.0,0,Potential Customers
CUST106287,0.0,0,0.0,1.0,0.0,3.59,400,0.0,1,0.0,2,At-Risk Customers
CUST106288,3032.49,1,3032.49,4.0,0.0,8.84,149,4085.4,1,0.0,0,Potential Customers
CUST106289,1423.21,3,474.40333333333336,1.0,0.0,5.13,143,2325.19,1,0.0,0,Potential Customers
CUST106290,1189.67,1,1189.67,0.0,0.0,1.49,265,1706.32,1,0.0,0,Potential Customers
CUST106291,2795.47,1,2795.47,2.0,0.0,1.79,51,3928.93,1,0.0,0,Potential Customers
CUST106292,0.0,0,0.0,2.0,0.0,4.02,400,45.17,1,0.0,2,At-Risk Customers
CUST106293,4383.16,3,1461.0533333333333,3.0,0.0,6.16,118,6182.93,1,0.0,3,High Value Customers
CUST106294,955.34,1,955.34,0.0,0.0,2.83,235,1615.04,1,0.0,0,Potential Customers
CUST106295,1975.72,3,658.5733333333334,3.0,0.0,3.94,70,3181.32,1,0.0,0,Potential Customers
CUST106296,1244.09,1,1244.09,3.0,0.0,4.17,85,2030.35,1,0.0,0,Potential Customers
CUST106297,0.0,0,0.0,1.0,0.0,4.82,400,66.63,1,0.0,2,At-Risk Customers
CUST106298,4361.86,2,2180.93,0.0,0.0,5.44,164,5570.48,1,0.0,0,Potential Customers
CUST106299,0.0,0,0.0,3.0,0.0,3.09,400,140.62,1,0.0,2,At-Risk Customers
CUST106300,1586.42,1,1586.42,2.0,0.0,6.62,4,2343.35,1,1.0,0,Potential Customers
CUST106301,0.0,0,0.0,2.0,0.0,6.15,400,156.59,1,0.0,2,At-Risk Customers
CUST106302,0.0,0,0.0,4.0,0.0,7.47,400,0.0,1,1.0,2,At-Risk Customers
CUST106303,2363.53,2,1181.765,4.0,0.0,23.312000000000044,135,3583.24,1,0.0,0,Potential Customers
CUST106304,2144.38,2,1072.19,2.0,0.0,6.83,332,3257.47,1,0.0,0,Potential Customers
CUST106305,4170.76,5,834.152,3.0,0.0,2.95,190,6133.53,1,0.0,3,High Value Customers
CUST106306,0.0,0,0.0,0.0,0.0,3.72,400,0.0,1,0.0,2,At-Risk Customers
CUST106307,2734.99,1,2734.99,2.0,0.0,2.23,142,3432.06,1,0.0,0,Potential Customers
CUST106308,274.18,1,274.18,6.0,0.0,4.67,257,750.37,1,1.0,2,At-Risk Customers
CUST106309,0.0,0,0.0,2.0,0.0,2.31,400,0.0,1,0.0,2,At-Risk Customers
CUST106310,0.0,0,0.0,5.0,0.0,5.63,400,92.04,1,0.0,2,At-Risk Customers
CUST106311,10280.95,3,3426.9833333333336,4.0,0.0,9.39,323,13234.47,1,1.0,3,High Value Customers
CUST106312,272.34,1,272.34,2.0,0.0,4.05,254,656.11,1,0.0,2,At-Risk Customers
CUST106313,3542.37,2,1771.185,4.0,0.0,4.02,59,5304.49,1,0.0,0,Potential Customers
CUST106314,0.0,0,0.0,2.0,0.0,5.73,400,126.61,1,0.0,2,At-Risk Customers
CUST106315,4511.64,2,2255.82,2.0,0.0,8.35,91,6296.31,1,0.0,3,High Value Customers
CUST106316,1144.85,1,1144.85,1.0,0.0,2.4,129,1593.19,1,0.0,0,Potential Customers
CUST106317,1826.97,1,1826.97,7.0,0.0,4.4,308,2498.2,1,0.0,0,Potential Customers
CUST106318,1196.2,1,1196.2,3.0,0.0,5.05,163,1556.38,1,0.0,0,Potential Customers
CUST106319,3156.09,2,1578.045,2.0,0.0,3.34,270,4248.62,1,0.0,0,Potential Customers
CUST106320,4919.4,2,2459.7,2.0,0.0,5.81,59,6107.15,1,1.0,3,High Value Customers
CUST106321,1527.03,1,1527.03,1.0,0.0,1.29,319,1639.64,1,0.0,0,Potential Customers
CUST106322,4707.05,2,2353.525,2.0,0.0,5.16,42,6406.27,1,1.0,3,High Value Customers
CUST106323,1460.45,3,486.81666666666666,4.0,0.0,14.23,254,2690.76,1,1.0,0,Potential Customers
CUST106324,1630.64,1,1630.64,2.0,0.0,6.0,37,2457.83,1,0.0,0,Potential Customers
CUST106325,4580.9,3,1526.9666666666665,2.0,0.0,4.17,240,6539.31,1,0.0,3,High Value Customers
CUST106326,6727.61,3,2242.5366666666664,1.0,0.0,1.73,323,8252.88,1,0.0,3,High Value Customers
CUST106327,3064.32,1,3064.32,4.0,0.0,3.19,182,4214.22,1,0.0,0,Potential Customers
CUST106328,4130.64,1,4130.64,3.0,0.0,5.03,49,5573.13,1,0.0,0,Potential Customers
CUST106329,0.0,0,0.0,1.0,0.0,4.33,400,0.0,1,0.0,2,At-Risk Customers
CUST106330,2965.68,1,2965.68,2.0,0.0,1.71,86,3361.31,1,0.0,0,Potential Customers
CUST106331,0.0,0,0.0,1.0,0.0,4.83,400,65.92,1,0.0,2,At-Risk Customers
CUST106332,1405.75,1,1405.75,1.0,0.0,2.23,39,1589.31,1,0.0,0,Potential Customers
CUST106333,1689.39,1,1689.39,3.0,0.0,2.71,83,1937.8,1,0.0,0,Potential Customers
CUST106334,0.0,0,0.0,1.0,0.0,7.6,400,0.0,1,1.0,2,At-Risk Customers
CUST106335,2443.44,1,2443.44,2.0,0.0,3.43,143,3407.71,1,0.0,0,Potential Customers
CUST106336,2224.15,1,2224.15,4.0,0.0,2.58,126,2886.45,1,0.0,0,Potential Customers
CUST106337,0.0,0,0.0,3.0,0.0,2.04,400,48.74,1,0.0,2,At-Risk Customers
CUST106338,0.0,0,0.0,3.0,0.0,2.46,400,0.0,1,0.0,2,At-Risk Customers
CUST106339,3949.28,2,1974.64,2.0,0.0,2.78,157,5603.35,1,0.0,0,Potential Customers
CUST106340,0.0,0,0.0,2.0,0.0,7.39,400,0.0,1,0.0,2,At-Risk Customers
CUST106341,0.0,0,0.0,3.0,3.0,3.97,400,160.76,1,1.0,1,Loyal Customers
CUST106342,1304.77,2,652.385,3.0,0.0,9.42,133,2194.84,1,1.0,0,Potential Customers
CUST106343,11589.14840000001,4,2897.2871000000023,4.0,0.0,1.79,309,13523.28,1,0.0,3,High Value Customers
CUST106344,934.61,1,934.61,3.0,0.0,10.01,317,1059.46,1,0.0,2,At-Risk Customers
CUST106345,1135.31,1,1135.31,4.0,0.0,3.65,56,1542.49,1,0.0,0,Potential Customers
CUST106346,1779.61,2,889.805,2.0,0.0,3.46,24,2504.67,1,0.0,0,Potential Customers
CUST106347,3824.61,2,1912.305,2.0,0.0,3.43,21,5693.81,1,0.0,0,Potential Customers
CUST106348,3398.34,3,1132.78,5.0,0.0,19.72,38,5111.02,1,1.0,0,Potential Customers
CUST106349,0.0,0,0.0,1.0,0.0,2.9,400,0.0,1,0.0,2,At-Risk Customers
CUST106350,0.0,0,0.0,7.0,0.0,17.28,400,0.0,1,0.0,2,At-Risk Customers
CUST106351,0.0,0,0.0,2.0,0.0,7.42,400,63.03,1,0.0,2,At-Risk Customers
CUST106352,2124.2,1,2124.2,0.0,0.0,1.87,66,2710.27,1,0.0,0,Potential Customers
CUST106353,1786.82,1,1786.82,1.0,0.0,2.07,312,2817.71,1,0.0,0,Potential Customers
CUST106354,0.0,0,0.0,3.0,0.0,4.64,400,0.0,1,0.0,2,At-Risk Customers
CUST106355,0.0,0,0.0,2.0,0.0,4.36,400,0.0,1,0.0,2,At-Risk Customers
CUST106356,0.0,0,0.0,2.0,0.0,3.07,400,110.56,1,0.0,2,At-Risk Customers
CUST106357,2755.05,1,2755.05,1.0,0.0,2.79,284,3578.0,1,0.0,0,Potential Customers
CUST106358,1096.94,1,1096.94,7.0,0.0,11.99,327,1722.04,1,0.0,2,At-Risk Customers
CUST106359,2412.33,1,2412.33,4.0,0.0,4.52,71,2984.34,1,1.0,0,Potential Customers
CUST106360,0.0,0,0.0,2.0,0.0,5.64,400,154.94,1,0.0,2,At-Risk Customers
CUST106361,1006.12,1,1006.12,2.0,0.0,4.4,126,1370.87,1,1.0,0,Potential Customers
CUST106362,0.0,0,0.0,3.0,0.0,4.18,400,0.0,1,0.0,2,At-Risk Customers
CUST106363,0.0,0,0.0,4.0,0.0,18.32,400,0.0,1,0.0,2,At-Risk Customers
CUST106364,0.0,0,0.0,1.0,0.0,6.06,400,0.0,1,0.0,2,At-Risk Customers
CUST106365,1763.07,1,1763.07,8.0,0.0,23.312000000000044,101,2492.91,1,1.0,0,Potential Customers
CUST106366,2456.78,1,2456.78,3.0,0.0,6.99,340,2949.03,1,0.0,0,Potential Customers
CUST106367,1288.07,1,1288.07,3.0,0.0,2.57,86,1987.29,1,0.0,0,Potential Customers
CUST106368,850.64,1,850.64,4.0,0.0,9.69,212,1125.58,1,0.0,0,Potential Customers
CUST106369,2430.58,1,2430.58,1.0,0.0,3.84,304,3079.46,1,1.0,0,Potential Customers
CUST106370,0.0,0,0.0,3.0,0.0,4.02,400,54.49,1,0.0,2,At-Risk Customers
CUST106371,0.0,0,0.0,2.0,0.0,2.53,400,0.0,1,0.0,2,At-Risk Customers
CUST106372,0.0,0,0.0,3.0,0.0,1.34,400,0.0,1,0.0,2,At-Risk Customers
CUST106373,2490.37,1,2490.37,1.0,0.0,4.36,65,3182.18,1,0.0,0,Potential Customers
CUST106374,0.0,0,0.0,3.0,0.0,11.33,400,0.0,1,0.0,2,At-Risk Customers
CUST106375,2165.0,3,721.6666666666666,2.0,0.0,2.61,46,3327.95,1,0.0,0,Potential Customers
CUST106376,1848.38,1,1848.38,1.0,0.0,6.09,207,2003.44,1,0.0,0,Potential Customers
CUST106377,5060.8,3,1686.9333333333334,1.0,0.0,2.53,73,6884.71,1,0.0,3,High Value Customers
CUST106378,5091.24,3,1697.08,6.0,0.0,7.85,278,5989.46,1,1.0,3,High Value Customers
CUST106379,0.0,0,0.0,3.0,0.0,3.14,400,31.73,1,0.0,2,At-Risk Customers
CUST106380,0.0,0,0.0,3.0,0.0,4.89,400,64.03,1,0.0,2,At-Risk Customers
CUST106381,1782.79,1,1782.79,2.0,0.0,3.21,145,2312.47,1,0.0,0,Potential Customers
CUST106382,0.0,0,0.0,5.0,2.0,2.4,400,180.3,1,1.0,1,Loyal Customers
CUST106383,1093.79,1,1093.79,3.0,0.0,1.06,131,1583.51,1,1.0,0,Potential Customers
CUST106384,858.36,2,429.18,0.0,0.0,1.63,70,1940.85,1,0.0,0,Potential Customers
CUST106385,10404.32,5,2080.864,5.0,0.0,3.34,145,14906.09,1,0.0,3,High Value Customers
CUST106386,0.0,0,0.0,1.0,0.0,5.55,400,26.76,1,0.0,2,At-Risk Customers
CUST106387,2007.49,1,2007.49,3.0,0.0,14.85,319,2380.17,1,0.0,0,Potential Customers
CUST106388,4034.9,2,2017.45,0.0,0.0,2.82,195,4850.71,1,1.0,0,Potential Customers
CUST106389,6067.75,2,3033.875,1.0,0.0,2.6,143,8802.51,1,0.0,3,High Value Customers
CUST106390,6540.11,3,2180.0366666666664,5.0,0.0,1.6,53,9096.38,1,0.0,3,High Value Customers
CUST106391,0.0,0,0.0,4.0,2.0,7.38,400,0.0,1,0.0,1,Loyal Customers
CUST106392,0.0,0,0.0,3.0,0.0,6.05,400,0.0,1,0.0,2,At-Risk Customers
CUST106393,5072.91,2,2536.455,1.0,0.0,5.55,330,6617.31,1,0.0,3,High Value Customers
CUST106394,2105.85,1,2105.85,1.0,0.0,5.16,279,2910.57,1,0.0,0,Potential Customers
CUST106395,1499.24,2,749.62,1.0,0.0,3.12,329,2225.97,1,0.0,0,Potential Customers
CUST106396,1526.43,1,1526.43,3.0,0.0,10.5,90,2091.96,1,0.0,0,Potential Customers
CUST106397,0.0,0,0.0,3.0,0.0,2.35,400,0.0,1,0.0,2,At-Risk Customers
CUST106398,807.33,1,807.33,0.0,0.0,2.91,290,1155.01,1,0.0,2,At-Risk Customers
CUST106399,4692.68,3,1564.2266666666667,1.0,0.0,1.99,84,5725.06,1,0.0,3,High Value Customers
CUST106400,0.0,0,0.0,1.0,0.0,3.71,400,0.0,1,0.0,2,At-Risk Customers
CUST106401,0.0,0,0.0,2.0,0.0,2.36,400,0.0,1,0.0,2,At-Risk Customers
CUST106402,7139.93,3,2379.976666666667,2.0,0.0,2.61,193,9916.87,1,0.0,3,High Value Customers
CUST106403,6945.33,3,2315.11,1.0,3.0,1.75,236,9553.57,1,1.0,1,Loyal Customers
CUST106404,3379.94,1,3379.94,0.0,0.0,2.07,61,4110.27,1,0.0,0,Potential Customers
CUST106405,0.0,0,0.0,2.0,0.0,1.32,400,83.03,1,0.0,2,At-Risk Customers
CUST106406,0.0,0,0.0,0.0,0.0,5.21,400,154.54,1,0.0,2,At-Risk Customers
CUST106407,2619.56,1,2619.56,1.0,0.0,2.22,233,3515.87,1,0.0,0,Potential Customers
CUST106408,4352.42,1,4352.42,3.0,0.0,12.53,59,5990.44,1,0.0,0,Potential Customers
CUST106409,0.0,0,0.0,2.0,0.0,7.87,400,0.0,1,0.0,2,At-Risk Customers
CUST106410,5598.84,2,2799.42,0.0,0.0,4.26,2,7834.3,1,0.0,3,High Value Customers
CUST106411,1258.93,1,1258.93,2.0,0.0,6.04,43,1623.73,1,0.0,0,Potential Customers
CUST106412,2469.7,1,2469.7,3.0,0.0,7.4,42,3655.45,1,0.0,0,Potential Customers
CUST106413,4990.6,2,2495.3,3.0,1.0,2.87,2,6371.33,1,1.0,3,High Value Customers
CUST106414,1273.52,2,636.76,3.0,0.0,3.52,67,1720.94,1,0.0,0,Potential Customers
CUST106415,1862.82,2,931.41,2.0,0.0,8.63,324,2982.94,1,0.0,0,Potential Customers
CUST106416,4006.27,2,2003.135,4.0,0.0,9.02,71,5512.3,1,0.0,0,Potential Customers
CUST106417,0.0,0,0.0,2.0,2.0,2.36,400,0.0,1,0.0,1,Loyal Customers
CUST106418,0.0,0,0.0,4.0,0.0,20.23,400,146.83,1,0.0,2,At-Risk Customers
CUST106419,5205.38,2,2602.69,3.0,0.0,1.57,200,7815.25,1,1.0,3,High Value Customers
CUST106420,2078.68,1,2078.68,0.0,0.0,0.82,227,2555.84,1,1.0,0,Potential Customers
CUST106421,0.0,0,0.0,6.0,0.0,13.54,400,184.93,1,0.0,2,At-Risk Customers
CUST106422,2897.67,1,2897.67,1.0,0.0,6.75,337,3638.92,1,0.0,0,Potential Customers
CUST106423,2691.94,2,1345.97,2.0,0.0,4.62,181,3536.11,1,0.0,0,Potential Customers
CUST106424,0.0,0,0.0,4.0,0.0,7.15,400,0.0,1,0.0,2,At-Risk Customers
CUST106425,5718.69,3,1906.2299999999998,0.0,0.0,2.52,97,8409.15,1,0.0,3,High Value Customers
CUST106426,0.0,0,0.0,3.0,0.0,1.2,400,121.31,1,0.0,2,At-Risk Customers
CUST106427,2055.08,1,2055.08,3.0,0.0,2.96,192,2675.01,1,1.0,0,Potential Customers
CUST106428,0.0,0,0.0,2.0,0.0,2.49,400,0.0,1,0.0,2,At-Risk Customers
CUST106429,1102.33,2,551.165,2.0,0.0,2.03,260,1857.46,1,0.0,0,Potential Customers
CUST106430,0.0,0,0.0,2.0,0.0,2.66,400,138.17,1,0.0,2,At-Risk Customers
CUST106431,3780.44,2,1890.22,0.0,0.0,2.69,4,4990.22,1,0.0,0,Potential Customers
CUST106432,1647.53,1,1647.53,0.0,0.0,2.91,336,2390.12,1,0.0,0,Potential Customers
CUST106433,1580.73,1,1580.73,3.0,0.0,5.29,143,2507.68,1,1.0,0,Potential Customers
CUST106434,0.0,0,0.0,5.0,0.0,5.99,400,132.34,1,0.0,2,At-Risk Customers
CUST106435,1167.65,1,1167.65,1.0,0.0,5.0,276,1778.49,1,0.0,0,Potential Customers
CUST106436,3518.3,2,1759.15,1.0,0.0,0.76,144,4588.87,1,1.0,0,Potential Customers
CUST106437,4649.2,4,1162.3,4.0,0.0,4.02,60,7072.21,1,0.0,3,High Value Customers
CUST106438,0.0,0,0.0,2.0,0.0,2.01,400,0.0,1,0.0,2,At-Risk Customers
CUST106439,0.0,0,0.0,7.0,2.0,9.37,400,0.0,1,0.0,1,Loyal Customers
CUST106440,2908.95,1,2908.95,2.0,0.0,2.24,128,3733.42,1,0.0,0,Potential Customers
CUST106441,6897.85,3,2299.2833333333333,2.0,0.0,1.07,228,8088.59,1,0.0,3,High Value Customers
CUST106442,1992.3,1,1992.3,2.0,0.0,6.57,245,2508.99,1,1.0,0,Potential Customers
CUST106443,6064.69,2,3032.345,1.0,0.0,4.32,81,8762.69,1,1.0,3,High Value Customers
CUST106444,3954.37,3,1318.1233333333332,4.0,1.0,23.312000000000044,285,5218.89,1,0.0,1,Loyal Customers
CUST106445,5766.42,2,2883.21,1.0,0.0,1.54,140,7022.18,1,0.0,3,High Value Customers
CUST106446,1663.98,1,1663.98,1.0,0.0,3.48,96,2461.51,1,0.0,0,Potential Customers
CUST106447,7955.52,3,2651.84,1.0,0.0,1.96,249,9406.49,1,0.0,3,High Value Customers
CUST106448,2348.35,3,782.7833333333333,3.0,0.0,1.96,319,3901.72,1,0.0,0,Potential Customers
CUST106449,0.0,0,0.0,2.0,0.0,2.28,400,0.0,1,0.0,2,At-Risk Customers
CUST106450,1405.23,1,1405.23,1.0,0.0,1.88,121,1877.06,1,0.0,0,Potential Customers
CUST106451,2643.43,1,2643.43,1.0,0.0,4.62,258,3570.77,1,0.0,0,Potential Customers
CUST106452,2358.73,1,2358.73,1.0,2.0,4.24,46,3143.59,1,1.0,1,Loyal Customers
CUST106453,0.0,0,0.0,3.0,1.0,3.97,400,274.35,1,1.0,2,At-Risk Customers
CUST106454,5533.44,2,2766.72,2.0,0.0,9.85,137,7139.46,1,0.0,3,High Value Customers
CUST106455,2248.12,1,2248.12,2.0,0.0,5.99,206,2850.53,1,0.0,0,Potential Customers
CUST106456,1708.71,1,1708.71,3.0,0.0,7.28,88,2202.55,1,0.0,0,Potential Customers
CUST106457,2166.43,1,2166.43,2.0,0.0,4.54,114,2857.01,1,0.0,0,Potential Customers
CUST106458,0.0,0,0.0,2.0,0.0,5.04,400,0.0,1,0.0,2,At-Risk Customers
CUST106459,691.78,1,691.78,3.0,0.0,7.76,233,735.96,1,0.0,0,Potential Customers
CUST106460,0.0,0,0.0,3.0,2.0,1.82,400,0.0,1,0.0,1,Loyal Customers
CUST106461,1459.92,1,1459.92,3.0,0.0,2.57,194,2021.12,1,0.0,0,Potential Customers
CUST106462,0.0,0,0.0,5.0,2.0,4.27,400,108.29,1,0.0,1,Loyal Customers
CUST106463,697.37,1,697.37,3.0,0.0,4.17,304,1022.99,1,0.0,2,At-Risk Customers
CUST106464,0.0,0,0.0,4.0,0.0,1.5,400,16.97,1,0.0,2,At-Risk Customers
CUST106465,3252.33,1,3252.33,1.0,0.0,6.91,184,4059.49,1,0.0,0,Potential Customers
CUST106466,2728.99,1,2728.99,1.0,0.0,11.11,183,3401.38,1,0.0,0,Potential Customers
CUST106467,11589.14840000001,4,2897.2871000000023,2.0,0.0,10.53,319,17754.0,1,0.0,3,High Value Customers
CUST106468,3550.14,2,1775.07,1.0,0.0,2.5,235,4920.17,1,0.0,0,Potential Customers
CUST106469,1526.58,1,1526.58,1.0,0.0,7.35,302,2214.04,1,0.0,0,Potential Customers
CUST106470,2701.34,2,1350.67,2.0,0.0,3.06,316,3710.53,1,0.0,0,Potential Customers
CUST106471,0.0,0,0.0,4.0,0.0,4.26,400,0.0,1,0.0,2,At-Risk Customers
CUST106472,0.0,0,0.0,0.0,0.0,8.77,400,106.84,1,0.0,2,At-Risk Customers
CUST106473,1046.5,1,1046.5,4.0,0.0,10.37,164,1461.53,1,0.0,0,Potential Customers
CUST106474,0.0,0,0.0,1.0,0.0,2.98,400,349.02,1,0.0,2,At-Risk Customers
CUST106475,2029.71,1,2029.71,1.0,0.0,2.82,121,2730.23,1,0.0,0,Potential Customers
CUST106476,952.48,2,476.24,4.0,0.0,11.57,37,1874.79,1,0.0,0,Potential Customers
CUST106477,1321.6,1,1321.6,2.0,0.0,3.78,305,1994.07,1,0.0,0,Potential Customers
CUST106478,8843.02,4,2210.755,1.0,0.0,0.76,274,11451.84,1,0.0,3,High Value Customers
CUST106479,0.0,0,0.0,1.0,0.0,5.52,400,0.0,1,0.0,2,At-Risk Customers
CUST106480,378.1,1,378.1,2.0,0.0,2.31,51,797.85,1,1.0,0,Potential Customers
CUST106481,3862.16,2,1931.08,2.0,0.0,3.32,100,4972.53,1,0.0,0,Potential Customers
CUST106482,0.0,0,0.0,4.0,0.0,6.14,400,55.07,1,0.0,2,At-Risk Customers
CUST106483,0.0,0,0.0,3.0,0.0,1.11,400,0.0,1,0.0,2,At-Risk Customers
CUST106484,3813.82,1,3813.82,3.0,0.0,6.92,277,4776.76,1,0.0,0,Potential Customers
CUST106485,6706.45,3,2235.483333333333,1.0,0.0,1.4,136,9597.17,1,0.0,3,High Value Customers
CUST106486,5359.53,2,2679.765,2.0,0.0,2.41,86,7003.88,1,0.0,3,High Value Customers
CUST106487,0.0,0,0.0,1.0,0.0,5.07,400,0.0,1,0.0,2,At-Risk Customers
CUST106488,5040.14,2,2520.07,0.0,0.0,1.71,75,5717.11,1,1.0,3,High Value Customers
CUST106489,6850.6,3,2283.5333333333333,3.0,0.0,1.72,275,9350.16,1,0.0,3,High Value Customers
CUST106490,2975.34,1,2975.34,2.0,0.0,5.13,259,3428.89,1,0.0,0,Potential Customers
CUST106491,0.0,0,0.0,2.0,0.0,5.87,400,97.72,1,0.0,2,At-Risk Customers
CUST106492,5498.95,2,2749.475,2.0,0.0,3.58,28,7176.89,1,0.0,3,High Value Customers
CUST106493,1728.62,3,576.2066666666666,2.0,0.0,6.26,95,2907.46,1,0.0,0,Potential Customers
CUST106494,0.0,0,0.0,11.0,0.0,23.312000000000044,400,24.32,1,0.0,2,At-Risk Customers
CUST106495,0.0,0,0.0,2.0,0.0,1.43,400,0.0,1,0.0,2,At-Risk Customers
CUST106496,937.87,1,937.87,1.0,0.0,0.85,310,1412.55,1,0.0,2,At-Risk Customers
CUST106497,1011.18,1,1011.18,3.0,0.0,8.9,205,1368.61,1,0.0,0,Potential Customers
CUST106498,2702.3,1,2702.3,4.0,0.0,1.77,289,3205.65,1,0.0,0,Potential Customers
CUST106499,0.0,0,0.0,3.0,0.0,5.25,400,0.0,1,0.0,2,At-Risk Customers
CUST106500,1938.94,1,1938.94,3.0,0.0,6.2,109,2860.03,1,0.0,0,Potential Customers
CUST106501,1086.32,1,1086.32,4.0,0.0,3.96,257,1451.1,1,1.0,0,Potential Customers
CUST106502,857.42,2,428.71,0.0,0.0,4.93,153,1502.8,1,0.0,0,Potential Customers
CUST106503,0.0,0,0.0,4.0,0.0,13.42,400,0.0,1,0.0,2,At-Risk Customers
CUST106504,0.0,0,0.0,2.0,0.0,2.64,400,75.13,1,0.0,2,At-Risk Customers
CUST106505,1362.57,1,1362.57,6.0,3.0,9.91,44,1473.58,1,0.0,1,Loyal Customers
CUST106506,5256.01,2,2628.005,1.0,0.0,1.62,325,6653.07,1,0.0,3,High Value Customers
CUST106507,0.0,0,0.0,1.0,0.0,5.18,400,0.0,1,0.0,2,At-Risk Customers
CUST106508,0.0,0,0.0,4.0,0.0,5.7,400,0.0,1,0.0,2,At-Risk Customers
CUST106509,3676.82,2,1838.41,1.0,0.0,3.84,115,4977.2,1,0.0,0,Potential Customers
CUST106510,2051.1,2,1025.55,2.0,0.0,8.0,31,3287.75,1,0.0,0,Potential Customers
CUST106511,0.0,0,0.0,1.0,0.0,4.18,400,0.0,1,0.0,2,At-Risk Customers
CUST106512,2632.98,1,2632.98,1.0,0.0,5.12,146,3684.44,1,0.0,0,Potential Customers
CUST106513,0.0,0,0.0,3.0,0.0,2.47,400,178.63,1,0.0,2,At-Risk Customers
CUST106514,2163.91,1,2163.91,1.0,0.0,2.02,77,3099.42,1,0.0,0,Potential Customers
CUST106515,4530.91,2,2265.455,0.0,0.0,1.98,325,5792.93,1,0.0,3,High Value Customers
CUST106516,0.0,0,0.0,3.0,0.0,2.64,400,142.39,1,0.0,2,At-Risk Customers
CUST106517,2532.03,3,844.0100000000001,0.0,0.0,1.65,345,3726.17,1,0.0,0,Potential Customers
CUST106518,3561.25,2,1780.625,3.0,0.0,14.99,261,4315.1,1,0.0,0,Potential Customers
CUST106519,0.0,0,0.0,3.0,0.0,3.27,400,0.0,1,0.0,2,At-Risk Customers
CUST106520,4685.02,4,1171.255,2.0,0.0,4.03,191,6670.89,1,0.0,3,High Value Customers
CUST106521,7231.19,2,3615.595,2.0,0.0,1.82,84,8458.32,1,0.0,3,High Value Customers
CUST106522,0.0,0,0.0,2.0,0.0,16.96,400,81.74,1,0.0,2,At-Risk Customers
CUST106523,5799.37,2,2899.685,0.0,0.0,3.39,94,7432.23,1,0.0,3,High Value Customers
CUST106524,6456.66,2,3228.33,1.0,0.0,2.68,39,7781.5,1,0.0,3,High Value Customers
CUST106525,3538.35,1,3538.35,1.0,0.0,2.86,232,4054.57,1,0.0,0,Potential Customers
CUST106526,8686.62,2,4343.31,2.0,0.0,3.5,347,10239.86,1,0.0,3,High Value Customers
CUST106527,831.62,1,831.62,5.0,0.0,3.28,286,1307.54,1,0.0,2,At-Risk Customers
CUST106528,4830.2,2,2415.1,1.0,0.0,1.58,147,6155.83,1,0.0,3,High Value Customers
CUST106529,5349.15,3,1783.05,3.0,0.0,7.4,51,7882.96,1,1.0,3,High Value Customers
CUST106530,2274.72,2,1137.36,1.0,0.0,1.86,351,2945.56,1,0.0,0,Potential Customers
CUST106531,0.0,0,0.0,2.0,0.0,7.15,400,77.38,1,0.0,2,At-Risk Customers
CUST106532,332.8,1,332.8,2.0,0.0,1.6,200,627.45,1,0.0,0,Potential Customers
CUST106533,7039.76,2,3519.88,1.0,0.0,4.58,285,8832.11,1,0.0,3,High Value Customers
CUST106534,1234.53,1,1234.53,3.0,2.0,1.98,307,2138.51,1,0.0,1,Loyal Customers
CUST106535,0.0,0,0.0,2.0,0.0,2.44,400,68.07,1,0.0,2,At-Risk Customers
CUST106536,4767.34,2,2383.67,1.0,0.0,5.68,269,6568.12,1,0.0,3,High Value Customers
CUST106537,0.0,0,0.0,2.0,0.0,9.27,400,129.8,1,0.0,2,At-Risk Customers
CUST106538,3113.25,2,1556.625,2.0,2.0,14.52,38,4481.21,1,0.0,1,Loyal Customers
CUST106539,1370.57,1,1370.57,2.0,0.0,5.27,39,2036.78,1,0.0,0,Potential Customers
CUST106540,4710.91,3,1570.3033333333333,1.0,0.0,4.04,297,6837.28,1,0.0,3,High Value Customers
CUST106541,0.0,0,0.0,0.0,0.0,2.07,400,21.23,1,0.0,2,At-Risk Customers
CUST106542,2428.49,1,2428.49,1.0,0.0,1.16,354,2973.03,1,0.0,0,Potential Customers
CUST106543,6382.57,2,3191.285,3.0,0.0,6.26,228,7582.86,1,0.0,3,High Value Customers
CUST106544,964.51,3,321.50333333333333,2.0,0.0,3.4,344,1745.94,1,0.0,0,Potential Customers
CUST106545,0.0,0,0.0,5.0,0.0,4.08,400,38.47,1,0.0,2,At-Risk Customers
CUST106546,0.0,0,0.0,1.0,0.0,3.07,400,5.4,1,0.0,2,At-Risk Customers
CUST106547,1201.91,1,1201.91,1.0,0.0,2.45,251,1581.9,1,0.0,0,Potential Customers
CUST106548,2683.2,2,1341.6,2.0,0.0,6.51,136,3564.16,1,0.0,0,Potential Customers
CUST106549,5481.21,2,2740.605,4.0,0.0,13.38,208,8154.12,1,0.0,3,High Value Customers
CUST106550,1708.41,2,854.205,3.0,0.0,1.75,12,2389.47,1,0.0,0,Potential Customers
CUST106551,0.0,0,0.0,0.0,0.0,1.09,400,57.24,1,0.0,2,At-Risk Customers
CUST106552,2408.84,1,2408.84,3.0,0.0,3.44,295,3369.86,1,0.0,0,Potential Customers
CUST106553,4438.05,3,1479.3500000000001,2.0,0.0,2.45,51,5957.05,1,1.0,3,High Value Customers
CUST106554,985.71,3,328.57,4.0,0.0,9.29,337,2102.86,1,0.0,0,Potential Customers
CUST106555,2925.66,1,2925.66,2.0,0.0,5.78,134,3662.69,1,0.0,0,Potential Customers
CUST106556,0.0,0,0.0,2.0,3.0,15.29,400,0.0,1,0.0,1,Loyal Customers
CUST106557,4904.84,4,1226.21,3.0,0.0,8.62,20,6021.33,1,0.0,3,High Value Customers
CUST106558,2076.27,1,2076.27,3.0,0.0,4.36,235,2734.86,1,0.0,0,Potential Customers
CUST106559,11287.06,4,2821.765,0.0,0.0,4.5,351,14530.57,1,0.0,3,High Value Customers
CUST106560,0.0,0,0.0,0.0,0.0,5.33,400,165.9,1,0.0,2,At-Risk Customers
CUST106561,1736.52,1,1736.52,1.0,0.0,2.14,232,2548.53,1,0.0,0,Potential Customers
CUST106562,3051.51,3,1017.1700000000001,4.0,0.0,5.5,279,4706.67,1,0.0,0,Potential Customers
CUST106563,0.0,0,0.0,4.0,0.0,10.58,400,141.15,1,0.0,2,At-Risk Customers
CUST106564,3981.4,2,1990.7,0.0,0.0,2.61,132,5209.82,1,0.0,0,Potential Customers
CUST106565,495.62,1,495.62,2.0,0.0,3.42,77,921.12,1,0.0,0,Potential Customers
CUST106566,2724.09,1,2724.09,2.0,0.0,6.42,36,3278.28,1,0.0,0,Potential Customers
CUST106567,2651.68,1,2651.68,4.0,0.0,11.58,5,3355.13,1,1.0,0,Potential Customers
CUST106568,0.0,0,0.0,2.0,0.0,2.41,400,0.0,1,0.0,2,At-Risk Customers
CUST106569,4716.79,2,2358.395,1.0,3.0,4.81,128,6814.4,1,1.0,1,Loyal Customers
CUST106570,1781.84,1,1781.84,1.0,0.0,3.97,11,2176.47,1,0.0,0,Potential Customers
CUST106571,5972.44,3,1990.8133333333333,1.0,0.0,3.35,71,7477.29,1,0.0,3,High Value Customers
CUST106572,258.57,1,258.57,2.0,0.0,1.1,54,488.9,1,0.0,0,Potential Customers
CUST106573,1677.78,1,1677.78,0.0,0.0,2.41,203,2496.8,1,0.0,0,Potential Customers
CUST106574,548.92,1,548.92,1.0,0.0,1.72,298,1062.44,1,0.0,2,At-Risk Customers
CUST106575,5131.54,2,2565.77,1.0,0.0,3.69,171,5976.63,1,0.0,3,High Value Customers
CUST106576,299.34,1,299.34,1.0,0.0,2.95,263,584.15,1,0.0,2,At-Risk Customers
CUST106577,0.0,0,0.0,4.0,3.0,1.76,400,0.0,1,0.0,1,Loyal Customers
CUST106578,0.0,0,0.0,1.0,0.0,3.37,400,0.0,1,0.0,2,At-Risk Customers
CUST106579,9314.91,5,1862.982,2.0,0.0,14.97,222,11734.31,1,0.0,3,High Value Customers
CUST106580,6287.17,3,2095.7233333333334,2.0,0.0,2.55,57,8471.35,1,1.0,3,High Value Customers
CUST106581,0.0,0,0.0,3.0,0.0,3.09,400,0.0,1,0.0,2,At-Risk Customers
CUST106582,1987.78,2,993.89,3.0,0.0,3.46,338,3410.34,1,0.0,0,Potential Customers
CUST106583,933.32,1,933.32,4.0,0.0,2.44,212,1558.18,1,0.0,0,Potential Customers
CUST106584,0.0,0,0.0,2.0,0.0,1.34,400,0.0,1,0.0,2,At-Risk Customers
CUST106585,2517.07,2,1258.535,3.0,0.0,14.39,223,3206.74,1,1.0,0,Potential Customers
CUST106586,0.0,0,0.0,2.0,0.0,1.13,400,0.0,1,0.0,2,At-Risk Customers
CUST106587,3296.33,2,1648.165,1.0,0.0,1.22,40,4868.52,1,1.0,0,Potential Customers
CUST106588,0.0,0,0.0,6.0,0.0,6.85,400,99.27,1,0.0,2,At-Risk Customers
CUST106589,2292.39,1,2292.39,2.0,0.0,0.97,99,2870.94,1,1.0,0,Potential Customers
CUST106590,2709.05,1,2709.05,4.0,0.0,6.96,167,3601.49,1,0.0,0,Potential Customers
CUST106591,0.0,0,0.0,1.0,0.0,7.41,400,0.0,1,0.0,2,At-Risk Customers
CUST106592,6495.51,4,1623.8775,1.0,0.0,2.31,284,8678.95,1,0.0,3,High Value Customers
CUST106593,9801.26,4,2450.315,2.0,0.0,4.17,277,13173.03,1,0.0,3,High Value Customers
CUST106594,3368.94,2,1684.47,2.0,0.0,3.91,194,4795.17,1,0.0,0,Potential Customers
CUST106595,734.01,1,734.01,0.0,0.0,2.31,319,940.4,1,0.0,2,At-Risk Customers
CUST106596,1603.44,3,534.48,0.0,0.0,2.64,10,2825.31,1,0.0,0,Potential Customers
CUST106597,515.42,1,515.42,1.0,0.0,3.63,226,968.99,1,0.0,0,Potential Customers
CUST106598,3179.03,1,3179.03,1.0,0.0,2.92,296,3676.22,1,0.0,0,Potential Customers
CUST106599,2233.12,1,2233.12,1.0,0.0,6.07,321,2932.87,1,0.0,0,Potential Customers
CUST106600,3976.77,2,1988.385,3.0,0.0,3.65,287,4673.9,1,0.0,0,Potential Customers
CUST106601,1266.01,1,1266.01,2.0,0.0,5.56,271,1568.58,1,0.0,0,Potential Customers
CUST106602,2116.27,1,2116.27,4.0,0.0,3.09,60,2799.83,1,0.0,0,Potential Customers
CUST106603,0.0,0,0.0,3.0,0.0,6.35,400,0.0,1,0.0,2,At-Risk Customers
CUST106604,2068.98,1,2068.98,3.0,0.0,7.53,345,3198.73,1,0.0,0,Potential Customers
CUST106605,0.0,0,0.0,1.0,0.0,1.01,400,0.0,1,0.0,2,At-Risk Customers
CUST106606,4778.57,2,2389.285,5.0,0.0,5.28,180,6570.58,1,0.0,3,High Value Customers
CUST106607,0.0,0,0.0,0.0,0.0,2.49,400,0.0,1,0.0,2,At-Risk Customers
CUST106608,0.0,0,0.0,0.0,0.0,2.98,400,0.0,1,0.0,2,At-Risk Customers
CUST106609,0.0,0,0.0,2.0,0.0,5.05,400,155.16,1,0.0,2,At-Risk Customers
CUST106610,0.0,0,0.0,2.0,0.0,4.42,400,154.76,1,0.0,2,At-Risk Customers
CUST106611,0.0,0,0.0,2.0,0.0,3.44,400,30.29,1,0.0,2,At-Risk Customers
CUST106612,0.0,0,0.0,1.0,0.0,6.44,400,0.0,1,0.0,2,At-Risk Customers
CUST106613,3007.64,1,3007.64,0.0,3.0,4.6,100,3849.72,1,0.0,1,Loyal Customers
CUST106614,6556.05,2,3278.025,2.0,0.0,2.38,130,7765.87,1,0.0,3,High Value Customers
CUST106615,4405.97,2,2202.985,3.0,0.0,8.75,30,4979.9,1,0.0,0,Potential Customers
CUST106616,1912.2,1,1912.2,4.0,0.0,8.54,72,2317.4,1,0.0,0,Potential Customers
CUST106617,10066.68,7,1438.097142857143,1.0,0.0,4.09,100,14752.59,1,0.0,3,High Value Customers
CUST106618,0.0,0,0.0,2.0,0.0,2.74,400,0.0,1,0.0,2,At-Risk Customers
CUST106619,0.0,0,0.0,3.0,0.0,2.36,400,112.56,1,0.0,2,At-Risk Customers
CUST106620,4420.71,2,2210.355,5.0,0.0,13.08,203,6420.97,1,0.0,0,Potential Customers
CUST106621,5073.33,2,2536.665,3.0,0.0,3.56,37,6912.63,1,0.0,3,High Value Customers
CUST106622,1215.12,2,607.56,1.0,0.0,4.49,139,1868.06,1,0.0,0,Potential Customers
CUST106623,4571.98,2,2285.99,1.0,0.0,5.45,126,6448.23,1,0.0,3,High Value Customers
CUST106624,704.83,2,352.415,0.0,0.0,0.76,341,1497.25,1,0.0,2,At-Risk Customers
CUST106625,5288.99,4,1322.2475,2.0,0.0,2.14,166,7683.52,1,0.0,3,High Value Customers
CUST106626,2686.28,1,2686.28,6.0,0.0,18.94,185,3073.66,1,1.0,0,Potential Customers
CUST106627,589.23,1,589.23,2.0,0.0,0.76,94,1014.88,1,0.0,0,Potential Customers
CUST106628,3484.09,1,3484.09,3.0,0.0,1.42,218,4744.41,1,1.0,0,Potential Customers
CUST106629,3825.24,2,1912.62,1.0,0.0,2.96,242,5546.71,1,0.0,0,Potential Customers
CUST106630,6571.56,2,3285.78,1.0,0.0,2.02,88,8804.04,1,0.0,3,High Value Customers
CUST106631,2041.79,1,2041.79,1.0,0.0,2.4,167,2412.17,1,0.0,0,Potential Customers
CUST106632,0.0,0,0.0,0.0,0.0,1.81,400,0.0,1,0.0,2,At-Risk Customers
CUST106633,0.0,0,0.0,3.0,0.0,3.6,400,0.0,1,0.0,2,At-Risk Customers
CUST106634,0.0,0,0.0,4.0,0.0,5.21,400,31.18,1,0.0,2,At-Risk Customers
CUST106635,0.0,0,0.0,1.0,0.0,5.37,400,0.0,1,0.0,2,At-Risk Customers
CUST106636,0.0,0,0.0,3.0,2.0,2.28,400,0.0,1,1.0,1,Loyal Customers
CUST106637,10787.9,4,2696.975,1.0,0.0,8.01,348,14493.65,1,1.0,3,High Value Customers
CUST106638,0.0,0,0.0,3.0,0.0,4.48,400,15.71,1,0.0,2,At-Risk Customers
CUST106639,2223.91,1,2223.91,3.0,0.0,8.58,301,2803.28,1,1.0,0,Potential Customers
CUST106640,1763.59,1,1763.59,0.0,0.0,4.96,252,2279.88,1,1.0,0,Potential Customers
CUST106641,2926.28,1,2926.28,4.0,0.0,3.38,167,3492.19,1,0.0,0,Potential Customers
CUST106642,0.0,0,0.0,3.0,0.0,3.44,400,0.0,1,0.0,2,At-Risk Customers
CUST106643,0.0,0,0.0,1.0,0.0,5.19,400,67.01,1,0.0,2,At-Risk Customers
CUST106644,2235.92,2,1117.96,4.0,0.0,9.81,126,3014.72,1,0.0,0,Potential Customers
CUST106645,2416.83,1,2416.83,3.0,0.0,4.43,210,3060.71,1,0.0,0,Potential Customers
CUST106646,0.0,0,0.0,3.0,0.0,4.69,400,0.0,1,0.0,2,At-Risk Customers
CUST106647,1697.64,1,1697.64,3.0,0.0,6.02,363,2470.21,1,0.0,0,Potential Customers
CUST106648,0.0,0,0.0,0.0,0.0,1.17,400,0.0,1,1.0,2,At-Risk Customers
CUST106649,9066.52,4,2266.63,1.0,0.0,1.49,63,11731.16,1,0.0,3,High Value Customers
CUST106650,1913.88,1,1913.88,4.0,0.0,4.72,319,2555.93,1,0.0,0,Potential Customers
CUST106651,0.0,0,0.0,1.0,0.0,2.08,400,165.79,1,0.0,2,At-Risk Customers
CUST106652,2698.87,2,1349.435,3.0,0.0,3.37,186,3716.47,1,0.0,0,Potential Customers
CUST106653,5570.09,2,2785.045,5.0,0.0,4.02,226,7072.89,1,0.0,3,High Value Customers
CUST106654,2981.55,1,2981.55,8.0,0.0,21.95,196,3358.52,1,0.0,0,Potential Customers
CUST106655,311.26,1,311.26,1.0,3.0,3.58,272,711.75,1,0.0,1,Loyal Customers
CUST106656,8030.72,2,4015.36,1.0,0.0,0.92,101,10079.52,1,0.0,3,High Value Customers
CUST106657,1756.73,3,585.5766666666667,2.0,0.0,4.68,44,3183.15,1,0.0,0,Potential Customers
CUST106658,2281.03,2,1140.515,1.0,0.0,8.27,292,2846.05,1,0.0,0,Potential Customers
CUST106659,0.0,0,0.0,2.0,0.0,5.89,400,0.0,1,0.0,2,At-Risk Customers
CUST106660,1458.61,1,1458.61,1.0,0.0,5.61,59,2136.61,1,0.0,0,Potential Customers
CUST106661,1509.15,1,1509.15,1.0,0.0,2.42,332,2232.13,1,0.0,0,Potential Customers
CUST106662,573.44,2,286.72,0.0,0.0,3.02,258,1387.84,1,0.0,0,Potential Customers
CUST106663,0.0,0,0.0,1.0,0.0,2.24,400,0.0,1,0.0,2,At-Risk Customers
CUST106664,0.0,0,0.0,0.0,0.0,2.42,400,33.41,1,0.0,2,At-Risk Customers
CUST106665,7064.25,5,1412.85,1.0,3.0,3.5,309,11303.5,1,0.0,1,Loyal Customers
CUST106666,2030.07,1,2030.07,4.0,0.0,7.72,135,2568.51,1,1.0,0,Potential Customers
CUST106667,5864.62,2,2932.31,10.0,3.0,23.312000000000044,77,7753.68,1,1.0,1,Loyal Customers
CUST106668,5137.23,2,2568.615,1.0,0.0,4.49,277,6077.99,1,0.0,3,High Value Customers
CUST106669,3385.38,1,3385.38,2.0,0.0,5.92,22,4921.23,1,0.0,0,Potential Customers
CUST106670,0.0,0,0.0,1.0,0.0,0.76,400,0.0,1,0.0,2,At-Risk Customers
CUST106671,334.31,1,334.31,2.0,0.0,2.98,146,578.46,1,0.0,0,Potential Customers
CUST106672,3408.26,3,1136.0866666666668,3.0,0.0,11.85,68,4416.75,1,0.0,0,Potential Customers
CUST106673,1827.05,1,1827.05,1.0,0.0,4.33,54,2711.28,1,0.0,0,Potential Customers
CUST106674,0.0,0,0.0,5.0,0.0,3.77,400,70.62,1,0.0,2,At-Risk Customers
CUST106675,2104.71,1,2104.71,6.0,0.0,23.312000000000044,354,2952.63,1,0.0,0,Potential Customers
CUST106676,0.0,0,0.0,4.0,0.0,9.33,400,0.0,1,0.0,2,At-Risk Customers
CUST106677,1192.42,2,596.21,3.0,0.0,6.96,121,2168.73,1,1.0,0,Potential Customers
CUST106678,3074.79,1,3074.79,1.0,2.0,3.88,146,3632.2,1,0.0,1,Loyal Customers
CUST106679,2022.01,1,2022.01,3.0,0.0,4.91,161,2870.93,1,0.0,0,Potential Customers
CUST106680,4078.94,3,1359.6466666666668,3.0,3.0,18.11,308,5803.59,1,0.0,1,Loyal Customers
CUST106681,1362.02,1,1362.02,7.0,0.0,19.35,266,1872.88,1,1.0,0,Potential Customers
CUST106682,0.0,0,0.0,1.0,0.0,2.78,400,0.0,1,0.0,2,At-Risk Customers
CUST106683,5658.28,3,1886.0933333333332,0.0,0.0,1.3,95,8348.36,1,1.0,3,High Value Customers
CUST106684,6851.0,2,3425.5,2.0,3.0,4.2,238,9041.75,1,0.0,1,Loyal Customers
CUST106685,0.0,0,0.0,2.0,0.0,6.92,400,65.55,1,0.0,2,At-Risk Customers
CUST106686,1533.27,2,766.635,6.0,0.0,14.36,312,2486.89,1,0.0,0,Potential Customers
CUST106687,0.0,0,0.0,2.0,0.0,3.77,400,0.0,1,0.0,2,At-Risk Customers
CUST106688,0.0,0,0.0,1.0,0.0,3.18,400,0.0,1,0.0,2,At-Risk Customers
CUST106689,2177.84,1,2177.84,1.0,1.0,8.83,224,2938.08,1,0.0,0,Potential Customers
CUST106690,3211.64,1,3211.64,3.0,0.0,2.13,252,4180.6,1,1.0,0,Potential Customers
CUST106691,6245.68,2,3122.84,1.0,0.0,3.43,34,8090.41,1,0.0,3,High Value Customers
CUST106692,494.19,1,494.19,4.0,1.0,4.07,358,677.11,1,0.0,2,At-Risk Customers
CUST106693,1636.35,1,1636.35,1.0,0.0,3.86,166,1997.23,1,0.0,0,Potential Customers
CUST106694,3036.17,3,1012.0566666666667,2.0,0.0,9.93,101,4530.33,1,0.0,0,Potential Customers
CUST106695,1582.81,1,1582.81,1.0,0.0,5.9,136,2217.36,1,0.0,0,Potential Customers
CUST106696,1618.98,2,809.49,2.0,0.0,2.78,307,2505.77,1,0.0,0,Potential Customers
CUST106697,980.71,2,490.355,1.0,0.0,3.44,163,1544.16,1,0.0,0,Potential Customers
CUST106698,297.72,1,297.72,3.0,0.0,23.312000000000044,23,678.74,1,0.0,0,Potential Customers
CUST106699,2428.73,1,2428.73,1.0,0.0,1.48,117,3201.4,1,0.0,0,Potential Customers
CUST106700,3773.16,2,1886.58,2.0,0.0,1.09,150,4870.22,1,0.0,0,Potential Customers
CUST106701,0.0,0,0.0,3.0,0.0,1.7,400,239.66,1,0.0,2,At-Risk Customers
CUST106702,3533.16,2,1766.58,1.0,0.0,5.02,259,4938.59,1,1.0,0,Potential Customers
CUST106703,6727.78,3,2242.5933333333332,2.0,0.0,8.99,168,9389.08,1,1.0,3,High Value Customers
CUST106704,766.85,1,766.85,3.0,1.0,3.74,23,1170.74,1,1.0,0,Potential Customers
CUST106705,7215.56,4,1803.89,1.0,3.0,2.73,31,9090.16,1,0.0,1,Loyal Customers
CUST106706,597.35,1,597.35,5.0,2.0,2.42,247,1271.38,1,1.0,1,Loyal Customers
CUST106707,1970.09,1,1970.09,2.0,0.0,1.21,102,2531.17,1,1.0,0,Potential Customers
CUST106708,5136.46,2,2568.23,5.0,0.0,12.42,117,7331.74,1,0.0,3,High Value Customers
CUST106709,1472.78,1,1472.78,2.0,0.0,3.52,47,1965.18,1,0.0,0,Potential Customers
CUST106710,11589.14840000001,4,2897.2871000000023,1.0,0.0,4.74,20,18001.05,1,0.0,3,High Value Customers
CUST106711,0.0,0,0.0,3.0,0.0,7.37,400,0.0,1,0.0,2,At-Risk Customers
CUST106712,0.0,0,0.0,1.0,0.0,10.71,400,0.0,1,0.0,2,At-Risk Customers
CUST106713,328.38,1,328.38,2.0,0.0,3.46,59,759.87,1,0.0,0,Potential Customers
CUST106714,0.0,0,0.0,1.0,0.0,2.14,400,0.0,1,0.0,2,At-Risk Customers
CUST106715,1160.38,1,1160.38,2.0,0.0,3.99,347,1847.57,1,0.0,2,At-Risk Customers
CUST106716,0.0,0,0.0,3.0,0.0,3.7,400,0.0,1,0.0,2,At-Risk Customers
CUST106717,3371.85,2,1685.925,1.0,0.0,2.74,10,5182.13,1,1.0,0,Potential Customers
CUST106718,0.0,0,0.0,2.0,0.0,1.68,400,10.66,1,0.0,2,At-Risk Customers
CUST106719,4302.74,2,2151.37,4.0,0.0,5.32,344,5318.14,1,0.0,0,Potential Customers
CUST106720,2072.8,2,1036.4,6.0,0.0,10.25,181,2724.2,1,0.0,0,Potential Customers
CUST106721,1448.79,1,1448.79,4.0,3.0,13.82,129,2120.41,1,0.0,1,Loyal Customers
CUST106722,2202.45,2,1101.225,2.0,0.0,2.39,92,3007.57,1,0.0,0,Potential Customers
CUST106723,0.0,0,0.0,8.0,0.0,13.89,400,0.0,1,0.0,2,At-Risk Customers
CUST106724,3619.48,1,3619.48,2.0,3.0,1.88,342,4709.14,1,0.0,1,Loyal Customers
CUST106725,0.0,0,0.0,0.0,0.0,4.5,400,0.0,1,0.0,2,At-Risk Customers
CUST106726,9087.16,4,2271.79,2.0,0.0,8.43,20,10944.38,1,0.0,3,High Value Customers
CUST106727,0.0,0,0.0,6.0,0.0,5.97,400,0.0,1,0.0,2,At-Risk Customers
CUST106728,9132.1,3,3044.0333333333333,3.0,0.0,10.9,281,12137.3,1,0.0,3,High Value Customers
CUST106729,3330.15,2,1665.075,2.0,0.0,1.98,167,4568.39,1,0.0,0,Potential Customers
CUST106730,4738.93,3,1579.6433333333334,2.0,0.0,3.57,187,7219.77,1,1.0,3,High Value Customers
CUST106731,2733.55,1,2733.55,2.0,0.0,3.52,69,3638.79,1,0.0,0,Potential Customers
CUST106732,1173.27,1,1173.27,3.0,0.0,9.0,220,1470.67,1,0.0,0,Potential Customers
CUST106733,1938.34,1,1938.34,2.0,0.0,3.45,174,2529.15,1,0.0,0,Potential Customers
CUST106734,0.0,0,0.0,2.0,0.0,4.78,400,0.0,1,0.0,2,At-Risk Customers
CUST106735,648.68,2,324.34,2.0,0.0,3.38,79,1311.83,1,0.0,0,Potential Customers
CUST106736,377.93,1,377.93,3.0,0.0,5.22,344,798.34,1,0.0,2,At-Risk Customers
CUST106737,3837.09,2,1918.545,2.0,0.0,2.4,298,4902.87,1,0.0,0,Potential Customers
CUST106738,0.0,0,0.0,1.0,0.0,1.85,400,77.67,1,0.0,2,At-Risk Customers
CUST106739,0.0,0,0.0,1.0,0.0,2.86,400,82.85,1,0.0,2,At-Risk Customers
CUST106740,2482.27,1,2482.27,6.0,0.0,2.13,76,3436.83,1,0.0,0,Potential Customers
CUST106741,2114.94,1,2114.94,3.0,0.0,3.52,343,2661.35,1,0.0,0,Potential Customers
CUST106742,3107.91,1,3107.91,3.0,0.0,7.01,140,3819.38,1,1.0,0,Potential Customers
CUST106743,1994.18,2,997.09,1.0,1.0,1.59,209,3104.56,1,0.0,0,Potential Customers
CUST106744,3028.33,2,1514.165,3.0,0.0,3.04,248,4043.51,1,0.0,0,Potential Customers
CUST106745,4293.25,1,4293.25,4.0,0.0,18.53,258,5583.94,1,0.0,0,Potential Customers
CUST106746,0.0,0,0.0,1.0,0.0,1.15,400,21.3,1,0.0,2,At-Risk Customers
CUST106747,4566.25,2,2283.125,0.0,0.0,1.86,34,6183.06,1,1.0,3,High Value Customers
CUST106748,0.0,0,0.0,3.0,0.0,5.01,400,21.1,1,0.0,2,At-Risk Customers
CUST106749,0.0,0,0.0,2.0,0.0,1.32,400,60.25,1,0.0,2,At-Risk Customers
CUST106750,4483.83,2,2241.915,1.0,0.0,3.7,163,5502.94,1,1.0,0,Potential Customers
CUST106751,0.0,0,0.0,8.0,0.0,13.08,400,0.0,1,0.0,2,At-Risk Customers
CUST106752,2628.06,1,2628.06,1.0,0.0,2.62,256,3357.46,1,0.0,0,Potential Customers
CUST106753,2195.86,1,2195.86,0.0,2.0,2.17,268,2998.26,1,0.0,1,Loyal Customers
CUST106754,1261.48,1,1261.48,2.0,0.0,1.3,283,1542.28,1,0.0,0,Potential Customers
CUST106755,954.75,1,954.75,0.0,0.0,2.19,294,1536.79,1,0.0,0,Potential Customers
CUST106756,0.0,0,0.0,1.0,0.0,3.43,400,135.21,1,0.0,2,At-Risk Customers
CUST106757,525.46,2,262.73,4.0,0.0,18.07,111,941.93,1,0.0,0,Potential Customers
CUST106758,6439.62,3,2146.54,2.0,2.0,3.56,143,7996.02,1,0.0,1,Loyal Customers
CUST106759,1767.71,1,1767.71,1.0,0.0,3.68,360,2293.58,1,0.0,0,Potential Customers
CUST106760,9224.39,4,2306.0975,2.0,0.0,3.92,140,12000.16,1,0.0,3,High Value Customers
CUST106761,0.0,0,0.0,1.0,0.0,2.2,400,0.0,1,0.0,2,At-Risk Customers
CUST106762,0.0,0,0.0,1.0,0.0,0.78,400,0.0,1,0.0,2,At-Risk Customers
CUST106763,0.0,0,0.0,2.0,0.0,11.14,400,203.99,1,0.0,2,At-Risk Customers
CUST106764,1742.46,1,1742.46,1.0,0.0,6.19,180,2620.69,1,0.0,0,Potential Customers
CUST106765,1567.52,1,1567.52,2.0,0.0,8.82,307,2189.98,1,0.0,0,Potential Customers
CUST106766,4309.18,2,2154.59,2.0,0.0,4.78,159,5845.46,1,1.0,0,Potential Customers
CUST106767,1471.29,1,1471.29,1.0,0.0,9.13,83,2103.3,1,0.0,0,Potential Customers
CUST106768,7061.57,2,3530.785,0.0,0.0,1.38,220,7888.28,1,0.0,3,High Value Customers
CUST106769,2263.62,1,2263.62,2.0,0.0,4.2,316,2922.66,1,1.0,0,Potential Customers
CUST106770,0.0,0,0.0,2.0,0.0,5.82,400,0.0,1,0.0,2,At-Risk Customers
CUST106771,7221.37,3,2407.1233333333334,3.0,0.0,10.21,276,8250.54,1,1.0,3,High Value Customers
CUST106772,0.0,0,0.0,2.0,0.0,5.43,400,137.3,1,0.0,2,At-Risk Customers
CUST106773,1017.87,1,1017.87,5.0,0.0,5.43,252,1267.78,1,0.0,0,Potential Customers
CUST106774,2408.84,2,1204.42,1.0,0.0,4.75,265,3708.45,1,0.0,0,Potential Customers
CUST106775,4856.98,2,2428.49,2.0,0.0,1.44,175,6907.55,1,0.0,3,High Value Customers
CUST106776,5159.17,3,1719.7233333333334,2.0,0.0,2.68,62,7039.83,1,0.0,3,High Value Customers
CUST106777,5614.19,2,2807.095,2.0,0.0,2.85,290,7492.08,1,0.0,3,High Value Customers
CUST106778,6659.56,2,3329.78,2.0,0.0,7.27,249,9418.83,1,0.0,3,High Value Customers
CUST106779,748.98,1,748.98,3.0,0.0,5.81,287,1248.32,1,0.0,2,At-Risk Customers
CUST106780,4189.72,2,2094.86,6.0,0.0,11.64,261,5614.57,1,1.0,0,Potential Customers
CUST106781,2456.86,1,2456.86,2.0,0.0,5.71,89,3488.67,1,0.0,0,Potential Customers
CUST106782,0.0,0,0.0,2.0,0.0,3.49,400,0.0,1,0.0,2,At-Risk Customers
CUST106783,1049.66,1,1049.66,5.0,3.0,9.95,211,1574.64,1,0.0,1,Loyal Customers
CUST106784,2163.8,1,2163.8,2.0,0.0,1.7,339,3135.46,1,0.0,0,Potential Customers
CUST106785,0.0,0,0.0,1.0,0.0,3.31,400,0.0,1,0.0,2,At-Risk Customers
CUST106786,0.0,0,0.0,1.0,0.0,2.09,400,0.0,1,0.0,2,At-Risk Customers
CUST106787,849.47,1,849.47,3.0,0.0,1.85,326,1498.72,1,0.0,2,At-Risk Customers
CUST106788,8968.25,3,2989.4166666666665,4.0,0.0,1.9,251,11247.06,1,0.0,3,High Value Customers
CUST106789,2754.44,1,2754.44,1.0,0.0,2.55,327,3885.19,1,0.0,0,Potential Customers
CUST106790,319.08,1,319.08,3.0,0.0,4.63,259,714.93,1,0.0,2,At-Risk Customers
CUST106791,0.0,0,0.0,1.0,0.0,3.17,400,0.0,1,0.0,2,At-Risk Customers
CUST106792,1863.6,1,1863.6,2.0,0.0,4.86,49,2542.7,1,0.0,0,Potential Customers
CUST106793,2174.55,1,2174.55,2.0,0.0,4.73,328,2473.89,1,0.0,0,Potential Customers
CUST106794,5492.06,4,1373.015,4.0,0.0,0.79,286,8383.88,1,0.0,3,High Value Customers
CUST106795,974.46,3,324.82,3.0,0.0,4.52,263,2005.95,1,0.0,0,Potential Customers
CUST106796,3136.83,3,1045.61,2.0,0.0,2.4,291,5123.47,1,0.0,0,Potential Customers
CUST106797,0.0,0,0.0,0.0,0.0,1.28,400,16.22,1,0.0,2,At-Risk Customers
CUST106798,2627.56,1,2627.56,5.0,0.0,4.75,257,3699.93,1,1.0,0,Potential Customers
CUST106799,0.0,0,0.0,2.0,0.0,4.24,400,0.0,1,1.0,2,At-Risk Customers
CUST106800,4930.0,2,2465.0,4.0,0.0,4.5,268,6019.25,1,0.0,3,High Value Customers
CUST106801,0.0,0,0.0,2.0,0.0,6.59,400,4.51,1,0.0,2,At-Risk Customers
CUST106802,2297.18,1,2297.18,2.0,0.0,2.52,319,3178.71,1,0.0,0,Potential Customers
CUST106803,1691.8,2,845.9,1.0,0.0,2.02,66,2473.51,1,0.0,0,Potential Customers
CUST106804,1827.87,1,1827.87,2.0,0.0,3.94,130,2617.26,1,0.0,0,Potential Customers
CUST106805,5646.86,3,1882.2866666666666,1.0,0.0,2.93,133,8141.43,1,0.0,3,High Value Customers
CUST106806,3607.35,2,1803.675,8.0,2.0,23.312000000000044,235,5150.72,1,0.0,1,Loyal Customers
CUST106807,10119.14,3,3373.0466666666666,2.0,0.0,3.63,133,11763.28,1,0.0,3,High Value Customers
CUST106808,873.96,2,436.98,2.0,0.0,3.97,160,1748.43,1,0.0,0,Potential Customers
CUST106809,2817.89,1,2817.89,3.0,0.0,2.14,334,3715.62,1,0.0,0,Potential Customers
CUST106810,659.5,1,659.5,2.0,0.0,1.9,229,1231.7,1,0.0,0,Potential Customers
CUST106811,1777.18,1,1777.18,1.0,0.0,1.22,196,2564.11,1,0.0,0,Potential Customers
CUST106812,3031.29,3,1010.43,4.0,0.0,3.09,119,4476.42,1,0.0,0,Potential Customers
CUST106813,4726.59,2,2363.295,0.0,0.0,3.35,61,5762.2,1,0.0,3,High Value Customers
CUST106814,1454.72,1,1454.72,1.0,0.0,8.32,231,2098.06,1,0.0,0,Potential Customers
CUST106815,2422.55,3,807.5166666666668,4.0,0.0,3.23,64,4395.09,1,0.0,0,Potential Customers
CUST106816,2450.92,1,2450.92,0.0,0.0,2.89,33,3316.97,1,1.0,0,Potential Customers
CUST106817,2549.2,1,2549.2,0.0,0.0,4.52,172,3360.87,1,0.0,0,Potential Customers
CUST106818,0.0,0,0.0,3.0,0.0,3.54,400,72.84,1,0.0,2,At-Risk Customers
CUST106819,1404.46,1,1404.46,2.0,0.0,7.44,21,2229.36,1,0.0,0,Potential Customers
CUST106820,1016.61,3,338.87,3.0,0.0,10.38,276,2066.53,1,0.0,0,Potential Customers
CUST106821,7676.94,3,2558.98,4.0,0.0,3.69,269,10244.35,1,0.0,3,High Value Customers
CUST106822,0.0,0,0.0,2.0,0.0,1.92,400,49.71,1,0.0,2,At-Risk Customers
CUST106823,0.0,0,0.0,4.0,0.0,3.41,400,120.6,1,0.0,2,At-Risk Customers
CUST106824,0.0,0,0.0,1.0,0.0,4.38,400,112.03,1,0.0,2,At-Risk Customers
CUST106825,1412.12,1,1412.12,3.0,1.0,1.47,323,1961.76,1,1.0,0,Potential Customers
CUST106826,0.0,0,0.0,2.0,0.0,3.08,400,0.0,1,0.0,2,At-Risk Customers
CUST106827,328.44,1,328.44,2.0,0.0,1.32,195,650.48,1,0.0,0,Potential Customers
CUST106828,0.0,0,0.0,2.0,0.0,5.06,400,27.33,1,0.0,2,At-Risk Customers
CUST106829,0.0,0,0.0,3.0,0.0,1.74,400,0.0,1,0.0,2,At-Risk Customers
CUST106830,0.0,0,0.0,6.0,1.0,3.01,400,0.0,1,0.0,2,At-Risk Customers
CUST106831,6295.68,3,2098.56,2.0,0.0,3.39,147,8830.73,1,0.0,3,High Value Customers
CUST106832,360.85,1,360.85,2.0,0.0,1.53,316,823.36,1,0.0,2,At-Risk Customers
CUST106833,8363.92,4,2090.98,1.0,0.0,3.9,17,11788.51,1,0.0,3,High Value Customers
CUST106834,4318.58,2,2159.29,1.0,0.0,1.78,336,6386.1,1,0.0,3,High Value Customers
CUST106835,1779.95,1,1779.95,2.0,0.0,10.72,338,2302.4,1,0.0,0,Potential Customers
CUST106836,4131.37,2,2065.685,2.0,0.0,9.64,338,5797.19,1,0.0,0,Potential Customers
CUST106837,5209.41,2,2604.705,3.0,0.0,8.66,83,7601.91,1,0.0,3,High Value Customers
CUST106838,0.0,0,0.0,1.0,0.0,4.22,400,0.0,1,0.0,2,At-Risk Customers
CUST106839,8319.24,3,2773.08,3.0,2.0,4.83,231,12410.68,1,0.0,3,High Value Customers
CUST106840,4842.97,2,2421.485,2.0,0.0,3.36,158,5734.48,1,0.0,3,High Value Customers
CUST106841,0.0,0,0.0,2.0,0.0,5.54,400,28.75,1,0.0,2,At-Risk Customers
CUST106842,5358.74,3,1786.2466666666667,2.0,0.0,11.98,153,7856.99,1,0.0,3,High Value Customers
CUST106843,9081.54,3,3027.1800000000003,2.0,0.0,1.92,218,12577.5,1,0.0,3,High Value Customers
CUST106844,0.0,0,0.0,1.0,0.0,5.18,400,14.79,1,0.0,2,At-Risk Customers
CUST106845,3175.18,2,1587.59,3.0,0.0,1.15,341,4210.27,1,0.0,0,Potential Customers
CUST106846,1385.52,1,1385.52,1.0,0.0,2.85,292,1929.93,1,0.0,0,Potential Customers
CUST106847,0.0,0,0.0,1.0,0.0,3.65,400,0.0,1,0.0,2,At-Risk Customers
CUST106848,3572.02,3,1190.6733333333334,3.0,0.0,4.76,240,5854.83,1,0.0,0,Potential Customers
CUST106849,5637.79,2,2818.895,2.0,0.0,6.12,145,7219.08,1,0.0,3,High Value Customers
CUST106850,8377.96,5,1675.5919999999999,6.0,0.0,9.53,271,11879.59,1,0.0,3,High Value Customers
CUST106851,1834.52,1,1834.52,0.0,0.0,4.02,316,2257.2,1,0.0,0,Potential Customers
CUST106852,1412.29,1,1412.29,1.0,0.0,7.0,281,1848.9,1,1.0,0,Potential Customers
CUST106853,1262.41,1,1262.41,6.0,0.0,13.47,177,1698.77,1,0.0,0,Potential Customers
CUST106854,1981.29,2,990.645,1.0,0.0,2.93,250,2938.67,1,0.0,0,Potential Customers
CUST106855,886.21,1,886.21,1.0,0.0,2.69,360,1415.73,1,0.0,2,At-Risk Customers
CUST106856,2178.2,1,2178.2,2.0,0.0,4.41,168,2987.65,1,0.0,0,Potential Customers
CUST106857,4094.6,2,2047.3,2.0,3.0,3.65,348,5481.3,1,1.0,1,Loyal Customers
CUST106858,0.0,0,0.0,3.0,0.0,3.48,400,0.0,1,0.0,2,At-Risk Customers
CUST106859,535.36,2,267.68,5.0,0.0,11.07,52,1311.33,1,0.0,0,Potential Customers
CUST106860,2791.28,1,2791.28,8.0,1.0,21.41,41,3699.45,1,1.0,1,Loyal Customers
CUST106861,555.5,2,277.75,1.0,0.0,3.23,182,1105.79,1,0.0,0,Potential Customers
CUST106862,3232.93,2,1616.465,2.0,1.0,20.46,100,4753.52,1,1.0,0,Potential Customers
CUST106863,0.0,0,0.0,1.0,0.0,3.16,400,140.43,1,0.0,2,At-Risk Customers
CUST106864,2755.05,1,2755.05,2.0,0.0,6.89,29,3344.14,1,1.0,0,Potential Customers
CUST106865,2553.85,1,2553.85,2.0,0.0,1.95,212,2766.3,1,0.0,0,Potential Customers
CUST106866,8263.42,3,2754.4733333333334,3.0,0.0,2.18,221,10197.83,1,0.0,3,High Value Customers
CUST106867,6075.12,3,2025.04,3.0,0.0,3.23,193,8383.03,1,0.0,3,High Value Customers
CUST106868,2054.88,2,1027.44,2.0,0.0,7.26,267,2803.98,1,0.0,0,Potential Customers
CUST106869,1036.57,2,518.285,3.0,0.0,4.69,312,1544.08,1,0.0,0,Potential Customers
CUST106870,4775.59,2,2387.795,1.0,0.0,1.28,159,6481.76,1,0.0,3,High Value Customers
CUST106871,270.6,1,270.6,2.0,0.0,1.59,272,285.35,1,0.0,2,At-Risk Customers
CUST106872,1698.02,1,1698.02,1.0,0.0,1.21,140,2484.37,1,0.0,0,Potential Customers
CUST106873,0.0,0,0.0,2.0,2.0,5.06,400,110.12,1,1.0,1,Loyal Customers
CUST106874,1087.53,1,1087.53,2.0,0.0,4.49,77,1643.27,1,0.0,0,Potential Customers
CUST106875,3841.65,1,3841.65,3.0,0.0,4.43,21,4653.94,1,0.0,0,Potential Customers
CUST106876,1960.17,1,1960.17,1.0,0.0,4.4,59,2421.41,1,0.0,0,Potential Customers
CUST106877,2518.4,3,839.4666666666667,3.0,0.0,2.38,197,3451.01,1,0.0,0,Potential Customers
CUST106878,753.04,1,753.04,3.0,0.0,4.56,231,1349.16,1,1.0,0,Potential Customers
CUST106879,801.76,1,801.76,3.0,0.0,11.06,267,1309.22,1,0.0,0,Potential Customers
CUST106880,843.23,1,843.23,1.0,2.0,6.04,86,1185.51,1,1.0,1,Loyal Customers
CUST106881,2936.13,2,1468.065,3.0,0.0,1.79,84,3894.12,1,0.0,0,Potential Customers
CUST106882,2740.54,2,1370.27,3.0,2.0,3.21,117,3982.12,1,0.0,1,Loyal Customers
CUST106883,0.0,0,0.0,1.0,0.0,2.61,400,148.34,1,0.0,2,At-Risk Customers
CUST106884,4752.97,2,2376.485,3.0,2.0,7.51,113,6305.2,1,0.0,1,Loyal Customers
CUST106885,1550.5,1,1550.5,1.0,0.0,1.93,108,1998.3,1,0.0,0,Potential Customers
CUST106886,755.98,1,755.98,4.0,0.0,4.6,54,1271.91,1,0.0,0,Potential Customers
CUST106887,2014.57,1,2014.57,2.0,0.0,3.19,21,3024.32,1,0.0,0,Potential Customers
CUST106888,1047.59,1,1047.59,4.0,0.0,2.35,41,2035.66,1,0.0,0,Potential Customers
CUST106889,1929.86,1,1929.86,2.0,2.0,4.69,254,2849.66,1,0.0,1,Loyal Customers
CUST106890,4785.23,3,1595.0766666666666,2.0,0.0,3.47,21,6636.07,1,0.0,3,High Value Customers
CUST106891,2417.68,1,2417.68,3.0,0.0,6.82,97,3436.7,1,0.0,0,Potential Customers
CUST106892,6121.89,6,1020.315,3.0,0.0,2.88,205,10092.71,1,0.0,3,High Value Customers
CUST106893,6375.81,2,3187.905,1.0,3.0,1.77,5,8707.32,1,1.0,1,Loyal Customers
CUST106894,6798.04,3,2266.0133333333333,1.0,0.0,3.51,207,8196.68,1,0.0,3,High Value Customers
CUST106895,5615.78,2,2807.89,4.0,0.0,4.83,250,6846.39,1,0.0,3,High Value Customers
CUST106896,3226.19,1,3226.19,5.0,0.0,6.22,267,4645.88,1,0.0,0,Potential Customers
CUST106897,0.0,0,0.0,5.0,0.0,3.56,400,0.0,1,0.0,2,At-Risk Customers
CUST106898,1639.79,1,1639.79,5.0,0.0,7.32,184,2222.96,1,1.0,0,Potential Customers
CUST106899,0.0,0,0.0,1.0,0.0,1.59,400,275.1,1,0.0,2,At-Risk Customers
CUST106900,1401.7,1,1401.7,3.0,2.0,8.05,284,2100.83,1,0.0,1,Loyal Customers
CUST106901,1465.79,1,1465.79,3.0,0.0,6.04,320,2291.85,1,0.0,0,Potential Customers
CUST106902,1276.5,1,1276.5,3.0,0.0,2.97,91,1920.87,1,1.0,0,Potential Customers
CUST106903,2541.92,1,2541.92,2.0,3.0,8.45,64,3162.24,1,1.0,1,Loyal Customers
CUST106904,2666.23,1,2666.23,4.0,0.0,5.04,102,3976.92,1,0.0,0,Potential Customers
CUST106905,1690.06,1,1690.06,3.0,0.0,9.92,341,2201.79,1,0.0,0,Potential Customers
CUST106906,0.0,0,0.0,3.0,0.0,2.35,400,30.7,1,0.0,2,At-Risk Customers
CUST106907,0.0,0,0.0,1.0,0.0,2.51,400,0.0,1,0.0,2,At-Risk Customers
CUST106908,1065.83,1,1065.83,1.0,0.0,5.96,183,1368.93,1,0.0,0,Potential Customers
CUST106909,938.55,1,938.55,1.0,0.0,4.25,176,1394.35,1,0.0,0,Potential Customers
CUST106910,8852.2,3,2950.7333333333336,2.0,0.0,1.48,326,12034.17,1,1.0,3,High Value Customers
CUST106911,3979.94,2,1989.97,3.0,1.0,15.02,285,5343.94,1,1.0,0,Potential Customers
CUST106912,2512.45,1,2512.45,1.0,0.0,13.82,299,3004.69,1,0.0,0,Potential Customers
CUST106913,3586.26,1,3586.26,1.0,1.0,4.64,267,5092.36,1,1.0,0,Potential Customers
CUST106914,1192.39,1,1192.39,3.0,0.0,2.51,101,1880.09,1,0.0,0,Potential Customers
CUST106915,2168.18,1,2168.18,2.0,0.0,2.55,301,2587.54,1,0.0,0,Potential Customers
CUST106916,3195.65,2,1597.825,1.0,0.0,5.32,191,4074.94,1,0.0,0,Potential Customers
CUST106917,8177.08,5,1635.416,5.0,0.0,11.08,265,12013.39,1,0.0,3,High Value Customers
CUST106918,0.0,0,0.0,6.0,0.0,23.312000000000044,400,15.06,1,0.0,2,At-Risk Customers
CUST106919,3085.24,1,3085.24,3.0,0.0,3.28,266,3956.41,1,0.0,0,Potential Customers
CUST106920,1312.87,2,656.435,5.0,0.0,3.16,255,2283.25,1,0.0,0,Potential Customers
CUST106921,2717.49,1,2717.49,0.0,3.0,3.61,187,3202.97,1,1.0,1,Loyal Customers
CUST106922,999.19,3,333.06333333333333,2.0,0.0,5.4,159,2013.85,1,0.0,0,Potential Customers
CUST106923,0.0,0,0.0,0.0,0.0,2.23,400,220.53,1,0.0,2,At-Risk Customers
CUST106924,0.0,0,0.0,2.0,0.0,1.56,400,60.74,1,0.0,2,At-Risk Customers
CUST106925,274.34,1,274.34,3.0,0.0,3.45,255,736.61,1,1.0,2,At-Risk Customers
CUST106926,6068.83,3,2022.9433333333334,1.0,0.0,5.04,18,7488.15,1,0.0,3,High Value Customers
CUST106927,8390.76,3,2796.92,5.0,0.0,13.46,92,10077.24,1,0.0,3,High Value Customers
CUST106928,0.0,0,0.0,2.0,0.0,1.9,400,0.0,1,0.0,2,At-Risk Customers
CUST106929,0.0,0,0.0,3.0,0.0,8.94,400,0.0,1,0.0,2,At-Risk Customers
CUST106930,1999.41,1,1999.41,1.0,0.0,3.78,185,2726.24,1,1.0,0,Potential Customers
CUST106931,512.97,2,256.485,2.0,0.0,3.42,52,1436.74,1,0.0,0,Potential Customers
CUST106932,0.0,0,0.0,0.0,0.0,1.37,400,0.0,1,0.0,2,At-Risk Customers
CUST106933,344.01,1,344.01,2.0,0.0,5.34,187,535.86,1,0.0,0,Potential Customers
CUST106934,917.64,1,917.64,3.0,0.0,4.92,32,1319.21,1,0.0,0,Potential Customers
CUST106935,2805.02,2,1402.51,3.0,0.0,19.83,76,4003.35,1,0.0,0,Potential Customers
CUST106936,808.99,2,404.495,4.0,1.0,3.39,64,1402.46,1,0.0,0,Potential Customers
CUST106937,3106.26,2,1553.13,6.0,0.0,12.03,309,4306.29,1,0.0,0,Potential Customers
CUST106938,4140.66,3,1380.22,1.0,2.0,3.28,104,5353.33,1,0.0,1,Loyal Customers
CUST106939,4113.9,2,2056.95,1.0,0.0,3.19,326,5000.29,1,0.0,0,Potential Customers
CUST106940,0.0,0,0.0,1.0,0.0,1.25,400,0.0,1,0.0,2,At-Risk Customers
CUST106941,9986.98,3,3328.9933333333333,3.0,0.0,9.07,94,13621.88,1,1.0,3,High Value Customers
CUST106942,0.0,0,0.0,1.0,0.0,4.47,400,0.0,1,0.0,2,At-Risk Customers
CUST106943,3976.18,1,3976.18,2.0,0.0,4.04,320,4967.55,1,0.0,0,Potential Customers
CUST106944,1891.26,1,1891.26,3.0,0.0,3.31,297,2667.76,1,0.0,0,Potential Customers
CUST106945,1596.49,2,798.245,0.0,0.0,4.78,236,2521.34,1,0.0,0,Potential Customers
CUST106946,0.0,0,0.0,1.0,0.0,2.47,400,0.0,1,0.0,2,At-Risk Customers
CUST106947,765.13,1,765.13,2.0,0.0,5.56,140,1296.22,1,0.0,0,Potential Customers
CUST106948,2574.7,2,1287.35,1.0,0.0,2.08,121,3811.38,1,0.0,0,Potential Customers
CUST106949,1966.48,1,1966.48,2.0,0.0,3.69,239,2487.74,1,0.0,0,Potential Customers
CUST106950,6258.7,2,3129.35,2.0,0.0,5.74,243,8577.35,1,0.0,3,High Value Customers
CUST106951,1685.41,1,1685.41,1.0,0.0,10.86,88,2527.25,1,0.0,0,Potential Customers
CUST106952,479.26,1,479.26,1.0,0.0,4.7,344,892.27,1,0.0,2,At-Risk Customers
CUST106953,0.0,0,0.0,5.0,0.0,10.05,400,49.95,1,0.0,2,At-Risk Customers
CUST106954,6116.33,2,3058.165,3.0,0.0,4.02,227,8345.72,1,0.0,3,High Value Customers
CUST106955,0.0,0,0.0,0.0,0.0,2.11,400,0.0,1,0.0,2,At-Risk Customers
CUST106956,0.0,0,0.0,2.0,0.0,17.41,400,0.0,1,0.0,2,At-Risk Customers
CUST106957,5512.34,2,2756.17,2.0,0.0,3.74,80,6604.32,1,0.0,3,High Value Customers
CUST106958,2281.21,1,2281.21,2.0,0.0,7.87,363,3316.45,1,0.0,0,Potential Customers
CUST106959,0.0,0,0.0,1.0,0.0,2.63,400,0.0,1,0.0,2,At-Risk Customers
CUST106960,0.0,0,0.0,3.0,0.0,5.84,400,123.11,1,0.0,2,At-Risk Customers
CUST106961,936.71,2,468.355,4.0,0.0,5.16,278,1595.14,1,1.0,0,Potential Customers
CUST106962,2254.16,1,2254.16,2.0,0.0,4.05,236,3069.68,1,0.0,0,Potential Customers
CUST106963,2680.15,1,2680.15,5.0,0.0,16.78,274,3087.88,1,0.0,0,Potential Customers
CUST106964,4611.84,2,2305.92,4.0,0.0,5.47,206,6509.43,1,0.0,3,High Value Customers
CUST106965,1880.05,2,940.025,2.0,0.0,3.13,88,2698.92,1,0.0,0,Potential Customers
CUST106966,0.0,0,0.0,2.0,0.0,12.2,400,107.88,1,0.0,2,At-Risk Customers
CUST106967,0.0,0,0.0,2.0,0.0,1.14,400,0.0,1,0.0,2,At-Risk Customers
CUST106968,0.0,0,0.0,2.0,0.0,1.46,400,0.0,1,0.0,2,At-Risk Customers
CUST106969,7935.2,3,2645.0666666666666,2.0,0.0,7.51,132,9889.73,1,0.0,3,High Value Customers
CUST106970,0.0,0,0.0,1.0,0.0,4.75,400,52.83,1,0.0,2,At-Risk Customers
CUST106971,1867.43,1,1867.43,2.0,0.0,2.77,169,2760.86,1,0.0,0,Potential Customers
CUST106972,2933.49,2,1466.745,2.0,0.0,5.34,206,4132.03,1,0.0,0,Potential Customers
CUST106973,1520.54,1,1520.54,2.0,0.0,8.55,89,1971.65,1,0.0,0,Potential Customers
CUST106974,2143.55,1,2143.55,4.0,0.0,1.94,290,3039.15,1,0.0,0,Potential Customers
CUST106975,2419.28,1,2419.28,3.0,0.0,3.81,208,3066.16,1,0.0,0,Potential Customers
CUST106976,3775.48,2,1887.74,1.0,0.0,4.17,285,4512.88,1,0.0,0,Potential Customers
CUST106977,0.0,0,0.0,5.0,0.0,5.02,400,0.0,1,0.0,2,At-Risk Customers
CUST106978,1823.96,1,1823.96,1.0,0.0,6.37,33,2705.2,1,1.0,0,Potential Customers
CUST106979,3059.14,1,3059.14,4.0,0.0,1.02,134,4133.75,1,0.0,0,Potential Customers
CUST106980,1959.86,1,1959.86,1.0,0.0,5.9,210,2531.81,1,0.0,0,Potential Customers
CUST106981,9497.61,6,1582.9350000000002,2.0,0.0,1.07,286,14751.5,1,1.0,3,High Value Customers
CUST106982,338.75,1,338.75,2.0,0.0,3.95,259,696.72,1,0.0,2,At-Risk Customers
CUST106983,0.0,0,0.0,4.0,1.0,1.94,400,0.0,1,0.0,2,At-Risk Customers
CUST106984,1198.15,1,1198.15,4.0,2.0,4.65,362,1648.2,1,1.0,1,Loyal Customers
CUST106985,796.44,3,265.48,3.0,0.0,6.46,17,1660.12,1,1.0,0,Potential Customers
CUST106986,2068.59,2,1034.295,3.0,0.0,4.22,62,3296.41,1,1.0,0,Potential Customers
CUST106987,608.28,1,608.28,1.0,0.0,2.57,115,1046.83,1,0.0,0,Potential Customers
CUST106988,915.95,1,915.95,1.0,0.0,1.61,44,1245.32,1,0.0,0,Potential Customers
CUST106989,4489.47,2,2244.735,3.0,0.0,3.95,137,6132.16,1,0.0,0,Potential Customers
CUST106990,2615.66,2,1307.83,4.0,0.0,3.05,354,3560.73,1,0.0,0,Potential Customers
CUST106991,2731.07,4,682.7675,4.0,0.0,5.13,60,4370.57,1,1.0,0,Potential Customers
CUST106992,0.0,0,0.0,3.0,0.0,3.0,400,32.96,1,0.0,2,At-Risk Customers
CUST106993,7691.93,2,3845.965,4.0,0.0,10.82,353,8929.57,1,0.0,3,High Value Customers
CUST106994,0.0,0,0.0,1.0,0.0,4.19,400,0.63,1,0.0,2,At-Risk Customers
CUST106995,0.0,0,0.0,2.0,0.0,7.72,400,168.73,1,0.0,2,At-Risk Customers
CUST106996,798.4,1,798.4,1.0,0.0,2.86,213,1062.88,1,0.0,0,Potential Customers
CUST106997,0.0,0,0.0,2.0,0.0,6.78,400,29.08,1,0.0,2,At-Risk Customers
CUST106998,0.0,0,0.0,4.0,0.0,6.28,400,12.86,1,0.0,2,At-Risk Customers
CUST106999,3830.35,2,1915.175,4.0,0.0,2.52,193,5595.88,1,0.0,0,Potential Customers
CUST107000,0.0,0,0.0,1.0,0.0,1.42,400,147.19,1,0.0,2,At-Risk Customers
CUST107001,4101.52,2,2050.76,7.0,0.0,9.85,184,5833.93,1,0.0,0,Potential Customers
CUST107002,1007.78,1,1007.78,3.0,2.0,3.02,17,1454.74,1,1.0,1,Loyal Customers
CUST107003,8111.82,3,2703.94,2.0,0.0,2.58,139,10226.21,1,1.0,3,High Value Customers
CUST107004,340.82,1,340.82,2.0,0.0,3.29,271,747.27,1,0.0,2,At-Risk Customers
CUST107005,0.0,0,0.0,2.0,0.0,2.09,400,0.0,1,0.0,2,At-Risk Customers
CUST107006,2993.6,1,2993.6,2.0,0.0,6.3,209,3993.1,1,0.0,0,Potential Customers
CUST107007,306.05,1,306.05,1.0,0.0,4.03,46,562.74,1,0.0,0,Potential Customers
CUST107008,0.0,0,0.0,4.0,0.0,4.21,400,321.71,1,0.0,2,At-Risk Customers
CUST107009,1903.87,1,1903.87,3.0,0.0,9.0,80,2501.92,1,0.0,0,Potential Customers
CUST107010,690.26,1,690.26,2.0,0.0,4.35,189,1415.17,1,0.0,0,Potential Customers
CUST107011,10688.34,4,2672.085,4.0,0.0,12.22,178,13492.45,1,0.0,3,High Value Customers
CUST107012,0.0,0,0.0,4.0,2.0,4.0,400,84.71,1,0.0,1,Loyal Customers
CUST107013,601.17,1,601.17,1.0,0.0,1.41,164,1044.44,1,0.0,0,Potential Customers
CUST107014,572.18,2,286.09,1.0,0.0,2.18,233,1364.11,1,0.0,0,Potential Customers
CUST107015,0.0,0,0.0,2.0,0.0,2.44,400,49.53,1,0.0,2,At-Risk Customers
CUST107016,2834.4,2,1417.2,5.0,3.0,4.39,218,3786.25,1,1.0,1,Loyal Customers
CUST107017,2547.55,2,1273.775,1.0,0.0,11.77,114,3672.2,1,1.0,0,Potential Customers
CUST107018,764.01,1,764.01,4.0,0.0,4.63,312,1200.88,1,0.0,2,At-Risk Customers
CUST107019,1917.27,1,1917.27,1.0,0.0,3.46,52,2219.22,1,0.0,0,Potential Customers
CUST107020,0.0,0,0.0,5.0,2.0,3.28,400,0.0,1,0.0,1,Loyal Customers
CUST107021,2439.43,1,2439.43,1.0,0.0,5.94,248,3286.68,1,0.0,0,Potential Customers
CUST107022,800.6,1,800.6,1.0,0.0,5.42,245,800.9,1,0.0,0,Potential Customers
CUST107023,1246.38,1,1246.38,3.0,0.0,7.09,227,1995.09,1,1.0,0,Potential Customers
CUST107024,4817.35,3,1605.7833333333335,3.0,0.0,2.48,143,6365.83,1,0.0,3,High Value Customers
CUST107025,11589.14840000001,4,2897.2871000000023,2.0,0.0,19.6,19,16817.88,1,0.0,3,High Value Customers
CUST107026,2116.56,1,2116.56,3.0,0.0,3.19,63,2553.55,1,0.0,0,Potential Customers
CUST107027,1628.06,1,1628.06,2.0,0.0,2.6,42,2361.46,1,0.0,0,Potential Customers
CUST107028,4453.47,2,2226.735,2.0,0.0,9.36,233,5257.98,1,0.0,0,Potential Customers
CUST107029,1284.72,1,1284.72,4.0,0.0,7.63,15,1742.92,1,0.0,0,Potential Customers
CUST107030,7334.21,3,2444.7366666666667,1.0,0.0,2.58,45,9546.05,1,0.0,3,High Value Customers
CUST107031,5306.24,3,1768.7466666666667,1.0,0.0,6.52,259,7872.38,1,0.0,3,High Value Customers
CUST107032,1471.66,1,1471.66,3.0,0.0,3.01,147,1989.34,1,0.0,0,Potential Customers
CUST107033,7335.95,3,2445.3166666666666,3.0,0.0,5.44,319,9873.13,1,0.0,3,High Value Customers
CUST107034,5213.85,3,1737.95,1.0,0.0,4.78,211,8083.88,1,1.0,3,High Value Customers
CUST107035,4217.77,2,2108.885,6.0,0.0,23.312000000000044,5,5298.43,1,0.0,0,Potential Customers
CUST107036,0.0,0,0.0,4.0,0.0,10.73,400,0.0,1,0.0,2,At-Risk Customers
CUST107037,1785.69,1,1785.69,4.0,0.0,8.56,1,2480.43,1,0.0,0,Potential Customers
CUST107038,1265.77,1,1265.77,1.0,0.0,6.93,269,1888.0,1,0.0,0,Potential Customers
CUST107039,0.0,0,0.0,3.0,0.0,1.69,400,50.96,1,0.0,2,At-Risk Customers
CUST107040,0.0,0,0.0,2.0,0.0,4.62,400,238.62,1,0.0,2,At-Risk Customers
CUST107041,3879.03,2,1939.515,1.0,0.0,2.98,214,5130.86,1,0.0,0,Potential Customers
CUST107042,0.0,0,0.0,4.0,0.0,3.91,400,0.0,1,0.0,2,At-Risk Customers
CUST107043,1004.89,1,1004.89,1.0,0.0,4.31,358,1393.42,1,0.0,2,At-Risk Customers
CUST107044,0.0,0,0.0,2.0,0.0,1.22,400,168.64,1,0.0,2,At-Risk Customers
CUST107045,0.0,0,0.0,1.0,0.0,3.32,400,0.0,1,0.0,2,At-Risk Customers
CUST107046,0.0,0,0.0,4.0,0.0,4.43,400,0.0,1,0.0,2,At-Risk Customers
CUST107047,3254.86,2,1627.43,5.0,2.0,7.75,36,4576.08,1,0.0,1,Loyal Customers
CUST107048,3865.43,2,1932.715,2.0,0.0,2.34,27,5940.36,1,0.0,0,Potential Customers
CUST107049,7326.23,2,3663.115,1.0,0.0,2.33,332,9856.75,1,0.0,3,High Value Customers
CUST107050,0.0,0,0.0,3.0,0.0,2.23,400,0.0,1,0.0,2,At-Risk Customers
CUST107051,0.0,0,0.0,4.0,0.0,3.25,400,151.92,1,0.0,2,At-Risk Customers
CUST107052,7086.13,4,1771.5325,2.0,0.0,1.84,358,10470.09,1,0.0,3,High Value Customers
CUST107053,4996.32,2,2498.16,3.0,0.0,10.27,18,6846.99,1,0.0,3,High Value Customers
CUST107054,1047.0,1,1047.0,5.0,0.0,6.98,284,1515.14,1,0.0,0,Potential Customers
CUST107055,2290.13,2,1145.065,8.0,2.0,23.312000000000044,21,3561.0,1,0.0,1,Loyal Customers
CUST107056,5947.89,2,2973.945,2.0,0.0,2.8,4,8105.64,1,1.0,3,High Value Customers
CUST107057,804.6,3,268.2,2.0,0.0,7.41,55,2048.84,1,1.0,0,Potential Customers
CUST107058,962.46,1,962.46,3.0,0.0,4.02,352,1377.7,1,0.0,2,At-Risk Customers
CUST107059,5903.1,3,1967.7,6.0,0.0,11.34,93,7737.56,1,1.0,3,High Value Customers
CUST107060,6163.51,2,3081.755,0.0,0.0,3.49,307,7474.02,1,0.0,3,High Value Customers
CUST107061,988.92,2,494.46,2.0,0.0,3.82,43,1836.98,1,1.0,0,Potential Customers
CUST107062,0.0,0,0.0,2.0,0.0,9.9,400,8.42,1,0.0,2,At-Risk Customers
CUST107063,2189.67,1,2189.67,2.0,0.0,9.49,360,2881.58,1,0.0,0,Potential Customers
CUST107064,4194.19,2,2097.095,2.0,0.0,2.04,218,5361.97,1,0.0,0,Potential Customers
CUST107065,0.0,0,0.0,1.0,0.0,3.77,400,31.03,1,0.0,2,At-Risk Customers
CUST107066,0.0,0,0.0,3.0,0.0,11.0,400,0.0,1,0.0,2,At-Risk Customers
CUST107067,0.0,0,0.0,4.0,0.0,3.13,400,8.12,1,0.0,2,At-Risk Customers
CUST107068,4940.51,3,1646.8366666666668,2.0,0.0,5.02,307,7545.19,1,0.0,3,High Value Customers
CUST107069,0.0,0,0.0,1.0,0.0,5.91,400,0.0,1,0.0,2,At-Risk Customers
CUST107070,0.0,0,0.0,5.0,0.0,10.87,400,0.0,1,1.0,2,At-Risk Customers
CUST107071,1344.47,1,1344.47,1.0,1.0,6.47,97,1642.04,1,1.0,0,Potential Customers
CUST107072,1900.97,1,1900.97,1.0,0.0,3.42,126,2826.22,1,0.0,0,Potential Customers
CUST107073,3793.7,3,1264.5666666666666,0.0,0.0,1.03,20,4518.95,1,0.0,0,Potential Customers
CUST107074,2410.86,1,2410.86,3.0,0.0,6.64,82,3410.98,1,0.0,0,Potential Customers
CUST107075,2530.05,1,2530.05,1.0,0.0,4.58,312,3343.52,1,0.0,0,Potential Customers
CUST107076,3807.23,2,1903.615,7.0,0.0,14.06,21,5434.22,1,0.0,0,Potential Customers
CUST107077,2063.44,1,2063.44,3.0,0.0,6.07,228,2757.64,1,0.0,0,Potential Customers
CUST107078,1042.95,2,521.475,3.0,0.0,2.73,72,1497.24,1,0.0,0,Potential Customers
CUST107079,0.0,0,0.0,5.0,0.0,1.69,400,0.0,1,0.0,2,At-Risk Customers
CUST107080,5094.04,2,2547.02,3.0,0.0,3.59,278,6091.72,1,1.0,3,High Value Customers
CUST107081,7451.13,3,2483.71,3.0,0.0,5.23,99,9778.29,1,1.0,3,High Value Customers
CUST107082,3537.89,2,1768.945,3.0,0.0,4.36,291,4215.84,1,0.0,0,Potential Customers
CUST107083,2992.95,2,1496.475,2.0,0.0,1.68,146,4312.51,1,0.0,0,Potential Customers
CUST107084,1674.93,2,837.465,2.0,0.0,0.76,40,2707.04,1,1.0,0,Potential Customers
CUST107085,0.0,0,0.0,0.0,0.0,2.08,400,88.47,1,0.0,2,At-Risk Customers
CUST107086,0.0,0,0.0,3.0,0.0,0.76,400,0.0,1,0.0,2,At-Risk Customers
CUST107087,0.0,0,0.0,2.0,0.0,2.04,400,32.96,1,0.0,2,At-Risk Customers
CUST107088,0.0,0,0.0,4.0,2.0,4.8,400,0.0,1,0.0,1,Loyal Customers
CUST107089,2102.98,1,2102.98,4.0,0.0,11.16,84,2838.4,1,0.0,0,Potential Customers
CUST107090,0.0,0,0.0,2.0,0.0,0.76,400,52.09,1,0.0,2,At-Risk Customers
CUST107091,1560.08,1,1560.08,5.0,0.0,1.98,189,2070.91,1,0.0,0,Potential Customers
CUST107092,3339.38,1,3339.38,1.0,2.0,5.35,228,4157.8,1,1.0,1,Loyal Customers
CUST107093,0.0,0,0.0,2.0,0.0,2.96,400,0.0,1,0.0,2,At-Risk Customers
CUST107094,1793.51,2,896.755,1.0,0.0,4.54,50,2657.03,1,0.0,0,Potential Customers
CUST107095,6220.98,2,3110.49,1.0,0.0,5.28,81,8844.82,1,1.0,3,High Value Customers
CUST107096,5883.93,2,2941.965,2.0,1.0,3.04,296,7520.63,1,0.0,3,High Value Customers
CUST107097,1321.64,1,1321.64,1.0,0.0,9.42,318,1838.16,1,1.0,0,Potential Customers
CUST107098,0.0,0,0.0,7.0,0.0,22.2,400,185.69,1,0.0,2,At-Risk Customers
CUST107099,1952.74,1,1952.74,2.0,0.0,1.92,361,2793.26,1,0.0,0,Potential Customers
CUST107100,1126.64,1,1126.64,4.0,0.0,7.76,290,1433.98,1,0.0,0,Potential Customers
CUST107101,0.0,0,0.0,3.0,0.0,17.73,400,0.0,1,0.0,2,At-Risk Customers
CUST107102,0.0,0,0.0,6.0,0.0,11.17,400,79.04,1,0.0,2,At-Risk Customers
CUST107103,2011.29,1,2011.29,1.0,0.0,2.5,73,2845.21,1,0.0,0,Potential Customers
CUST107104,1598.14,1,1598.14,3.0,0.0,3.22,229,2030.47,1,0.0,0,Potential Customers
CUST107105,2900.8,2,1450.4,0.0,0.0,1.21,160,4060.03,1,0.0,0,Potential Customers
CUST107106,2313.26,1,2313.26,2.0,0.0,2.72,313,3061.2,1,0.0,0,Potential Customers
CUST107107,4041.04,2,2020.52,1.0,0.0,2.78,99,5187.81,1,0.0,0,Potential Customers
CUST107108,2688.32,1,2688.32,2.0,0.0,5.59,186,3764.54,1,0.0,0,Potential Customers
CUST107109,335.14,1,335.14,3.0,0.0,1.83,130,744.98,1,0.0,0,Potential Customers
CUST107110,0.0,0,0.0,3.0,0.0,4.27,400,0.0,1,0.0,2,At-Risk Customers
CUST107111,2873.68,1,2873.68,1.0,3.0,4.69,101,3866.23,1,0.0,1,Loyal Customers
CUST107112,3433.04,1,3433.04,2.0,0.0,2.93,96,4244.22,1,0.0,0,Potential Customers
CUST107113,1754.89,1,1754.89,2.0,0.0,7.29,213,2068.07,1,0.0,0,Potential Customers
CUST107114,343.78,1,343.78,1.0,0.0,2.96,299,976.59,1,0.0,2,At-Risk Customers
CUST107115,11589.14840000001,4,2897.2871000000023,1.0,0.0,5.09,189,17551.12,1,0.0,3,High Value Customers
CUST107116,1292.58,1,1292.58,2.0,0.0,1.63,166,1775.36,1,0.0,0,Potential Customers
CUST107117,519.66,2,259.83,2.0,0.0,2.35,228,1601.1,1,0.0,0,Potential Customers
CUST107118,1967.93,2,983.965,3.0,0.0,7.94,116,3117.75,1,1.0,0,Potential Customers
CUST107119,1820.82,1,1820.82,3.0,0.0,1.26,73,2148.82,1,0.0,0,Potential Customers
CUST107120,2939.88,2,1469.94,4.0,0.0,6.87,81,3563.46,1,0.0,0,Potential Customers
CUST107121,598.6,1,598.6,3.0,0.0,3.22,162,1018.83,1,0.0,0,Potential Customers
CUST107122,0.0,0,0.0,3.0,0.0,0.98,400,0.0,1,0.0,2,At-Risk Customers
CUST107123,9819.21,3,3273.0699999999997,4.0,0.0,2.97,350,11761.21,1,1.0,3,High Value Customers
CUST107124,2226.91,2,1113.455,3.0,0.0,6.78,305,3554.26,1,0.0,0,Potential Customers
CUST107125,0.0,0,0.0,5.0,0.0,20.39,400,111.88,1,0.0,2,At-Risk Customers
CUST107126,0.0,0,0.0,5.0,3.0,14.97,400,195.07,1,0.0,1,Loyal Customers
CUST107127,637.02,1,637.02,5.0,1.0,2.11,250,958.29,1,0.0,2,At-Risk Customers
CUST107128,2970.25,1,2970.25,1.0,0.0,7.1,132,3971.82,1,0.0,0,Potential Customers
CUST107129,1979.51,1,1979.51,1.0,0.0,2.96,343,2927.54,1,1.0,0,Potential Customers
CUST107130,1750.76,1,1750.76,0.0,0.0,2.64,247,2393.19,1,0.0,0,Potential Customers
CUST107131,1848.28,2,924.14,1.0,0.0,8.2,72,2801.13,1,0.0,0,Potential Customers
CUST107132,0.0,0,0.0,1.0,0.0,4.75,400,41.22,1,0.0,2,At-Risk Customers
CUST107133,4830.58,2,2415.29,1.0,0.0,4.77,107,7003.05,1,1.0,3,High Value Customers
CUST107134,1625.59,1,1625.59,3.0,0.0,1.25,319,1918.57,1,0.0,0,Potential Customers
CUST107135,4175.68,2,2087.84,3.0,0.0,2.06,270,4895.5,1,1.0,0,Potential Customers
CUST107136,0.0,0,0.0,3.0,0.0,2.16,400,0.0,1,0.0,2,At-Risk Customers
CUST107137,0.0,0,0.0,1.0,0.0,5.81,400,207.22,1,0.0,2,At-Risk Customers
CUST107138,1215.28,1,1215.28,2.0,0.0,6.77,94,1700.94,1,0.0,0,Potential Customers
CUST107139,0.0,0,0.0,5.0,3.0,13.66,400,0.0,1,1.0,1,Loyal Customers
CUST107140,0.0,0,0.0,1.0,0.0,2.1,400,0.0,1,0.0,2,At-Risk Customers
CUST107141,2644.23,2,1322.115,7.0,0.0,13.89,248,3437.23,1,0.0,0,Potential Customers
CUST107142,0.0,0,0.0,1.0,0.0,3.38,400,0.0,1,0.0,2,At-Risk Customers
CUST107143,1745.98,2,872.99,4.0,0.0,4.29,39,2700.25,1,0.0,0,Potential Customers
CUST107144,11589.14840000001,5,2317.8296800000016,1.0,0.0,4.02,85,17486.77,1,1.0,3,High Value Customers
CUST107145,0.0,0,0.0,2.0,0.0,4.84,400,0.0,1,0.0,2,At-Risk Customers
CUST107146,1115.21,1,1115.21,3.0,0.0,6.61,112,1419.71,1,0.0,0,Potential Customers
CUST107147,1527.49,1,1527.49,3.0,0.0,8.38,137,2031.9,1,1.0,0,Potential Customers
CUST107148,1215.59,1,1215.59,4.0,0.0,3.42,214,1710.26,1,0.0,0,Potential Customers
CUST107149,1451.22,1,1451.22,5.0,0.0,4.32,144,1843.75,1,0.0,0,Potential Customers
CUST107150,916.56,1,916.56,1.0,0.0,2.14,241,1445.07,1,0.0,0,Potential Customers
CUST107151,2635.15,1,2635.15,2.0,0.0,6.52,63,3526.71,1,1.0,0,Potential Customers
CUST107152,7454.04,4,1863.51,2.0,0.0,4.89,71,9669.91,1,0.0,3,High Value Customers
CUST107153,7873.77,3,2624.59,2.0,0.0,2.35,164,9702.5,1,0.0,3,High Value Customers
CUST107154,943.6,1,943.6,0.0,0.0,1.7,132,1620.03,1,0.0,0,Potential Customers
CUST107155,2866.97,1,2866.97,1.0,0.0,4.54,49,3331.86,1,0.0,0,Potential Customers
CUST107156,2261.26,1,2261.26,3.0,0.0,10.12,352,2987.27,1,0.0,0,Potential Customers
CUST107157,6745.66,4,1686.415,2.0,0.0,12.31,167,8713.51,1,0.0,3,High Value Customers
CUST107158,3194.02,1,3194.02,0.0,0.0,1.64,14,4458.85,1,0.0,0,Potential Customers
CUST107159,0.0,0,0.0,1.0,1.0,7.8,400,23.79,1,0.0,2,At-Risk Customers
CUST107160,1523.94,1,1523.94,2.0,0.0,7.09,52,2350.21,1,0.0,0,Potential Customers
CUST107161,1528.37,5,305.674,1.0,0.0,10.69,36,3666.2,1,0.0,0,Potential Customers
CUST107162,849.6,1,849.6,3.0,0.0,5.66,66,1519.81,1,0.0,0,Potential Customers
CUST107163,0.0,0,0.0,2.0,0.0,3.21,400,126.98,1,1.0,2,At-Risk Customers
CUST107164,0.0,0,0.0,1.0,0.0,7.03,400,78.04,1,0.0,2,At-Risk Customers
CUST107165,4239.44,3,1413.1466666666665,1.0,0.0,0.76,188,5140.86,1,0.0,0,Potential Customers
CUST107166,0.0,0,0.0,1.0,0.0,2.03,400,0.0,1,0.0,2,At-Risk Customers
CUST107167,2177.76,1,2177.76,2.0,0.0,2.21,189,3040.37,1,0.0,0,Potential Customers
CUST107168,486.53,1,486.53,4.0,0.0,2.53,64,818.8,1,0.0,0,Potential Customers
CUST107169,0.0,0,0.0,3.0,0.0,1.4,400,0.0,1,0.0,2,At-Risk Customers
CUST107170,2521.25,1,2521.25,2.0,0.0,2.73,331,3797.55,1,0.0,0,Potential Customers
CUST107171,0.0,0,0.0,1.0,0.0,2.75,400,0.0,1,0.0,2,At-Risk Customers
CUST107172,3050.12,1,3050.12,3.0,0.0,3.37,357,4478.93,1,0.0,0,Potential Customers
CUST107173,2253.97,2,1126.985,3.0,0.0,4.95,80,2956.9,1,1.0,0,Potential Customers
CUST107174,1942.57,1,1942.57,2.0,0.0,1.69,30,3060.35,1,0.0,0,Potential Customers
CUST107175,2869.52,2,1434.76,2.0,0.0,2.95,187,4278.64,1,0.0,0,Potential Customers
CUST107176,2101.06,2,1050.53,2.0,0.0,3.8,308,3494.68,1,0.0,0,Potential Customers
CUST107177,1231.32,1,1231.32,1.0,0.0,1.11,156,1808.5,1,0.0,0,Potential Customers
CUST107178,1060.47,1,1060.47,3.0,0.0,3.85,190,1783.39,1,0.0,0,Potential Customers
CUST107179,0.0,0,0.0,2.0,0.0,4.79,400,101.58,1,0.0,2,At-Risk Customers
CUST107180,3991.58,2,1995.79,6.0,0.0,6.89,276,5253.26,1,0.0,0,Potential Customers
CUST107181,1767.18,1,1767.18,3.0,2.0,1.61,15,2264.1,1,1.0,1,Loyal Customers
CUST107182,5171.53,2,2585.765,2.0,0.0,3.65,243,7080.59,1,1.0,3,High Value Customers
CUST107183,6943.23,3,2314.41,4.0,0.0,9.66,97,9847.58,1,0.0,3,High Value Customers
CUST107184,3076.62,2,1538.31,2.0,0.0,1.2,199,4600.09,1,0.0,0,Potential Customers
CUST107185,0.0,0,0.0,2.0,0.0,4.04,400,221.01,1,0.0,2,At-Risk Customers
CUST107186,1399.15,1,1399.15,1.0,0.0,1.4,178,1846.79,1,0.0,0,Potential Customers
CUST107187,554.9,1,554.9,5.0,3.0,3.0,85,1055.67,1,0.0,1,Loyal Customers
CUST107188,0.0,0,0.0,0.0,0.0,2.31,400,110.96,1,0.0,2,At-Risk Customers
CUST107189,2250.01,1,2250.01,1.0,0.0,5.27,304,3217.13,1,0.0,0,Potential Customers
CUST107190,0.0,0,0.0,3.0,0.0,3.3,400,140.95,1,0.0,2,At-Risk Customers
CUST107191,0.0,0,0.0,1.0,0.0,1.66,400,189.25,1,0.0,2,At-Risk Customers
CUST107192,2632.3,1,2632.3,4.0,0.0,11.78,348,3492.65,1,0.0,0,Potential Customers
CUST107193,0.0,0,0.0,2.0,0.0,4.59,400,0.0,1,0.0,2,At-Risk Customers
CUST107194,2918.78,1,2918.78,1.0,0.0,8.09,272,3314.16,1,0.0,0,Potential Customers
CUST107195,1141.44,1,1141.44,2.0,0.0,1.88,259,1937.82,1,1.0,0,Potential Customers
CUST107196,0.0,0,0.0,1.0,0.0,3.08,400,0.0,1,0.0,2,At-Risk Customers
CUST107197,6029.36,2,3014.68,7.0,3.0,8.16,250,8131.58,1,1.0,1,Loyal Customers
CUST107198,1960.44,1,1960.44,2.0,0.0,4.02,214,2532.15,1,0.0,0,Potential Customers
CUST107199,1689.13,1,1689.13,4.0,0.0,4.04,142,2305.74,1,0.0,0,Potential Customers
CUST107200,2905.14,1,2905.14,3.0,0.0,3.87,30,3866.43,1,0.0,0,Potential Customers
CUST107201,1386.19,1,1386.19,3.0,0.0,0.78,44,1794.57,1,0.0,0,Potential Customers
CUST107202,293.91,1,293.91,2.0,0.0,3.86,42,617.42,1,0.0,0,Potential Customers
CUST107203,828.92,1,828.92,3.0,0.0,3.02,185,1444.95,1,0.0,0,Potential Customers
CUST107204,6140.1,2,3070.05,3.0,0.0,3.61,324,7249.04,1,0.0,3,High Value Customers
CUST107205,1820.71,1,1820.71,0.0,0.0,2.45,364,2254.29,1,0.0,0,Potential Customers
CUST107206,1607.18,1,1607.18,3.0,0.0,1.65,219,2228.44,1,0.0,0,Potential Customers
CUST107207,2230.36,1,2230.36,1.0,0.0,2.29,222,3279.67,1,0.0,0,Potential Customers
CUST107208,3031.24,2,1515.62,1.0,0.0,2.8,13,4378.74,1,0.0,0,Potential Customers
CUST107209,264.48,1,264.48,4.0,0.0,6.2,312,696.5,1,0.0,2,At-Risk Customers
CUST107210,4172.64,3,1390.88,1.0,0.0,2.74,329,5733.95,1,0.0,3,High Value Customers
CUST107211,2972.55,2,1486.275,2.0,1.0,4.38,77,3618.62,1,0.0,0,Potential Customers
CUST107212,3147.76,3,1049.2533333333333,5.0,0.0,4.67,235,4683.93,1,0.0,0,Potential Customers
CUST107213,4745.5,2,2372.75,2.0,0.0,2.78,47,6274.21,1,0.0,3,High Value Customers
CUST107214,3059.91,4,764.9775,2.0,0.0,8.0,98,4357.57,1,1.0,0,Potential Customers
CUST107215,1530.07,1,1530.07,1.0,0.0,3.12,128,2060.73,1,0.0,0,Potential Customers
CUST107216,3030.73,2,1515.365,1.0,0.0,2.74,132,4623.98,1,0.0,0,Potential Customers
CUST107217,0.0,0,0.0,1.0,0.0,8.79,400,32.25,1,0.0,2,At-Risk Customers
CUST107218,1709.59,1,1709.59,1.0,0.0,4.46,241,2492.05,1,0.0,0,Potential Customers
CUST107219,815.12,1,815.12,0.0,0.0,0.76,15,1144.4,1,0.0,0,Potential Customers
CUST107220,0.0,0,0.0,2.0,0.0,0.76,400,249.16,1,0.0,2,At-Risk Customers
CUST107221,0.0,0,0.0,3.0,0.0,12.37,400,82.55,1,0.0,2,At-Risk Customers
CUST107222,0.0,0,0.0,0.0,0.0,4.3,400,0.0,1,0.0,2,At-Risk Customers
CUST107223,2698.17,1,2698.17,2.0,0.0,3.59,31,3126.8,1,0.0,0,Potential Customers
CUST107224,0.0,0,0.0,2.0,0.0,0.86,400,0.0,1,0.0,2,At-Risk Customers
CUST107225,8758.69,3,2919.5633333333335,3.0,2.0,3.66,74,11108.43,1,1.0,3,High Value Customers
CUST107226,991.92,1,991.92,3.0,0.0,1.94,152,1335.24,1,0.0,0,Potential Customers
CUST107227,3177.2,2,1588.6,2.0,0.0,3.25,171,4248.47,1,0.0,0,Potential Customers
CUST107228,881.37,1,881.37,1.0,0.0,2.44,344,1310.47,1,0.0,2,At-Risk Customers
CUST107229,5249.67,2,2624.835,1.0,0.0,3.31,122,7852.17,1,0.0,3,High Value Customers
CUST107230,0.0,0,0.0,3.0,0.0,4.64,400,0.0,1,0.0,2,At-Risk Customers
CUST107231,1921.52,1,1921.52,2.0,0.0,5.26,92,2686.6,1,1.0,0,Potential Customers
CUST107232,0.0,0,0.0,2.0,0.0,3.87,400,0.0,1,0.0,2,At-Risk Customers
CUST107233,1731.2,1,1731.2,0.0,0.0,4.37,262,1958.93,1,0.0,0,Potential Customers
CUST107234,8152.74,3,2717.58,2.0,0.0,1.16,335,11832.06,1,0.0,3,High Value Customers
CUST107235,0.0,0,0.0,1.0,3.0,3.82,400,14.01,1,0.0,1,Loyal Customers
CUST107236,0.0,0,0.0,2.0,0.0,4.69,400,0.0,1,0.0,2,At-Risk Customers
CUST107237,0.0,0,0.0,5.0,0.0,3.84,400,0.0,1,0.0,2,At-Risk Customers
CUST107238,7181.18,3,2393.726666666667,3.0,0.0,11.47,8,7990.61,1,0.0,3,High Value Customers
CUST107239,1057.66,2,528.83,0.0,0.0,3.37,186,1587.74,1,0.0,0,Potential Customers
CUST107240,771.28,1,771.28,3.0,2.0,1.6,202,1222.99,1,1.0,1,Loyal Customers
CUST107241,326.14,1,326.14,2.0,0.0,4.05,133,716.13,1,0.0,0,Potential Customers
CUST107242,0.0,0,0.0,1.0,0.0,2.71,400,112.51,1,0.0,2,At-Risk Customers
CUST107243,0.0,0,0.0,2.0,0.0,1.21,400,0.0,1,0.0,2,At-Risk Customers
CUST107244,624.0,1,624.0,3.0,0.0,3.28,137,1140.59,1,0.0,0,Potential Customers
CUST107245,926.37,1,926.37,2.0,0.0,11.39,276,1510.1,1,0.0,0,Potential Customers
CUST107246,3660.11,1,3660.11,4.0,0.0,3.13,105,4843.55,1,0.0,0,Potential Customers
CUST107247,0.0,0,0.0,2.0,0.0,8.66,400,0.0,1,0.0,2,At-Risk Customers
CUST107248,0.0,0,0.0,2.0,0.0,6.7,400,48.78,1,0.0,2,At-Risk Customers
CUST107249,0.0,0,0.0,3.0,0.0,21.26,400,0.0,1,1.0,2,At-Risk Customers
CUST107250,2538.6,1,2538.6,4.0,0.0,5.57,300,3311.85,1,0.0,0,Potential Customers
CUST107251,0.0,0,0.0,1.0,0.0,4.28,400,0.0,1,0.0,2,At-Risk Customers
CUST107252,1724.74,1,1724.74,1.0,0.0,4.32,349,2366.81,1,0.0,0,Potential Customers
CUST107253,1551.02,1,1551.02,4.0,0.0,4.93,43,2362.94,1,0.0,0,Potential Customers
CUST107254,4250.44,4,1062.61,1.0,0.0,3.38,334,5475.97,1,0.0,3,High Value Customers
CUST107255,1815.85,1,1815.85,1.0,0.0,2.84,83,2533.44,1,0.0,0,Potential Customers
CUST107256,9521.35,3,3173.7833333333333,3.0,0.0,5.6,144,11377.07,1,0.0,3,High Value Customers
CUST107257,8341.29,3,2780.4300000000003,3.0,0.0,2.6,32,12496.2,1,0.0,3,High Value Customers
CUST107258,0.0,0,0.0,3.0,0.0,1.1,400,0.0,1,0.0,2,At-Risk Customers
CUST107259,3579.15,1,3579.15,0.0,0.0,1.62,363,5056.02,1,0.0,0,Potential Customers
CUST107260,3360.6,3,1120.2,3.0,0.0,12.84,318,4277.34,1,0.0,0,Potential Customers
CUST107261,1187.58,1,1187.58,2.0,0.0,3.24,126,1596.62,1,0.0,0,Potential Customers
CUST107262,1861.93,1,1861.93,3.0,0.0,6.94,187,2282.4,1,0.0,0,Potential Customers
CUST107263,2681.53,1,2681.53,3.0,0.0,2.49,197,3822.42,1,0.0,0,Potential Customers
CUST107264,1195.99,1,1195.99,2.0,0.0,7.56,65,1665.7,1,0.0,0,Potential Customers
CUST107265,1426.76,1,1426.76,3.0,0.0,5.37,322,1804.6,1,0.0,0,Potential Customers
CUST107266,4069.82,2,2034.91,2.0,0.0,16.34,150,5296.44,1,0.0,0,Potential Customers
CUST107267,3699.01,2,1849.505,5.0,0.0,10.19,199,5261.36,1,0.0,0,Potential Customers
CUST107268,259.93,1,259.93,6.0,0.0,6.79,308,569.39,1,0.0,2,At-Risk Customers
CUST107269,4057.09,2,2028.545,4.0,0.0,2.69,319,4760.88,1,0.0,0,Potential Customers
CUST107270,867.6,3,289.2,1.0,0.0,1.78,107,1657.53,1,0.0,0,Potential Customers
CUST107271,414.55,1,414.55,5.0,2.0,3.68,334,869.63,1,0.0,1,Loyal Customers
CUST107272,2342.68,2,1171.34,4.0,0.0,4.11,23,3141.31,1,0.0,0,Potential Customers
CUST107273,0.0,0,0.0,1.0,0.0,3.05,400,0.0,1,0.0,2,At-Risk Customers
CUST107274,1886.74,1,1886.74,3.0,0.0,6.64,229,2368.24,1,0.0,0,Potential Customers
CUST107275,2171.05,1,2171.05,2.0,0.0,4.28,57,3094.14,1,0.0,0,Potential Customers
CUST107276,0.0,0,0.0,4.0,0.0,4.05,400,0.0,1,0.0,2,At-Risk Customers
CUST107277,0.0,0,0.0,3.0,2.0,11.79,400,0.0,1,1.0,1,Loyal Customers
CUST107278,2820.76,2,1410.38,1.0,0.0,4.36,233,4245.57,1,0.0,0,Potential Customers
CUST107279,2038.96,1,2038.96,2.0,0.0,1.57,316,2671.6,1,0.0,0,Potential Customers
CUST107280,2506.39,1,2506.39,1.0,0.0,8.3,149,3341.78,1,0.0,0,Potential Customers
CUST107281,3336.08,2,1668.04,2.0,0.0,4.7,264,4100.06,1,0.0,0,Potential Customers
CUST107282,0.0,0,0.0,3.0,0.0,3.35,400,0.0,1,0.0,2,At-Risk Customers
CUST107283,5850.73,3,1950.243333333333,2.0,0.0,2.08,28,7396.73,1,0.0,3,High Value Customers
CUST107284,2741.26,1,2741.26,4.0,0.0,9.8,364,3633.77,1,0.0,0,Potential Customers
CUST107285,2169.42,1,2169.42,2.0,0.0,13.24,98,2795.38,1,0.0,0,Potential Customers
CUST107286,2829.63,3,943.21,1.0,0.0,2.53,322,4414.51,1,0.0,0,Potential Customers
CUST107287,2507.7,1,2507.7,1.0,0.0,4.99,230,3270.91,1,0.0,0,Potential Customers
CUST107288,1771.33,1,1771.33,4.0,0.0,5.51,259,2563.94,1,0.0,0,Potential Customers
CUST107289,722.68,1,722.68,1.0,0.0,1.2,23,1113.12,1,0.0,0,Potential Customers
CUST107290,1716.87,1,1716.87,2.0,0.0,3.93,28,2125.59,1,0.0,0,Potential Customers
CUST107291,1729.63,2,864.815,4.0,0.0,1.2,4,2568.85,1,0.0,0,Potential Customers
CUST107292,2478.31,1,2478.31,3.0,0.0,4.02,345,3351.88,1,0.0,0,Potential Customers
CUST107293,0.0,0,0.0,7.0,0.0,19.77,400,96.36,1,0.0,2,At-Risk Customers
CUST107294,2857.51,2,1428.755,2.0,1.0,1.47,341,3999.9,1,0.0,0,Potential Customers
CUST107295,3671.79,2,1835.895,3.0,0.0,15.08,283,4797.57,1,0.0,0,Potential Customers
CUST107296,1480.39,1,1480.39,3.0,1.0,14.06,224,2245.22,1,0.0,0,Potential Customers
CUST107297,3291.06,2,1645.53,1.0,0.0,4.04,74,4730.27,1,0.0,0,Potential Customers
CUST107298,596.13,1,596.13,0.0,0.0,5.82,80,901.04,1,0.0,0,Potential Customers
CUST107299,1281.98,1,1281.98,5.0,0.0,3.33,300,1956.79,1,0.0,0,Potential Customers
CUST107300,5082.41,2,2541.205,3.0,0.0,2.97,255,7105.11,1,0.0,3,High Value Customers
CUST107301,0.0,0,0.0,2.0,0.0,4.68,400,84.16,1,1.0,2,At-Risk Customers
CUST107302,0.0,0,0.0,1.0,0.0,2.36,400,0.35,1,0.0,2,At-Risk Customers
CUST107303,1893.81,3,631.27,2.0,0.0,5.65,148,3067.96,1,0.0,0,Potential Customers
CUST107304,3781.45,1,3781.45,3.0,0.0,4.17,248,5105.5,1,0.0,0,Potential Customers
CUST107305,1004.16,1,1004.16,2.0,0.0,1.92,322,1532.17,1,0.0,2,At-Risk Customers
CUST107306,2342.91,1,2342.91,4.0,0.0,6.66,212,2946.41,1,0.0,0,Potential Customers
CUST107307,1241.82,1,1241.82,1.0,0.0,6.79,39,2062.55,1,1.0,0,Potential Customers
CUST107308,7550.79,3,2516.93,6.0,1.0,8.9,108,8609.92,1,0.0,3,High Value Customers
CUST107309,2063.73,1,2063.73,3.0,0.0,2.9,91,3085.03,1,1.0,0,Potential Customers
CUST107310,2618.94,1,2618.94,4.0,0.0,8.33,283,3088.16,1,0.0,0,Potential Customers
CUST107311,2508.25,1,2508.25,3.0,0.0,18.48,311,3283.46,1,1.0,0,Potential Customers
CUST107312,0.0,0,0.0,4.0,0.0,4.14,400,75.5,1,0.0,2,At-Risk Customers
CUST107313,2795.47,1,2795.47,1.0,2.0,4.41,308,3740.68,1,0.0,1,Loyal Customers
CUST107314,1422.44,1,1422.44,4.0,0.0,6.52,267,1982.42,1,1.0,0,Potential Customers
CUST107315,2520.79,1,2520.79,3.0,2.0,0.89,251,3258.85,1,0.0,1,Loyal Customers
CUST107316,4851.82,2,2425.91,3.0,0.0,1.56,289,5797.67,1,1.0,3,High Value Customers
CUST107317,5317.72,3,1772.5733333333335,1.0,0.0,2.76,77,6966.67,1,0.0,3,High Value Customers
CUST107318,2623.91,1,2623.91,2.0,0.0,3.19,157,3041.77,1,0.0,0,Potential Customers
CUST107319,1970.37,1,1970.37,3.0,0.0,4.39,348,2536.28,1,0.0,0,Potential Customers
CUST107320,0.0,0,0.0,2.0,0.0,4.89,400,0.0,1,0.0,2,At-Risk Customers
CUST107321,0.0,0,0.0,2.0,0.0,1.55,400,0.0,1,0.0,2,At-Risk Customers
CUST107322,3274.83,2,1637.415,1.0,0.0,9.08,62,4672.29,1,0.0,0,Potential Customers
CUST107323,1408.75,1,1408.75,3.0,0.0,5.12,28,2014.0,1,0.0,0,Potential Customers
CUST107324,1601.52,1,1601.52,3.0,0.0,4.23,284,2002.76,1,0.0,0,Potential Customers
CUST107325,0.0,0,0.0,1.0,0.0,5.72,400,0.0,1,0.0,2,At-Risk Customers
CUST107326,3308.99,2,1654.495,1.0,0.0,2.64,275,4728.72,1,0.0,0,Potential Customers
CUST107327,2220.0,3,740.0,1.0,0.0,3.43,251,3369.79,1,0.0,0,Potential Customers
CUST107328,784.61,1,784.61,3.0,0.0,1.9,314,962.95,1,0.0,2,At-Risk Customers
CUST107329,0.0,0,0.0,0.0,0.0,0.87,400,82.78,1,0.0,2,At-Risk Customers
CUST107330,0.0,0,0.0,2.0,0.0,3.44,400,0.0,1,0.0,2,At-Risk Customers
CUST107331,677.24,2,338.62,4.0,0.0,13.56,317,1485.48,1,0.0,2,At-Risk Customers
CUST107332,1742.99,1,1742.99,3.0,0.0,2.72,294,2313.18,1,0.0,0,Potential Customers
CUST107333,507.79,1,507.79,0.0,0.0,1.36,361,769.8,1,0.0,2,At-Risk Customers
CUST107334,925.31,1,925.31,3.0,0.0,6.02,66,1492.19,1,0.0,0,Potential Customers
CUST107335,1612.6,1,1612.6,2.0,0.0,2.9,268,2225.44,1,0.0,0,Potential Customers
CUST107336,0.0,0,0.0,2.0,0.0,5.51,400,27.68,1,0.0,2,At-Risk Customers
CUST107337,1798.28,2,899.14,1.0,0.0,6.44,100,3008.36,1,1.0,0,Potential Customers
CUST107338,2335.07,1,2335.07,1.0,0.0,2.84,78,3316.63,1,0.0,0,Potential Customers
CUST107339,4162.92,1,4162.92,3.0,0.0,5.42,127,5147.07,1,0.0,0,Potential Customers
CUST107340,7320.22,3,2440.0733333333333,3.0,0.0,3.96,194,9607.57,1,0.0,3,High Value Customers
CUST107341,0.0,0,0.0,0.0,0.0,1.02,400,83.73,1,1.0,2,At-Risk Customers
CUST107342,3383.3,2,1691.65,5.0,0.0,2.81,269,4617.58,1,0.0,0,Potential Customers
CUST107343,7345.06,5,1469.0120000000002,2.0,0.0,2.27,176,10299.0,1,0.0,3,High Value Customers
CUST107344,0.0,0,0.0,5.0,0.0,1.41,400,0.0,1,0.0,2,At-Risk Customers
CUST107345,1709.19,1,1709.19,1.0,0.0,2.24,40,1934.9,1,0.0,0,Potential Customers
CUST107346,5201.33,2,2600.665,2.0,0.0,6.49,348,6549.82,1,0.0,3,High Value Customers
CUST107347,401.49,1,401.49,4.0,0.0,4.1,70,935.22,1,0.0,0,Potential Customers
CUST107348,0.0,0,0.0,1.0,0.0,1.11,400,0.0,1,0.0,2,At-Risk Customers
CUST107349,0.0,0,0.0,0.0,0.0,1.86,400,133.47,1,0.0,2,At-Risk Customers
CUST107350,0.0,0,0.0,4.0,0.0,4.1,400,0.0,1,0.0,2,At-Risk Customers
CUST107351,2062.96,1,2062.96,1.0,0.0,4.05,279,2531.36,1,0.0,0,Potential Customers
CUST107352,6356.12,2,3178.06,5.0,0.0,3.24,234,7641.15,1,0.0,3,High Value Customers
CUST107353,1638.95,1,1638.95,4.0,0.0,6.87,147,2617.72,1,0.0,0,Potential Customers
CUST107354,7125.81,4,1781.4525,4.0,0.0,5.25,14,9540.79,1,1.0,3,High Value Customers
CUST107355,6540.04,2,3270.02,1.0,0.0,2.72,28,9027.32,1,0.0,3,High Value Customers
CUST107356,2137.71,1,2137.71,5.0,0.0,2.53,178,2737.22,1,1.0,0,Potential Customers
CUST107357,0.0,0,0.0,2.0,0.0,3.52,400,75.41,1,0.0,2,At-Risk Customers
CUST107358,2046.88,1,2046.88,2.0,0.0,0.94,39,2739.25,1,0.0,0,Potential Customers
CUST107359,0.0,0,0.0,3.0,0.0,4.98,400,0.0,1,0.0,2,At-Risk Customers
CUST107360,0.0,0,0.0,0.0,0.0,1.68,400,185.08,1,0.0,2,At-Risk Customers
CUST107361,2255.24,2,1127.62,4.0,0.0,9.46,214,3301.86,1,0.0,0,Potential Customers
CUST107362,0.0,0,0.0,0.0,0.0,1.22,400,0.0,1,0.0,2,At-Risk Customers
CUST107363,3527.79,2,1763.895,3.0,0.0,5.25,186,4733.08,1,0.0,0,Potential Customers
CUST107364,1520.26,1,1520.26,2.0,0.0,1.01,214,2022.55,1,0.0,0,Potential Customers
CUST107365,5819.69,2,2909.845,0.0,0.0,2.58,72,7088.36,1,0.0,3,High Value Customers
CUST107366,0.0,0,0.0,2.0,0.0,5.35,400,23.7,1,0.0,2,At-Risk Customers
CUST107367,3407.33,1,3407.33,2.0,0.0,7.71,219,4606.27,1,1.0,0,Potential Customers
CUST107368,0.0,0,0.0,5.0,0.0,7.44,400,0.0,1,0.0,2,At-Risk Customers
CUST107369,0.0,0,0.0,2.0,0.0,6.56,400,21.77,1,0.0,2,At-Risk Customers
CUST107370,0.0,0,0.0,2.0,2.0,7.09,400,0.0,1,1.0,1,Loyal Customers
CUST107371,8179.05,4,2044.7625,2.0,0.0,7.52,76,9721.56,1,0.0,3,High Value Customers
CUST107372,2657.13,1,2657.13,1.0,0.0,2.73,154,3086.87,1,0.0,0,Potential Customers
CUST107373,1184.31,1,1184.31,6.0,0.0,3.09,38,1321.35,1,1.0,0,Potential Customers
CUST107374,9034.0,3,3011.3333333333335,2.0,0.0,6.48,23,10508.25,1,0.0,3,High Value Customers
CUST107375,1486.54,1,1486.54,3.0,0.0,8.68,60,2173.81,1,0.0,0,Potential Customers
CUST107376,0.0,0,0.0,3.0,0.0,3.6,400,240.59,1,0.0,2,At-Risk Customers
CUST107377,0.0,0,0.0,0.0,0.0,2.75,400,0.0,1,0.0,2,At-Risk Customers
CUST107378,0.0,0,0.0,1.0,0.0,2.68,400,7.45,1,0.0,2,At-Risk Customers
CUST107379,6485.68,3,2161.8933333333334,0.0,0.0,2.23,259,7976.01,1,0.0,3,High Value Customers
CUST107380,2195.31,1,2195.31,1.0,0.0,5.53,324,2678.3,1,0.0,0,Potential Customers
CUST107381,5410.52,2,2705.26,2.0,0.0,8.8,307,7180.98,1,0.0,3,High Value Customers
CUST107382,0.0,0,0.0,2.0,0.0,5.59,400,34.71,1,1.0,2,At-Risk Customers
CUST107383,8285.74,5,1657.148,3.0,0.0,3.93,125,11011.5,1,0.0,3,High Value Customers
CUST107384,0.0,0,0.0,2.0,0.0,15.25,400,0.0,1,0.0,2,At-Risk Customers
CUST107385,1220.4,2,610.2,1.0,0.0,4.0,138,2459.3,1,1.0,0,Potential Customers
CUST107386,8880.19,4,2220.0475,2.0,0.0,10.58,75,12845.77,1,0.0,3,High Value Customers
CUST107387,2295.09,1,2295.09,2.0,0.0,1.88,212,3054.46,1,0.0,0,Potential Customers
CUST107388,0.0,0,0.0,0.0,0.0,4.69,400,50.69,1,0.0,2,At-Risk Customers
CUST107389,4090.05,2,2045.025,1.0,0.0,2.03,153,5164.66,1,0.0,0,Potential Customers
CUST107390,0.0,0,0.0,1.0,0.0,2.12,400,0.0,1,0.0,2,At-Risk Customers
CUST107391,4962.64,2,2481.32,1.0,0.0,4.02,91,6561.41,1,0.0,3,High Value Customers
CUST107392,1574.03,1,1574.03,2.0,0.0,4.23,296,2378.1,1,0.0,0,Potential Customers
CUST107393,4140.72,1,4140.72,0.0,0.0,2.93,45,5894.33,1,0.0,0,Potential Customers
CUST107394,3174.48,2,1587.24,3.0,0.0,0.95,260,4815.01,1,0.0,0,Potential Customers
CUST107395,0.0,0,0.0,1.0,0.0,2.99,400,168.72,1,0.0,2,At-Risk Customers
CUST107396,1557.88,1,1557.88,1.0,0.0,2.62,220,2113.92,1,0.0,0,Potential Customers
CUST107397,4045.46,2,2022.73,3.0,0.0,1.19,233,6112.05,1,0.0,0,Potential Customers
CUST107398,0.0,0,0.0,1.0,0.0,5.57,400,0.0,1,0.0,2,At-Risk Customers
CUST107399,0.0,0,0.0,2.0,0.0,6.46,400,2.69,1,0.0,2,At-Risk Customers
CUST107400,0.0,0,0.0,2.0,0.0,6.24,400,0.0,1,0.0,2,At-Risk Customers
CUST107401,0.0,0,0.0,5.0,1.0,13.36,400,0.0,1,0.0,2,At-Risk Customers
CUST107402,0.0,0,0.0,2.0,0.0,1.85,400,238.0,1,0.0,2,At-Risk Customers
CUST107403,0.0,0,0.0,2.0,0.0,1.88,400,0.0,1,0.0,2,At-Risk Customers
CUST107404,0.0,0,0.0,5.0,0.0,3.96,400,0.0,1,0.0,2,At-Risk Customers
CUST107405,5342.34,2,2671.17,2.0,0.0,3.73,215,6849.48,1,0.0,3,High Value Customers
CUST107406,11589.14840000001,5,2317.8296800000016,3.0,0.0,4.45,189,28211.83,1,0.0,3,High Value Customers
CUST107407,1030.01,1,1030.01,7.0,0.0,7.28,353,1668.41,1,1.0,2,At-Risk Customers
CUST107408,0.0,0,0.0,2.0,2.0,3.39,400,133.84,1,0.0,1,Loyal Customers
CUST107409,2844.7,1,2844.7,3.0,0.0,4.02,272,3193.42,1,1.0,0,Potential Customers
CUST107410,4256.16,2,2128.08,3.0,0.0,2.36,319,6027.88,1,0.0,0,Potential Customers
CUST107411,957.45,2,478.725,1.0,0.0,2.84,24,1343.37,1,0.0,0,Potential Customers
CUST107412,6465.75,3,2155.25,0.0,0.0,1.86,117,7435.72,1,0.0,3,High Value Customers
CUST107413,4602.09,4,1150.5225,0.0,0.0,0.76,174,6214.28,1,1.0,3,High Value Customers
CUST107414,1662.68,1,1662.68,1.0,0.0,1.19,97,2602.26,1,0.0,0,Potential Customers
CUST107415,1377.26,1,1377.26,2.0,0.0,7.59,87,2181.92,1,0.0,0,Potential Customers
CUST107416,2881.83,2,1440.915,2.0,0.0,8.77,129,3745.89,1,0.0,0,Potential Customers
CUST107417,319.34,1,319.34,1.0,0.0,1.66,192,531.65,1,0.0,0,Potential Customers
CUST107418,1251.53,3,417.1766666666667,1.0,0.0,7.78,311,2465.86,1,0.0,0,Potential Customers
CUST107419,5311.87,2,2655.935,0.0,0.0,0.76,240,7822.34,1,0.0,3,High Value Customers
CUST107420,0.0,0,0.0,1.0,0.0,1.97,400,0.0,1,0.0,2,At-Risk Customers
CUST107421,0.0,0,0.0,2.0,2.0,2.92,400,0.0,1,0.0,1,Loyal Customers
CUST107422,0.0,0,0.0,3.0,0.0,8.48,400,115.85,1,0.0,2,At-Risk Customers
CUST107423,2269.58,1,2269.58,3.0,0.0,14.36,160,3161.4,1,0.0,0,Potential Customers
CUST107424,6840.4,3,2280.133333333333,1.0,0.0,2.93,248,8664.57,1,0.0,3,High Value Customers
CUST107425,1313.53,1,1313.53,2.0,1.0,3.87,152,2047.61,1,0.0,0,Potential Customers
CUST107426,5526.76,2,2763.38,1.0,0.0,8.4,122,6663.5,1,0.0,3,High Value Customers
CUST107427,3243.32,1,3243.32,3.0,0.0,19.56,216,3732.34,1,0.0,0,Potential Customers
CUST107428,0.0,0,0.0,5.0,0.0,9.31,400,0.0,1,0.0,2,At-Risk Customers
CUST107429,1859.58,2,929.79,2.0,0.0,1.74,123,3021.19,1,0.0,0,Potential Customers
CUST107430,0.0,0,0.0,4.0,0.0,7.49,400,127.13,1,0.0,2,At-Risk Customers
CUST107431,2960.39,3,986.7966666666666,0.0,3.0,2.58,125,4036.3,1,0.0,1,Loyal Customers
CUST107432,7421.0,3,2473.6666666666665,5.0,2.0,10.81,53,10422.44,1,1.0,1,Loyal Customers
CUST107433,2982.82,1,2982.82,2.0,0.0,6.32,12,4094.39,1,1.0,0,Potential Customers
CUST107434,0.0,0,0.0,1.0,0.0,1.98,400,0.0,1,0.0,2,At-Risk Customers
CUST107435,3178.8,1,3178.8,1.0,0.0,8.79,178,3647.46,1,0.0,0,Potential Customers
CUST107436,1601.01,1,1601.01,2.0,0.0,5.87,184,2182.6,1,0.0,0,Potential Customers
CUST107437,11263.56,4,2815.89,1.0,0.0,5.36,105,14956.14,1,0.0,3,High Value Customers
CUST107438,688.58,2,344.29,1.0,0.0,4.14,282,1116.42,1,0.0,0,Potential Customers
CUST107439,1386.17,1,1386.17,1.0,0.0,2.81,85,2049.6,1,0.0,0,Potential Customers
CUST107440,0.0,0,0.0,1.0,0.0,6.25,400,0.0,1,0.0,2,At-Risk Customers
CUST107441,660.78,1,660.78,4.0,0.0,18.94,232,1253.38,1,0.0,0,Potential Customers
CUST107442,0.0,0,0.0,3.0,0.0,15.42,400,0.0,1,0.0,2,At-Risk Customers
CUST107443,1705.46,1,1705.46,1.0,0.0,3.56,21,2212.95,1,0.0,0,Potential Customers
CUST107444,5539.66,2,2769.83,0.0,0.0,0.93,57,8122.38,1,0.0,3,High Value Customers
CUST107445,512.62,2,256.31,0.0,0.0,2.76,214,1189.93,1,0.0,0,Potential Customers
CUST107446,2161.04,2,1080.52,2.0,0.0,4.49,56,3420.18,1,0.0,0,Potential Customers
CUST107447,2481.8,1,2481.8,1.0,0.0,4.95,194,2821.28,1,0.0,0,Potential Customers
CUST107448,2672.34,1,2672.34,4.0,0.0,7.61,110,3268.8,1,0.0,0,Potential Customers
CUST107449,6349.44,4,1587.36,4.0,0.0,6.74,32,9051.39,1,0.0,3,High Value Customers
CUST107450,0.0,0,0.0,3.0,0.0,6.81,400,0.0,1,0.0,2,At-Risk Customers
CUST107451,1157.88,1,1157.88,1.0,0.0,2.6,32,1735.36,1,1.0,0,Potential Customers
CUST107452,4187.46,2,2093.73,3.0,0.0,2.81,302,5512.47,1,0.0,0,Potential Customers
CUST107453,1560.76,1,1560.76,5.0,0.0,1.9,349,2079.85,1,0.0,0,Potential Customers
CUST107454,0.0,0,0.0,2.0,0.0,4.86,400,0.0,1,0.0,2,At-Risk Customers
CUST107455,0.0,0,0.0,2.0,0.0,7.43,400,0.0,1,0.0,2,At-Risk Customers
CUST107456,0.0,0,0.0,2.0,0.0,8.57,400,0.0,1,0.0,2,At-Risk Customers
CUST107457,5223.2,2,2611.6,2.0,0.0,0.76,1,6632.84,1,0.0,3,High Value Customers
CUST107458,0.0,0,0.0,2.0,0.0,5.64,400,50.27,1,0.0,2,At-Risk Customers
CUST107459,2583.58,1,2583.58,1.0,0.0,23.312000000000044,197,3844.94,1,0.0,0,Potential Customers
CUST107460,0.0,0,0.0,4.0,0.0,6.13,400,58.24,1,0.0,2,At-Risk Customers
CUST107461,3559.22,1,3559.22,3.0,0.0,1.95,219,4806.02,1,0.0,0,Potential Customers
CUST107462,0.0,0,0.0,1.0,0.0,6.78,400,92.09,1,0.0,2,At-Risk Customers
CUST107463,5008.64,2,2504.32,2.0,0.0,2.58,147,6125.53,1,0.0,3,High Value Customers
CUST107464,1436.19,1,1436.19,2.0,0.0,2.62,75,2245.26,1,0.0,0,Potential Customers
CUST107465,0.0,0,0.0,2.0,0.0,7.12,400,62.64,1,0.0,2,At-Risk Customers
CUST107466,3662.14,3,1220.7133333333334,1.0,0.0,2.76,323,5465.16,1,0.0,0,Potential Customers
CUST107467,1403.19,1,1403.19,2.0,0.0,7.93,155,1531.58,1,0.0,0,Potential Customers
CUST107468,1402.78,1,1402.78,1.0,0.0,6.82,45,1894.23,1,0.0,0,Potential Customers
CUST107469,7099.83,3,2366.61,3.0,3.0,3.75,198,8693.41,1,0.0,1,Loyal Customers
CUST107470,1413.82,1,1413.82,1.0,0.0,2.95,126,1731.48,1,0.0,0,Potential Customers
CUST107471,815.59,2,407.795,2.0,0.0,9.91,57,1213.23,1,0.0,0,Potential Customers
CUST107472,321.0,1,321.0,4.0,0.0,7.25,110,716.27,1,0.0,0,Potential Customers
CUST107473,0.0,0,0.0,1.0,0.0,12.8,400,0.0,1,0.0,2,At-Risk Customers
CUST107474,3215.08,2,1607.54,3.0,0.0,1.2,67,4287.95,1,0.0,0,Potential Customers
CUST107475,3498.27,3,1166.09,7.0,0.0,3.31,193,5359.67,1,0.0,0,Potential Customers
CUST107476,0.0,0,0.0,4.0,0.0,2.95,400,144.69,1,0.0,2,At-Risk Customers
CUST107477,5867.9,2,2933.95,2.0,0.0,5.8,108,7942.94,1,0.0,3,High Value Customers
CUST107478,282.65,1,282.65,3.0,0.0,2.09,350,684.14,1,0.0,2,At-Risk Customers
CUST107479,0.0,0,0.0,1.0,0.0,2.3,400,97.16,1,0.0,2,At-Risk Customers
CUST107480,2692.26,1,2692.26,1.0,0.0,4.17,90,3687.18,1,0.0,0,Potential Customers
CUST107481,891.74,1,891.74,0.0,0.0,1.09,43,1526.61,1,0.0,0,Potential Customers
CUST107482,1000.87,1,1000.87,1.0,0.0,0.99,93,1399.24,1,0.0,0,Potential Customers
CUST107483,0.0,0,0.0,0.0,0.0,3.74,400,0.0,1,0.0,2,At-Risk Customers
CUST107484,2307.22,1,2307.22,4.0,3.0,23.312000000000044,70,3196.04,1,0.0,1,Loyal Customers
CUST107485,0.0,0,0.0,1.0,0.0,4.39,400,0.0,1,0.0,2,At-Risk Customers
CUST107486,0.0,0,0.0,1.0,0.0,3.12,400,7.82,1,1.0,2,At-Risk Customers
CUST107487,4006.54,2,2003.27,1.0,0.0,5.48,8,5184.66,1,0.0,0,Potential Customers
CUST107488,4859.5,2,2429.75,5.0,0.0,6.08,261,6056.03,1,0.0,3,High Value Customers
CUST107489,1530.15,1,1530.15,3.0,0.0,3.71,189,2098.33,1,0.0,0,Potential Customers
CUST107490,5872.35,2,2936.175,2.0,3.0,2.53,169,8459.98,1,1.0,1,Loyal Customers
CUST107491,3684.49,1,3684.49,1.0,0.0,1.35,135,4235.42,1,0.0,0,Potential Customers
CUST107492,4960.95,3,1653.6499999999999,3.0,0.0,23.312000000000044,25,6816.82,1,0.0,3,High Value Customers
CUST107493,2665.95,1,2665.95,2.0,0.0,2.92,304,3625.47,1,1.0,0,Potential Customers
CUST107494,4849.86,3,1616.62,2.0,0.0,5.65,357,5846.46,1,0.0,3,High Value Customers
CUST107495,4930.89,2,2465.445,3.0,0.0,8.5,349,6764.4,1,0.0,3,High Value Customers
CUST107496,7418.75,4,1854.6875,4.0,0.0,4.02,207,11197.78,1,0.0,3,High Value Customers
CUST107497,326.53,1,326.53,1.0,0.0,1.45,4,502.29,1,0.0,0,Potential Customers
CUST107498,5355.21,2,2677.605,3.0,0.0,3.46,147,6834.19,1,0.0,3,High Value Customers
CUST107499,4393.7,2,2196.85,2.0,0.0,3.64,143,5360.6,1,0.0,0,Potential Customers
CUST107500,0.0,0,0.0,2.0,0.0,5.73,400,0.0,1,0.0,2,At-Risk Customers
CUST107501,3592.38,2,1796.19,2.0,0.0,2.72,279,4283.42,1,0.0,0,Potential Customers
CUST107502,2658.83,1,2658.83,3.0,2.0,2.62,233,3656.54,1,1.0,1,Loyal Customers
CUST107503,0.0,0,0.0,1.0,0.0,3.1,400,196.0,1,0.0,2,At-Risk Customers
CUST107504,5550.61,2,2775.305,1.0,0.0,5.26,254,7541.45,1,0.0,3,High Value Customers
CUST107505,5443.98,3,1814.6599999999999,1.0,0.0,7.61,267,7111.22,1,0.0,3,High Value Customers
CUST107506,843.3,2,421.65,4.0,0.0,20.77,216,1348.9,1,0.0,0,Potential Customers
CUST107507,0.0,0,0.0,4.0,1.0,15.65,400,78.46,1,0.0,2,At-Risk Customers
CUST107508,3248.97,2,1624.485,4.0,0.0,3.69,207,4411.26,1,0.0,0,Potential Customers
CUST107509,0.0,0,0.0,5.0,0.0,2.45,400,0.0,1,0.0,2,At-Risk Customers
CUST107510,0.0,0,0.0,1.0,0.0,2.62,400,0.0,1,0.0,2,At-Risk Customers
CUST107511,1819.83,1,1819.83,2.0,0.0,1.62,364,2597.5,1,0.0,0,Potential Customers
CUST107512,0.0,0,0.0,2.0,0.0,4.42,400,0.0,1,0.0,2,At-Risk Customers
CUST107513,2803.61,1,2803.61,0.0,0.0,2.03,273,3628.24,1,0.0,0,Potential Customers
CUST107514,789.34,1,789.34,2.0,0.0,1.87,101,1305.05,1,0.0,0,Potential Customers
CUST107515,845.09,3,281.69666666666666,1.0,0.0,1.96,332,2092.96,1,0.0,0,Potential Customers
CUST107516,696.03,1,696.03,4.0,0.0,7.55,95,1066.01,1,0.0,0,Potential Customers
CUST107517,2244.94,1,2244.94,5.0,0.0,3.83,51,3240.83,1,0.0,0,Potential Customers
CUST107518,3361.91,2,1680.955,2.0,1.0,1.56,221,4485.12,1,0.0,0,Potential Customers
CUST107519,0.0,0,0.0,3.0,0.0,7.51,400,127.91,1,0.0,2,At-Risk Customers
CUST107520,0.0,0,0.0,2.0,0.0,9.34,400,0.0,1,0.0,2,At-Risk Customers
CUST107521,0.0,0,0.0,0.0,0.0,2.94,400,0.0,1,1.0,2,At-Risk Customers
CUST107522,0.0,0,0.0,2.0,0.0,2.34,400,0.0,1,0.0,2,At-Risk Customers
CUST107523,5063.41,2,2531.705,2.0,1.0,2.2,363,6711.34,1,0.0,3,High Value Customers
CUST107524,2027.88,1,2027.88,1.0,0.0,4.88,267,2677.37,1,0.0,0,Potential Customers
CUST107525,0.0,0,0.0,2.0,0.0,7.68,400,129.62,1,1.0,2,At-Risk Customers
CUST107526,646.69,2,323.345,3.0,0.0,4.56,213,1531.51,1,0.0,0,Potential Customers
CUST107527,0.0,0,0.0,2.0,0.0,1.58,400,0.0,1,0.0,2,At-Risk Customers
CUST107528,3657.82,2,1828.91,3.0,0.0,8.54,306,5137.23,1,0.0,0,Potential Customers
CUST107529,0.0,0,0.0,2.0,0.0,3.9,400,0.0,1,0.0,2,At-Risk Customers
CUST107530,0.0,0,0.0,3.0,0.0,3.52,400,39.55,1,0.0,2,At-Risk Customers
CUST107531,0.0,0,0.0,1.0,0.0,5.48,400,36.28,1,0.0,2,At-Risk Customers
CUST107532,0.0,0,0.0,3.0,0.0,8.42,400,0.0,1,0.0,2,At-Risk Customers
CUST107533,0.0,0,0.0,2.0,0.0,1.83,400,119.75,1,1.0,2,At-Risk Customers
CUST107534,2851.33,1,2851.33,3.0,0.0,1.59,96,3845.55,1,0.0,0,Potential Customers
CUST107535,4666.99,3,1555.6633333333332,1.0,0.0,3.92,176,5796.54,1,1.0,3,High Value Customers
CUST107536,0.0,0,0.0,2.0,0.0,3.95,400,257.83,1,0.0,2,At-Risk Customers
CUST107537,0.0,0,0.0,3.0,0.0,7.63,400,87.78,1,1.0,2,At-Risk Customers
CUST107538,0.0,0,0.0,4.0,0.0,9.85,400,0.0,1,0.0,2,At-Risk Customers
CUST107539,0.0,0,0.0,3.0,0.0,2.85,400,0.0,1,0.0,2,At-Risk Customers
CUST107540,1423.3,2,711.65,1.0,0.0,5.1,156,1851.63,1,0.0,0,Potential Customers
CUST107541,0.0,0,0.0,2.0,0.0,5.59,400,45.79,1,0.0,2,At-Risk Customers
CUST107542,2067.66,1,2067.66,5.0,0.0,5.99,88,3177.25,1,0.0,0,Potential Customers
CUST107543,1213.21,1,1213.21,1.0,0.0,1.3,298,1618.72,1,0.0,0,Potential Customers
CUST107544,4197.09,2,2098.545,4.0,0.0,5.84,350,6103.57,1,0.0,0,Potential Customers
CUST107545,0.0,0,0.0,3.0,0.0,2.27,400,0.0,1,0.0,2,At-Risk Customers
CUST107546,2601.19,1,2601.19,3.0,0.0,6.05,76,3533.09,1,0.0,0,Potential Customers
CUST107547,672.98,2,336.49,1.0,0.0,1.8,231,1482.92,1,1.0,0,Potential Customers
CUST107548,1127.56,1,1127.56,2.0,0.0,4.22,271,1342.89,1,0.0,0,Potential Customers
CUST107549,4438.13,2,2219.065,1.0,0.0,3.26,361,5854.98,1,0.0,0,Potential Customers
CUST107550,0.0,0,0.0,3.0,0.0,18.01,400,190.51,1,0.0,2,At-Risk Customers
CUST107551,5567.59,2,2783.795,1.0,0.0,23.312000000000044,255,7019.25,1,0.0,3,High Value Customers
CUST107552,4934.1,2,2467.05,3.0,0.0,2.05,34,6110.4,1,1.0,3,High Value Customers
CUST107553,11589.14840000001,4,2897.2871000000023,6.0,2.0,11.3,172,14122.23,1,1.0,3,High Value Customers
CUST107554,2165.25,1,2165.25,2.0,0.0,7.34,206,2701.06,1,0.0,0,Potential Customers
CUST107555,1358.75,1,1358.75,3.0,0.0,4.79,3,1850.69,1,1.0,0,Potential Customers
CUST107556,3378.4,2,1689.2,0.0,0.0,2.82,61,4647.77,1,0.0,0,Potential Customers
CUST107557,3773.8,1,3773.8,0.0,0.0,1.76,14,4989.36,1,0.0,0,Potential Customers
CUST107558,2137.85,1,2137.85,3.0,0.0,2.91,30,2995.55,1,0.0,0,Potential Customers
CUST107559,5378.39,5,1075.678,0.0,0.0,4.02,102,8611.22,1,0.0,3,High Value Customers
CUST107560,1591.71,1,1591.71,1.0,1.0,2.41,187,2767.63,1,0.0,0,Potential Customers
CUST107561,0.0,0,0.0,2.0,0.0,2.75,400,0.0,1,0.0,2,At-Risk Customers
CUST107562,0.0,0,0.0,2.0,0.0,2.66,400,0.0,1,0.0,2,At-Risk Customers
CUST107563,4764.65,2,2382.325,2.0,0.0,7.72,192,5714.04,1,0.0,3,High Value Customers
CUST107564,2285.54,2,1142.77,0.0,0.0,1.48,108,3676.87,1,0.0,0,Potential Customers
CUST107565,2704.24,2,1352.12,4.0,0.0,5.19,265,4018.27,1,1.0,0,Potential Customers
CUST107566,3003.01,1,3003.01,3.0,0.0,4.75,59,4393.19,1,0.0,0,Potential Customers
CUST107567,5673.05,3,1891.0166666666667,2.0,0.0,3.76,137,7086.36,1,0.0,3,High Value Customers
CUST107568,1274.4,1,1274.4,3.0,0.0,6.29,135,2027.61,1,0.0,0,Potential Customers
CUST107569,0.0,0,0.0,3.0,0.0,5.32,400,217.68,1,0.0,2,At-Risk Customers
CUST107570,0.0,0,0.0,2.0,0.0,4.23,400,0.0,1,0.0,2,At-Risk Customers
CUST107571,535.08,1,535.08,1.0,0.0,8.53,93,1106.08,1,1.0,0,Potential Customers
CUST107572,6077.93,2,3038.965,1.0,0.0,0.76,76,7321.24,1,0.0,3,High Value Customers
CUST107573,5117.67,3,1705.89,5.0,0.0,18.28,200,7069.27,1,0.0,3,High Value Customers
CUST107574,0.0,0,0.0,2.0,0.0,8.97,400,172.54,1,0.0,2,At-Risk Customers
CUST107575,2662.55,2,1331.275,7.0,0.0,13.21,17,3384.95,1,1.0,0,Potential Customers
CUST107576,5231.77,3,1743.9233333333334,0.0,0.0,2.14,96,7674.08,1,0.0,3,High Value Customers
CUST107577,546.7,2,273.35,3.0,0.0,4.17,14,1430.0,1,0.0,0,Potential Customers
CUST107578,551.76,1,551.76,3.0,0.0,4.93,10,925.03,1,1.0,0,Potential Customers
CUST107579,6697.86,2,3348.93,1.0,0.0,3.06,363,8971.15,1,0.0,3,High Value Customers
CUST107580,1739.33,1,1739.33,4.0,0.0,4.51,343,2567.74,1,0.0,0,Potential Customers
CUST107581,1883.53,1,1883.53,1.0,0.0,4.78,357,2799.12,1,1.0,0,Potential Customers
CUST107582,1445.3,1,1445.3,2.0,0.0,1.72,11,2072.39,1,0.0,0,Potential Customers
CUST107583,0.0,0,0.0,1.0,0.0,6.69,400,105.89,1,0.0,2,At-Risk Customers
CUST107584,554.72,1,554.72,2.0,0.0,6.31,245,1036.59,1,0.0,2,At-Risk Customers
CUST107585,9465.73,3,3155.2433333333333,5.0,0.0,2.48,271,11930.04,1,0.0,3,High Value Customers
CUST107586,11589.14840000001,5,2317.8296800000016,0.0,0.0,1.6,27,24791.07,1,0.0,3,High Value Customers
CUST107587,2223.25,2,1111.625,4.0,0.0,4.36,191,3312.78,1,0.0,0,Potential Customers
CUST107588,0.0,0,0.0,2.0,0.0,2.25,400,47.15,1,0.0,2,At-Risk Customers
CUST107589,930.49,1,930.49,2.0,0.0,4.89,58,1608.56,1,0.0,0,Potential Customers
CUST107590,548.11,2,274.055,2.0,0.0,2.33,246,805.01,1,0.0,0,Potential Customers
CUST107591,11210.81,3,3736.9366666666665,3.0,0.0,11.57,85,13290.8,1,0.0,3,High Value Customers
CUST107592,3521.04,2,1760.52,2.0,0.0,2.51,142,4658.52,1,0.0,0,Potential Customers
CUST107593,1776.16,1,1776.16,0.0,0.0,2.17,347,2344.27,1,1.0,0,Potential Customers
CUST107594,801.9,1,801.9,1.0,0.0,4.12,214,1391.89,1,0.0,0,Potential Customers
CUST107595,1692.02,1,1692.02,3.0,0.0,1.32,36,2663.75,1,0.0,0,Potential Customers
CUST107596,0.0,0,0.0,3.0,0.0,4.02,400,226.41,1,1.0,2,At-Risk Customers
CUST107597,1982.65,1,1982.65,2.0,0.0,1.27,106,2798.65,1,0.0,0,Potential Customers
CUST107598,1449.61,1,1449.61,2.0,0.0,4.7,42,1876.56,1,1.0,0,Potential Customers
CUST107599,5283.37,2,2641.685,4.0,1.0,7.76,155,6273.66,1,1.0,3,High Value Customers
CUST107600,1446.03,1,1446.03,1.0,0.0,3.0,343,2169.23,1,0.0,0,Potential Customers
CUST107601,0.0,0,0.0,4.0,0.0,9.76,400,23.72,1,0.0,2,At-Risk Customers
CUST107602,1136.65,1,1136.65,0.0,0.0,4.02,176,1868.12,1,0.0,0,Potential Customers
CUST107603,0.0,0,0.0,3.0,0.0,2.93,400,220.24,1,0.0,2,At-Risk Customers
CUST107604,0.0,0,0.0,3.0,0.0,7.59,400,0.0,1,0.0,2,At-Risk Customers
CUST107605,3523.27,1,3523.27,3.0,0.0,6.69,338,4364.29,1,0.0,0,Potential Customers
CUST107606,0.0,0,0.0,3.0,0.0,5.58,400,43.57,1,0.0,2,At-Risk Customers
CUST107607,0.0,0,0.0,1.0,0.0,8.82,400,32.75,1,0.0,2,At-Risk Customers
CUST107608,609.43,1,609.43,2.0,0.0,3.91,61,1125.98,1,0.0,0,Potential Customers
CUST107609,718.73,1,718.73,3.0,0.0,5.01,294,801.91,1,0.0,2,At-Risk Customers
CUST107610,3542.85,2,1771.425,1.0,0.0,2.52,239,5043.96,1,0.0,0,Potential Customers
CUST107611,1546.34,1,1546.34,5.0,0.0,15.61,251,1933.0,1,1.0,0,Potential Customers
CUST107612,318.33,1,318.33,2.0,0.0,2.96,288,483.29,1,0.0,2,At-Risk Customers
CUST107613,2309.81,1,2309.81,5.0,2.0,3.49,5,3188.15,1,1.0,1,Loyal Customers
CUST107614,0.0,0,0.0,1.0,0.0,4.02,400,0.0,1,0.0,2,At-Risk Customers
CUST107615,742.84,1,742.84,1.0,0.0,6.47,72,1051.73,1,0.0,0,Potential Customers
CUST107616,2535.99,2,1267.995,2.0,0.0,6.42,253,3638.43,1,0.0,0,Potential Customers
CUST107617,4386.41,2,2193.205,0.0,0.0,4.02,42,5773.54,1,0.0,0,Potential Customers
CUST107618,4401.7,2,2200.85,4.0,0.0,13.97,360,6030.34,1,0.0,0,Potential Customers
CUST107619,1150.25,1,1150.25,6.0,0.0,12.51,6,1643.19,1,1.0,0,Potential Customers
CUST107620,4927.98,2,2463.99,5.0,0.0,9.74,284,6667.83,1,0.0,3,High Value Customers
CUST107621,1671.03,1,1671.03,2.0,0.0,4.49,270,2101.27,1,1.0,0,Potential Customers
CUST107622,4905.2,2,2452.6,4.0,0.0,9.71,345,6078.22,1,0.0,3,High Value Customers
CUST107623,0.0,0,0.0,1.0,0.0,4.87,400,133.0,1,0.0,2,At-Risk Customers
CUST107624,2812.92,1,2812.92,3.0,0.0,4.83,246,3573.56,1,0.0,0,Potential Customers
CUST107625,0.0,0,0.0,1.0,0.0,6.61,400,0.0,1,0.0,2,At-Risk Customers
CUST107626,0.0,0,0.0,2.0,0.0,5.93,400,44.39,1,0.0,2,At-Risk Customers
CUST107627,1457.7,1,1457.7,2.0,0.0,8.3,226,1815.6,1,0.0,0,Potential Customers
CUST107628,2255.3,1,2255.3,2.0,0.0,0.9,52,2838.36,1,1.0,0,Potential Customers
CUST107629,0.0,0,0.0,2.0,0.0,3.81,400,0.0,1,0.0,2,At-Risk Customers
CUST107630,1895.54,1,1895.54,1.0,0.0,1.73,345,2104.0,1,0.0,0,Potential Customers
CUST107631,0.0,0,0.0,2.0,0.0,7.78,400,0.0,1,0.0,2,At-Risk Customers
CUST107632,3236.14,2,1618.07,3.0,0.0,2.14,277,4088.06,1,0.0,0,Potential Customers
CUST107633,662.23,1,662.23,3.0,0.0,3.33,267,1068.13,1,0.0,2,At-Risk Customers
CUST107634,0.0,0,0.0,1.0,0.0,7.81,400,0.0,1,0.0,2,At-Risk Customers
CUST107635,0.0,0,0.0,5.0,0.0,10.13,400,113.6,1,0.0,2,At-Risk Customers
CUST107636,0.0,0,0.0,2.0,0.0,7.52,400,0.0,1,0.0,2,At-Risk Customers
CUST107637,0.0,0,0.0,3.0,0.0,6.87,400,51.05,1,0.0,2,At-Risk Customers
CUST107638,3426.89,2,1713.445,3.0,0.0,1.77,121,4596.5,1,0.0,0,Potential Customers
CUST107639,1156.89,1,1156.89,2.0,0.0,1.99,342,1606.96,1,0.0,2,At-Risk Customers
CUST107640,0.0,0,0.0,3.0,0.0,1.59,400,0.0,1,0.0,2,At-Risk Customers
CUST107641,4574.12,4,1143.53,1.0,0.0,1.94,282,6868.2,1,0.0,3,High Value Customers
CUST107642,0.0,0,0.0,3.0,0.0,4.53,400,0.0,1,0.0,2,At-Risk Customers
CUST107643,4178.04,4,1044.51,5.0,0.0,8.2,190,6594.72,1,1.0,3,High Value Customers
CUST107644,4053.01,2,2026.505,3.0,1.0,8.18,53,5227.16,1,0.0,0,Potential Customers
CUST107645,2013.99,1,2013.99,1.0,0.0,1.11,283,2474.34,1,0.0,0,Potential Customers
CUST107646,320.27,1,320.27,1.0,0.0,3.95,138,665.75,1,1.0,0,Potential Customers
CUST107647,0.0,0,0.0,0.0,0.0,3.35,400,0.0,1,1.0,2,At-Risk Customers
CUST107648,535.97,2,267.985,2.0,0.0,0.8,180,1375.59,1,0.0,0,Potential Customers
CUST107649,0.0,0,0.0,2.0,0.0,7.25,400,0.0,1,0.0,2,At-Risk Customers
CUST107650,0.0,0,0.0,1.0,0.0,7.11,400,0.0,1,0.0,2,At-Risk Customers
CUST107651,1427.27,1,1427.27,1.0,0.0,2.65,280,1904.62,1,0.0,0,Potential Customers
CUST107652,2706.99,1,2706.99,3.0,0.0,3.27,39,3808.38,1,0.0,0,Potential Customers
CUST107653,0.0,0,0.0,3.0,0.0,4.49,400,0.0,1,0.0,2,At-Risk Customers
CUST107654,1055.71,1,1055.71,4.0,0.0,5.42,310,1913.9,1,0.0,0,Potential Customers
CUST107655,0.0,0,0.0,2.0,0.0,2.58,400,0.0,1,0.0,2,At-Risk Customers
CUST107656,4016.55,2,2008.275,2.0,0.0,4.02,290,5220.76,1,0.0,0,Potential Customers
CUST107657,1855.93,1,1855.93,1.0,0.0,1.9,8,2633.32,1,0.0,0,Potential Customers
CUST107658,2960.37,2,1480.185,3.0,0.0,11.5,110,3847.08,1,1.0,0,Potential Customers
CUST107659,0.0,0,0.0,2.0,0.0,9.52,400,4.51,1,0.0,2,At-Risk Customers
CUST107660,1361.98,1,1361.98,2.0,0.0,1.89,296,2098.73,1,0.0,0,Potential Customers
CUST107661,0.0,0,0.0,2.0,0.0,2.17,400,54.69,1,0.0,2,At-Risk Customers
CUST107662,6223.95,2,3111.975,2.0,0.0,1.93,304,8827.41,1,0.0,3,High Value Customers
CUST107663,5118.52,2,2559.26,0.0,0.0,1.43,244,7253.96,1,0.0,3,High Value Customers
CUST107664,9592.07,3,3197.3566666666666,7.0,0.0,15.89,204,11681.68,1,1.0,3,High Value Customers
CUST107665,1983.95,1,1983.95,1.0,0.0,2.43,147,2922.65,1,0.0,0,Potential Customers
CUST107666,6130.0,3,2043.3333333333333,3.0,0.0,6.9,362,9005.53,1,0.0,3,High Value Customers
CUST107667,6393.59,2,3196.795,3.0,0.0,3.2,217,9120.48,1,0.0,3,High Value Customers
CUST107668,0.0,0,0.0,3.0,0.0,3.48,400,22.13,1,0.0,2,At-Risk Customers
CUST107669,1282.97,1,1282.97,4.0,0.0,3.31,86,1656.36,1,0.0,0,Potential Customers
CUST107670,0.0,0,0.0,2.0,0.0,5.24,400,135.3,1,0.0,2,At-Risk Customers
CUST107671,2022.85,2,1011.425,2.0,0.0,3.56,175,2745.28,1,1.0,0,Potential Customers
CUST107672,0.0,0,0.0,4.0,0.0,6.83,400,0.0,1,0.0,2,At-Risk Customers
CUST107673,0.0,0,0.0,2.0,0.0,9.11,400,0.0,1,0.0,2,At-Risk Customers
CUST107674,1485.01,1,1485.01,2.0,0.0,2.63,334,2197.26,1,0.0,0,Potential Customers
CUST107675,1801.33,1,1801.33,2.0,0.0,4.68,9,2240.91,1,0.0,0,Potential Customers
CUST107676,0.0,0,0.0,0.0,0.0,1.29,400,0.0,1,0.0,2,At-Risk Customers
CUST107677,3531.28,1,3531.28,2.0,0.0,2.81,261,4950.92,1,0.0,0,Potential Customers
CUST107678,1211.5,1,1211.5,1.0,0.0,4.11,181,1626.22,1,0.0,0,Potential Customers
CUST107679,0.0,0,0.0,2.0,0.0,3.53,400,175.22,1,0.0,2,At-Risk Customers
CUST107680,0.0,0,0.0,3.0,0.0,3.76,400,0.0,1,0.0,2,At-Risk Customers
CUST107681,2236.63,1,2236.63,4.0,0.0,5.82,32,3117.65,1,0.0,0,Potential Customers
CUST107682,6253.97,4,1563.4925,3.0,1.0,6.74,265,8788.36,1,1.0,3,High Value Customers
CUST107683,2044.79,2,1022.395,1.0,0.0,0.92,136,2864.48,1,0.0,0,Potential Customers
CUST107684,4113.84,2,2056.92,1.0,0.0,4.61,35,5237.45,1,0.0,0,Potential Customers
CUST107685,3320.61,3,1106.8700000000001,1.0,0.0,3.25,3,5258.94,1,0.0,0,Potential Customers
CUST107686,3947.11,2,1973.555,1.0,0.0,2.89,43,5446.67,1,0.0,0,Potential Customers
CUST107687,0.0,0,0.0,2.0,0.0,10.77,400,72.38,1,0.0,2,At-Risk Customers
CUST107688,4634.55,7,662.0785714285714,2.0,0.0,1.19,238,8064.02,1,0.0,3,High Value Customers
CUST107689,2067.82,1,2067.82,3.0,0.0,3.91,194,2530.18,1,0.0,0,Potential Customers
CUST107690,0.0,0,0.0,2.0,0.0,11.1,400,0.0,1,0.0,2,At-Risk Customers
CUST107691,0.0,0,0.0,2.0,0.0,4.26,400,0.0,1,1.0,2,At-Risk Customers
CUST107692,0.0,0,0.0,1.0,0.0,2.09,400,0.0,1,0.0,2,At-Risk Customers
CUST107693,5686.57,3,1895.5233333333333,2.0,0.0,3.49,28,8157.68,1,0.0,3,High Value Customers
CUST107694,3859.3,2,1929.65,3.0,0.0,14.01,298,4704.84,1,0.0,0,Potential Customers
CUST107695,1326.67,1,1326.67,2.0,0.0,9.21,352,1967.16,1,0.0,0,Potential Customers
CUST107696,347.05,1,347.05,3.0,0.0,2.82,126,809.2,1,1.0,0,Potential Customers
CUST107697,0.0,0,0.0,2.0,0.0,11.87,400,0.0,1,0.0,2,At-Risk Customers
CUST107698,1325.71,1,1325.71,1.0,0.0,6.33,44,1926.64,1,0.0,0,Potential Customers
CUST107699,0.0,0,0.0,2.0,0.0,0.76,400,34.2,1,0.0,2,At-Risk Customers
CUST107700,0.0,0,0.0,2.0,0.0,3.76,400,0.0,1,0.0,2,At-Risk Customers
CUST107701,2642.76,1,2642.76,4.0,0.0,14.55,171,3631.69,1,0.0,0,Potential Customers
CUST107702,771.44,1,771.44,3.0,0.0,3.63,153,859.22,1,1.0,0,Potential Customers
CUST107703,2211.03,2,1105.515,6.0,0.0,11.76,102,3377.82,1,0.0,0,Potential Customers
CUST107704,0.0,0,0.0,3.0,0.0,1.49,400,62.6,1,0.0,2,At-Risk Customers
CUST107705,1715.1,1,1715.1,1.0,0.0,1.62,160,2720.35,1,0.0,0,Potential Customers
CUST107706,3203.86,2,1601.93,1.0,0.0,8.96,138,4181.96,1,0.0,0,Potential Customers
CUST107707,3141.93,1,3141.93,2.0,0.0,7.36,238,4133.89,1,0.0,0,Potential Customers
CUST107708,6341.87,3,2113.9566666666665,2.0,0.0,3.98,235,8284.7,1,0.0,3,High Value Customers
CUST107709,2210.81,1,2210.81,2.0,0.0,7.45,361,3055.37,1,0.0,0,Potential Customers
CUST107710,2211.33,1,2211.33,1.0,3.0,2.68,106,2879.47,1,0.0,1,Loyal Customers
CUST107711,2926.03,1,2926.03,0.0,0.0,1.84,147,3740.15,1,0.0,0,Potential Customers
CUST107712,5886.81,2,2943.405,2.0,0.0,5.32,27,8021.19,1,1.0,3,High Value Customers
CUST107713,3895.68,2,1947.84,4.0,0.0,3.32,308,5058.44,1,0.0,0,Potential Customers
CUST107714,330.8,1,330.8,4.0,0.0,5.43,34,812.97,1,0.0,0,Potential Customers
CUST107715,2425.91,1,2425.91,1.0,0.0,4.69,208,3550.94,1,0.0,0,Potential Customers
CUST107716,455.59,1,455.59,1.0,0.0,3.21,262,812.09,1,0.0,2,At-Risk Customers
CUST107717,2084.89,1,2084.89,5.0,0.0,15.16,248,2939.29,1,0.0,0,Potential Customers
CUST107718,742.81,1,742.81,2.0,0.0,1.96,165,1188.38,1,0.0,0,Potential Customers
CUST107719,6967.02,4,1741.755,2.0,0.0,4.51,263,9895.77,1,0.0,3,High Value Customers
CUST107720,1623.32,1,1623.32,3.0,2.0,3.8,172,2124.83,1,1.0,1,Loyal Customers
CUST107721,2902.06,1,2902.06,3.0,0.0,5.03,6,3545.65,1,1.0,0,Potential Customers
CUST107722,0.0,0,0.0,2.0,0.0,4.19,400,261.17,1,0.0,2,At-Risk Customers
CUST107723,560.86,2,280.43,2.0,0.0,8.63,286,1434.37,1,1.0,0,Potential Customers
CUST107724,0.0,0,0.0,4.0,0.0,5.05,400,0.0,1,0.0,2,At-Risk Customers
CUST107725,3221.78,1,3221.78,0.0,0.0,2.57,109,3824.17,1,0.0,0,Potential Customers
CUST107726,1721.84,1,1721.84,1.0,0.0,1.98,24,2135.44,1,0.0,0,Potential Customers
CUST107727,4601.98,2,2300.99,1.0,0.0,2.37,105,5810.73,1,0.0,0,Potential Customers
CUST107728,3378.26,2,1689.13,0.0,0.0,2.29,190,5013.1,1,0.0,0,Potential Customers
CUST107729,2574.0,2,1287.0,2.0,0.0,6.52,318,3381.63,1,0.0,0,Potential Customers
CUST107730,8018.34,3,2672.78,1.0,0.0,3.83,17,11595.14,1,0.0,3,High Value Customers
CUST107731,6474.64,5,1294.928,3.0,0.0,5.35,140,8570.44,1,0.0,3,High Value Customers
CUST107732,0.0,0,0.0,1.0,0.0,1.55,400,20.62,1,0.0,2,At-Risk Customers
CUST107733,332.81,1,332.81,2.0,0.0,3.25,167,985.29,1,0.0,0,Potential Customers
CUST107734,1976.54,1,1976.54,1.0,0.0,5.69,243,2436.7,1,0.0,0,Potential Customers
CUST107735,1868.68,1,1868.68,2.0,0.0,8.4,141,2086.03,1,0.0,0,Potential Customers
CUST107736,3830.49,2,1915.245,2.0,0.0,1.43,133,5842.92,1,0.0,0,Potential Customers
CUST107737,1929.68,1,1929.68,5.0,0.0,12.15,14,2410.72,1,1.0,0,Potential Customers
CUST107738,2416.53,2,1208.265,6.0,0.0,11.12,2,3358.02,1,1.0,0,Potential Customers
CUST107739,899.15,1,899.15,2.0,0.0,8.27,237,1232.52,1,0.0,0,Potential Customers
CUST107740,0.0,0,0.0,6.0,0.0,9.83,400,361.83,1,0.0,2,At-Risk Customers
CUST107741,6220.21,3,2073.403333333333,1.0,0.0,3.11,205,7468.74,1,0.0,3,High Value Customers
CUST107742,5167.01,3,1722.3366666666668,1.0,0.0,2.32,325,7268.74,1,0.0,3,High Value Customers
CUST107743,0.0,0,0.0,0.0,0.0,4.3,400,0.0,1,0.0,2,At-Risk Customers
CUST107744,4748.38,2,2374.19,1.0,0.0,5.01,98,6446.23,1,0.0,3,High Value Customers
CUST107745,0.0,0,0.0,0.0,0.0,2.62,400,112.7,1,0.0,2,At-Risk Customers
CUST107746,11589.14840000001,6,1931.5247333333348,5.0,0.0,6.13,66,16823.14,1,1.0,3,High Value Customers
CUST107747,0.0,0,0.0,3.0,0.0,10.88,400,0.0,1,0.0,2,At-Risk Customers
CUST107748,1799.79,1,1799.79,1.0,0.0,7.59,168,2213.47,1,0.0,0,Potential Customers
CUST107749,6203.6,3,2067.866666666667,6.0,0.0,4.19,161,8026.2,1,0.0,3,High Value Customers
CUST107750,0.0,0,0.0,1.0,0.0,0.76,400,65.97,1,0.0,2,At-Risk Customers
CUST107751,2081.45,1,2081.45,2.0,0.0,1.38,314,2537.83,1,0.0,0,Potential Customers
CUST107752,1029.74,3,343.24666666666667,3.0,0.0,3.8,291,1808.34,1,0.0,0,Potential Customers
CUST107753,3610.15,2,1805.075,1.0,0.0,6.36,71,4891.18,1,0.0,0,Potential Customers
CUST107754,508.69,1,508.69,1.0,0.0,1.5,257,961.01,1,0.0,2,At-Risk Customers
CUST107755,1955.22,1,1955.22,2.0,0.0,4.34,54,2455.86,1,0.0,0,Potential Customers
CUST107756,0.0,0,0.0,3.0,3.0,6.67,400,0.0,1,1.0,1,Loyal Customers
CUST107757,0.0,0,0.0,2.0,2.0,3.88,400,22.17,1,1.0,1,Loyal Customers
CUST107758,0.0,0,0.0,1.0,0.0,2.63,400,0.0,1,0.0,2,At-Risk Customers
CUST107759,2341.78,2,1170.89,2.0,0.0,1.44,104,2832.11,1,0.0,0,Potential Customers
CUST107760,1331.68,1,1331.68,5.0,1.0,6.96,206,1848.75,1,0.0,0,Potential Customers
CUST107761,3378.59,1,3378.59,1.0,0.0,2.56,237,4137.59,1,0.0,0,Potential Customers
CUST107762,3521.91,2,1760.955,6.0,0.0,12.84,47,5019.94,1,0.0,0,Potential Customers
CUST107763,0.0,0,0.0,2.0,0.0,4.59,400,0.0,1,0.0,2,At-Risk Customers
CUST107764,0.0,0,0.0,3.0,0.0,5.25,400,165.98,1,0.0,2,At-Risk Customers
CUST107765,0.0,0,0.0,3.0,0.0,7.26,400,0.0,1,0.0,2,At-Risk Customers
CUST107766,3684.16,2,1842.08,5.0,0.0,3.14,363,4368.65,1,0.0,0,Potential Customers
CUST107767,3458.0,2,1729.0,3.0,0.0,5.63,298,4886.98,1,0.0,0,Potential Customers
CUST107768,11589.14840000001,6,1931.5247333333348,1.0,2.0,2.58,213,16255.97,1,0.0,3,High Value Customers
CUST107769,2153.68,1,2153.68,2.0,0.0,2.32,26,2990.59,1,0.0,0,Potential Customers
CUST107770,0.0,0,0.0,1.0,0.0,2.14,400,0.0,1,0.0,2,At-Risk Customers
CUST107771,0.0,0,0.0,1.0,0.0,2.88,400,0.0,1,0.0,2,At-Risk Customers
CUST107772,0.0,0,0.0,4.0,0.0,17.13,400,1.17,1,0.0,2,At-Risk Customers
CUST107773,5763.19,4,1440.7975,3.0,0.0,2.15,198,6927.73,1,0.0,3,High Value Customers
CUST107774,0.0,0,0.0,2.0,3.0,6.23,400,38.42,1,1.0,1,Loyal Customers
CUST107775,0.0,0,0.0,1.0,0.0,3.46,400,0.0,1,1.0,2,At-Risk Customers
CUST107776,1608.05,1,1608.05,0.0,0.0,1.83,253,2214.35,1,0.0,0,Potential Customers
CUST107777,0.0,0,0.0,5.0,0.0,7.06,400,94.87,1,0.0,2,At-Risk Customers
CUST107778,2071.66,2,1035.83,2.0,0.0,2.85,264,3335.56,1,0.0,0,Potential Customers
CUST107779,625.41,2,312.705,1.0,0.0,2.97,60,1150.52,1,0.0,0,Potential Customers
CUST107780,1464.67,2,732.335,3.0,0.0,8.66,324,2230.27,1,0.0,0,Potential Customers
CUST107781,0.0,0,0.0,2.0,0.0,3.38,400,0.0,1,0.0,2,At-Risk Customers
CUST107782,4770.11,4,1192.5275,3.0,0.0,4.74,209,7237.8,1,0.0,3,High Value Customers
CUST107783,6904.83,3,2301.61,2.0,0.0,3.98,342,8584.48,1,0.0,3,High Value Customers
CUST107784,0.0,0,0.0,4.0,0.0,3.8,400,0.0,1,0.0,2,At-Risk Customers
CUST107785,2474.75,1,2474.75,2.0,0.0,1.61,283,3349.48,1,0.0,0,Potential Customers
CUST107786,3381.6,2,1690.8,2.0,0.0,7.39,216,4245.36,1,0.0,0,Potential Customers
CUST107787,1026.99,1,1026.99,3.0,1.0,4.74,348,1882.49,1,0.0,2,At-Risk Customers
CUST107788,3737.9,2,1868.95,3.0,0.0,7.17,252,5306.06,1,0.0,0,Potential Customers
CUST107789,6045.31,2,3022.655,1.0,2.0,4.4,199,7020.23,1,0.0,1,Loyal Customers
CUST107790,9487.47,4,2371.8675,1.0,0.0,8.49,117,11864.1,1,0.0,3,High Value Customers
CUST107791,1804.83,1,1804.83,3.0,0.0,4.51,332,2504.04,1,0.0,0,Potential Customers
CUST107792,1711.13,1,1711.13,2.0,0.0,10.6,188,2222.91,1,0.0,0,Potential Customers
CUST107793,1254.59,4,313.6475,1.0,2.0,2.15,175,3332.86,1,1.0,1,Loyal Customers
CUST107794,8232.84,3,2744.28,2.0,0.0,2.33,250,10156.02,1,1.0,3,High Value Customers
CUST107795,0.0,0,0.0,5.0,3.0,4.02,400,18.78,1,1.0,1,Loyal Customers
CUST107796,0.0,0,0.0,3.0,0.0,7.24,400,36.35,1,0.0,2,At-Risk Customers
CUST107797,0.0,0,0.0,1.0,0.0,14.97,400,127.17,1,0.0,2,At-Risk Customers
CUST107798,2052.65,1,2052.65,3.0,0.0,6.23,104,2722.0,1,0.0,0,Potential Customers
CUST107799,0.0,0,0.0,2.0,0.0,3.34,400,18.33,1,0.0,2,At-Risk Customers
CUST107800,1755.79,1,1755.79,6.0,0.0,14.99,108,2315.7,1,1.0,0,Potential Customers
CUST107801,2718.84,1,2718.84,1.0,0.0,1.14,201,3509.11,1,0.0,0,Potential Customers
CUST107802,1802.43,1,1802.43,4.0,0.0,7.1,195,2407.55,1,0.0,0,Potential Customers
CUST107803,7233.67,2,3616.835,0.0,0.0,0.76,41,9086.31,1,0.0,3,High Value Customers
CUST107804,1474.53,1,1474.53,2.0,0.0,11.64,340,2175.03,1,0.0,0,Potential Customers
CUST107805,648.09,1,648.09,1.0,0.0,1.98,352,898.67,1,0.0,2,At-Risk Customers
CUST107806,0.0,0,0.0,2.0,0.0,3.27,400,0.0,1,0.0,2,At-Risk Customers
CUST107807,2971.28,1,2971.28,4.0,0.0,2.06,306,3478.17,1,0.0,0,Potential Customers
CUST107808,307.71,1,307.71,4.0,0.0,6.14,293,586.66,1,0.0,2,At-Risk Customers
CUST107809,1458.27,1,1458.27,1.0,0.0,3.56,250,2109.69,1,0.0,0,Potential Customers
CUST107810,1136.27,1,1136.27,4.0,0.0,10.67,290,1505.88,1,0.0,0,Potential Customers
CUST107811,2905.98,1,2905.98,0.0,0.0,2.56,325,4049.9,1,0.0,0,Potential Customers
CUST107812,11589.14840000001,4,2897.2871000000023,2.0,0.0,1.77,99,18943.53,1,0.0,3,High Value Customers
CUST107813,5086.66,3,1695.5533333333333,1.0,0.0,2.92,10,7204.96,1,0.0,3,High Value Customers
CUST107814,329.16,1,329.16,4.0,0.0,12.76,248,716.19,1,0.0,2,At-Risk Customers
CUST107815,0.0,0,0.0,3.0,0.0,8.42,400,0.0,1,0.0,2,At-Risk Customers
CUST107816,1951.98,1,1951.98,3.0,0.0,9.11,16,2835.45,1,1.0,0,Potential Customers
CUST107817,352.83,1,352.83,1.0,0.0,2.76,35,627.46,1,0.0,0,Potential Customers
CUST107818,2706.92,1,2706.92,0.0,0.0,1.61,301,3383.03,1,0.0,0,Potential Customers
CUST107819,2988.54,1,2988.54,5.0,0.0,10.97,75,3922.36,1,0.0,0,Potential Customers
CUST107820,3099.92,1,3099.92,1.0,0.0,1.55,292,3507.69,1,0.0,0,Potential Customers
CUST107821,4716.71,2,2358.355,2.0,0.0,4.07,82,5874.0,1,0.0,3,High Value Customers
CUST107822,11402.49,4,2850.6225,2.0,0.0,2.55,301,14066.53,1,0.0,3,High Value Customers
CUST107823,3054.66,2,1527.33,2.0,0.0,4.27,139,3980.35,1,1.0,0,Potential Customers
CUST107824,1119.98,1,1119.98,3.0,0.0,1.23,316,1720.68,1,0.0,0,Potential Customers
CUST107825,2116.75,1,2116.75,2.0,0.0,7.36,264,2809.39,1,0.0,0,Potential Customers
CUST107826,0.0,0,0.0,5.0,0.0,10.58,400,112.04,1,0.0,2,At-Risk Customers
CUST107827,2539.29,3,846.43,2.0,0.0,8.43,235,4138.56,1,0.0,0,Potential Customers
CUST107828,1429.56,1,1429.56,1.0,0.0,1.86,288,1844.88,1,0.0,0,Potential Customers
CUST107829,0.0,0,0.0,1.0,0.0,5.5,400,145.85,1,0.0,2,At-Risk Customers
CUST107830,4024.43,1,4024.43,3.0,0.0,3.6,139,5754.81,1,0.0,0,Potential Customers
CUST107831,2467.77,2,1233.885,4.0,0.0,4.05,20,3288.63,1,0.0,0,Potential Customers
CUST107832,0.0,0,0.0,2.0,0.0,12.96,400,0.0,1,0.0,2,At-Risk Customers
CUST107833,1769.13,3,589.71,0.0,1.0,2.99,111,3181.44,1,1.0,0,Potential Customers
CUST107834,2652.32,1,2652.32,3.0,2.0,6.52,88,3233.31,1,1.0,1,Loyal Customers
CUST107835,0.0,0,0.0,1.0,0.0,1.2,400,0.0,1,0.0,2,At-Risk Customers
CUST107836,1433.75,2,716.875,3.0,0.0,4.26,99,2186.67,1,0.0,0,Potential Customers
CUST107837,0.0,0,0.0,2.0,0.0,7.78,400,121.08,1,0.0,2,At-Risk Customers
CUST107838,8348.22,3,2782.74,2.0,0.0,3.65,354,11862.59,1,0.0,3,High Value Customers
CUST107839,0.0,0,0.0,3.0,0.0,6.24,400,0.0,1,1.0,2,At-Risk Customers
CUST107840,658.56,2,329.28,2.0,0.0,2.3,7,1323.52,1,1.0,0,Potential Customers
CUST107841,1135.21,1,1135.21,1.0,0.0,2.93,325,1621.92,1,0.0,0,Potential Customers
CUST107842,3750.71,1,3750.71,1.0,3.0,3.69,85,4198.47,1,1.0,1,Loyal Customers
CUST107843,0.0,0,0.0,1.0,0.0,2.77,400,0.0,1,0.0,2,At-Risk Customers
CUST107844,1769.76,1,1769.76,2.0,0.0,7.61,63,2014.85,1,0.0,0,Potential Customers
CUST107845,0.0,0,0.0,4.0,1.0,8.72,400,44.95,1,0.0,2,At-Risk Customers
CUST107846,1573.23,2,786.615,4.0,0.0,6.38,102,2488.98,1,1.0,0,Potential Customers
CUST107847,0.0,0,0.0,2.0,0.0,0.76,400,60.02,1,0.0,2,At-Risk Customers
CUST107848,4138.86,3,1379.62,2.0,0.0,3.25,61,5754.59,1,0.0,3,High Value Customers
CUST107849,3231.39,1,3231.39,1.0,0.0,7.31,266,4248.28,1,0.0,0,Potential Customers
CUST107850,3465.77,2,1732.885,1.0,0.0,3.62,233,4970.11,1,0.0,0,Potential Customers
CUST107851,4489.47,2,2244.735,4.0,0.0,3.47,137,4999.44,1,1.0,0,Potential Customers
CUST107852,2701.69,2,1350.845,3.0,0.0,7.8,228,3766.15,1,0.0,0,Potential Customers
CUST107853,0.0,0,0.0,4.0,0.0,8.09,400,12.69,1,0.0,2,At-Risk Customers
CUST107854,6547.96,3,2182.653333333333,2.0,0.0,6.17,324,8764.77,1,0.0,3,High Value Customers
CUST107855,0.0,0,0.0,1.0,0.0,1.43,400,38.47,1,0.0,2,At-Risk Customers
CUST107856,0.0,0,0.0,2.0,0.0,1.85,400,0.0,1,0.0,2,At-Risk Customers
CUST107857,0.0,0,0.0,0.0,0.0,5.34,400,0.0,1,0.0,2,At-Risk Customers
CUST107858,319.13,1,319.13,1.0,0.0,0.95,272,397.0,1,0.0,2,At-Risk Customers
CUST107859,0.0,0,0.0,2.0,0.0,12.78,400,31.18,1,0.0,2,At-Risk Customers
CUST107860,0.0,0,0.0,1.0,2.0,4.46,400,0.0,1,0.0,1,Loyal Customers
CUST107861,0.0,0,0.0,3.0,0.0,2.48,400,170.58,1,0.0,2,At-Risk Customers
CUST107862,1751.95,1,1751.95,3.0,0.0,2.8,197,2318.51,1,0.0,0,Potential Customers
CUST107863,0.0,0,0.0,4.0,0.0,4.02,400,47.91,1,0.0,2,At-Risk Customers
CUST107864,2908.78,2,1454.39,3.0,0.0,1.68,278,3948.0,1,0.0,0,Potential Customers
CUST107865,0.0,0,0.0,2.0,0.0,1.06,400,101.54,1,0.0,2,At-Risk Customers
CUST107866,5061.21,2,2530.605,1.0,0.0,2.02,185,5844.08,1,0.0,3,High Value Customers
CUST107867,11589.14840000001,3,3863.0494666666696,3.0,0.0,4.99,99,14764.32,1,0.0,3,High Value Customers
CUST107868,3954.02,3,1318.0066666666667,2.0,0.0,12.45,125,6057.58,1,0.0,3,High Value Customers
CUST107869,6950.96,3,2316.9866666666667,6.0,3.0,9.51,12,8943.44,1,1.0,1,Loyal Customers
CUST107870,0.0,0,0.0,3.0,0.0,2.99,400,147.88,1,0.0,2,At-Risk Customers
CUST107871,4051.71,2,2025.855,1.0,0.0,4.94,138,4873.96,1,0.0,0,Potential Customers
CUST107872,0.0,0,0.0,1.0,0.0,5.17,400,44.59,1,0.0,2,At-Risk Customers
CUST107873,4250.86,2,2125.43,3.0,0.0,4.74,245,5445.44,1,0.0,0,Potential Customers
CUST107874,0.0,0,0.0,5.0,0.0,1.02,400,132.23,1,0.0,2,At-Risk Customers
CUST107875,0.0,0,0.0,1.0,3.0,3.26,400,108.79,1,1.0,1,Loyal Customers
CUST107876,0.0,0,0.0,3.0,0.0,7.05,400,31.86,1,0.0,2,At-Risk Customers
CUST107877,2603.21,1,2603.21,4.0,3.0,14.97,100,3478.95,1,0.0,1,Loyal Customers
CUST107878,0.0,0,0.0,0.0,0.0,5.36,400,0.0,1,0.0,2,At-Risk Customers
CUST107879,1344.13,1,1344.13,4.0,0.0,8.71,214,1667.2,1,0.0,0,Potential Customers
CUST107880,1189.76,1,1189.76,3.0,0.0,7.52,304,1732.28,1,1.0,0,Potential Customers
CUST107881,2456.47,2,1228.235,1.0,0.0,3.11,160,3183.83,1,0.0,0,Potential Customers
CUST107882,320.13,1,320.13,1.0,0.0,1.59,250,761.55,1,0.0,2,At-Risk Customers
CUST107883,0.0,0,0.0,4.0,0.0,8.95,400,38.02,1,0.0,2,At-Risk Customers
CUST107884,1499.46,1,1499.46,5.0,0.0,14.83,241,2117.09,1,0.0,0,Potential Customers
CUST107885,2386.17,1,2386.17,1.0,0.0,3.02,362,3097.79,1,0.0,0,Potential Customers
CUST107886,11589.14840000001,3,3863.0494666666696,3.0,0.0,9.34,114,15990.81,1,0.0,3,High Value Customers
CUST107887,2801.34,1,2801.34,1.0,0.0,4.51,124,3312.54,1,0.0,0,Potential Customers
CUST107888,650.94,1,650.94,1.0,0.0,1.54,81,1243.24,1,0.0,0,Potential Customers
CUST107889,2271.42,2,1135.71,1.0,0.0,4.19,31,3244.56,1,0.0,0,Potential Customers
CUST107890,946.46,1,946.46,1.0,0.0,2.72,358,1392.61,1,1.0,2,At-Risk Customers
CUST107891,1940.82,1,1940.82,1.0,0.0,5.53,139,2834.12,1,0.0,0,Potential Customers
CUST107892,1513.83,1,1513.83,1.0,0.0,5.36,283,2046.56,1,0.0,0,Potential Customers
CUST107893,2782.52,1,2782.52,0.0,0.0,2.58,336,3661.53,1,0.0,0,Potential Customers
CUST107894,706.09,1,706.09,2.0,0.0,1.62,166,1023.26,1,0.0,0,Potential Customers
CUST107895,3728.39,1,3728.39,1.0,0.0,2.94,244,4622.82,1,0.0,0,Potential Customers
CUST107896,4370.66,2,2185.33,3.0,0.0,12.0,261,5409.45,1,0.0,0,Potential Customers
CUST107897,0.0,0,0.0,1.0,0.0,1.78,400,0.0,1,0.0,2,At-Risk Customers
CUST107898,3730.25,2,1865.125,3.0,0.0,6.73,318,5134.57,1,0.0,0,Potential Customers
CUST107899,1244.03,1,1244.03,3.0,0.0,6.17,267,1575.53,1,0.0,0,Potential Customers
CUST107900,0.0,0,0.0,2.0,0.0,2.76,400,196.88,1,0.0,2,At-Risk Customers
CUST107901,659.89,1,659.89,1.0,0.0,2.25,57,914.9,1,0.0,0,Potential Customers
CUST107902,2435.34,1,2435.34,1.0,0.0,6.15,314,3347.96,1,0.0,0,Potential Customers
CUST107903,0.0,0,0.0,3.0,0.0,3.98,400,105.06,1,0.0,2,At-Risk Customers
CUST107904,0.0,0,0.0,1.0,0.0,2.85,400,0.0,1,0.0,2,At-Risk Customers
CUST107905,1138.06,1,1138.06,3.0,0.0,5.64,115,1867.03,1,0.0,0,Potential Customers
CUST107906,0.0,0,0.0,3.0,0.0,12.66,400,0.0,1,1.0,2,At-Risk Customers
CUST107907,1879.63,1,1879.63,3.0,0.0,9.66,24,2600.27,1,0.0,0,Potential Customers
CUST107908,0.0,0,0.0,2.0,0.0,4.44,400,75.71,1,0.0,2,At-Risk Customers
CUST107909,3396.3,2,1698.15,0.0,0.0,0.76,247,5186.14,1,0.0,0,Potential Customers
CUST107910,716.12,1,716.12,1.0,0.0,3.43,101,1187.27,1,1.0,0,Potential Customers
CUST107911,954.88,1,954.88,1.0,0.0,2.01,90,1566.26,1,0.0,0,Potential Customers
CUST107912,2975.78,3,991.9266666666667,0.0,0.0,3.52,254,3982.38,1,0.0,0,Potential Customers
CUST107913,0.0,0,0.0,4.0,0.0,3.18,400,137.41,1,0.0,2,At-Risk Customers
CUST107914,2527.02,1,2527.02,1.0,0.0,3.25,265,3311.6,1,0.0,0,Potential Customers
CUST107915,0.0,0,0.0,1.0,0.0,8.62,400,93.54,1,0.0,2,At-Risk Customers
CUST107916,0.0,0,0.0,2.0,0.0,3.46,400,0.0,1,0.0,2,At-Risk Customers
CUST107917,2165.92,2,1082.96,2.0,2.0,3.35,323,2807.62,1,1.0,1,Loyal Customers
CUST107918,2802.36,1,2802.36,3.0,0.0,5.66,22,4364.5,1,0.0,0,Potential Customers
CUST107919,1121.97,1,1121.97,3.0,2.0,1.93,243,1395.49,1,0.0,1,Loyal Customers
CUST107920,1254.97,1,1254.97,3.0,0.0,3.2,299,1773.04,1,0.0,0,Potential Customers
CUST107921,2129.49,1,2129.49,2.0,0.0,1.55,254,2415.05,1,0.0,0,Potential Customers
CUST107922,11589.14840000001,5,2317.8296800000016,2.0,0.0,6.27,244,20509.97,1,0.0,3,High Value Customers
CUST107923,785.06,1,785.06,2.0,0.0,4.77,319,1274.08,1,1.0,2,At-Risk Customers
CUST107924,2356.01,1,2356.01,9.0,3.0,17.25,10,3146.4,1,1.0,1,Loyal Customers
CUST107925,1938.5,1,1938.5,1.0,0.0,1.29,363,2633.88,1,0.0,0,Potential Customers
CUST107926,0.0,0,0.0,1.0,0.0,8.0,400,48.18,1,0.0,2,At-Risk Customers
CUST107927,1300.33,1,1300.33,2.0,0.0,1.19,356,1775.84,1,0.0,0,Potential Customers
CUST107928,1349.55,1,1349.55,3.0,0.0,2.02,346,1910.76,1,0.0,0,Potential Customers
CUST107929,3948.97,2,1974.485,1.0,0.0,0.9,63,4538.67,1,0.0,0,Potential Customers
CUST107930,0.0,0,0.0,1.0,0.0,4.26,400,0.0,1,0.0,2,At-Risk Customers
CUST107931,607.1,2,303.55,1.0,0.0,4.91,230,1414.89,1,0.0,0,Potential Customers
CUST107932,3822.7,2,1911.35,3.0,0.0,3.24,174,5296.27,1,1.0,0,Potential Customers
CUST107933,1448.89,1,1448.89,1.0,0.0,0.88,163,1991.33,1,0.0,0,Potential Customers
CUST107934,0.0,0,0.0,2.0,0.0,2.79,400,0.0,1,1.0,2,At-Risk Customers
CUST107935,2858.36,2,1429.18,3.0,0.0,4.02,91,3517.76,1,1.0,0,Potential Customers
CUST107936,2603.49,2,1301.745,1.0,0.0,2.14,19,3904.14,1,1.0,0,Potential Customers
CUST107937,1977.02,1,1977.02,3.0,0.0,3.98,144,2397.76,1,0.0,0,Potential Customers
CUST107938,0.0,0,0.0,2.0,0.0,8.64,400,6.04,1,1.0,2,At-Risk Customers
CUST107939,5035.42,2,2517.71,2.0,0.0,2.71,363,6797.06,1,1.0,3,High Value Customers
CUST107940,4943.72,2,2471.86,2.0,0.0,1.89,89,7006.48,1,0.0,3,High Value Customers
CUST107941,0.0,0,0.0,5.0,0.0,3.83,400,140.63,1,0.0,2,At-Risk Customers
CUST107942,5799.07,3,1933.0233333333333,3.0,1.0,14.45,300,7675.94,1,1.0,3,High Value Customers
CUST107943,0.0,0,0.0,1.0,0.0,5.78,400,0.0,1,0.0,2,At-Risk Customers
CUST107944,1216.71,1,1216.71,3.0,0.0,1.41,174,1787.73,1,0.0,0,Potential Customers
CUST107945,0.0,0,0.0,7.0,0.0,10.48,400,112.13,1,0.0,2,At-Risk Customers
CUST107946,2376.0,2,1188.0,2.0,0.0,3.03,23,3240.02,1,0.0,0,Potential Customers
CUST107947,3864.35,2,1932.175,1.0,0.0,3.44,75,5355.86,1,0.0,0,Potential Customers
CUST107948,1468.47,1,1468.47,1.0,0.0,1.65,255,1492.02,1,0.0,0,Potential Customers
CUST107949,0.0,0,0.0,4.0,0.0,4.5,400,0.0,1,0.0,2,At-Risk Customers
CUST107950,0.0,0,0.0,3.0,0.0,1.03,400,239.63,1,0.0,2,At-Risk Customers
CUST107951,3872.7,2,1936.35,0.0,0.0,1.84,140,5205.67,1,0.0,0,Potential Customers
CUST107952,2207.33,1,2207.33,3.0,0.0,6.21,255,2973.27,1,1.0,0,Potential Customers
CUST107953,0.0,0,0.0,4.0,0.0,4.43,400,0.0,1,0.0,2,At-Risk Customers
CUST107954,5888.24,2,2944.12,0.0,0.0,2.39,147,7140.19,1,1.0,3,High Value Customers
CUST107955,7890.63,3,2630.21,1.0,0.0,3.54,139,10772.3,1,0.0,3,High Value Customers
CUST107956,0.0,0,0.0,3.0,0.0,6.61,400,0.0,1,0.0,2,At-Risk Customers
CUST107957,4782.54,2,2391.27,1.0,0.0,5.3,163,6518.12,1,0.0,3,High Value Customers
CUST107958,6676.61,2,3338.305,4.0,0.0,6.45,280,8363.45,1,0.0,3,High Value Customers
CUST107959,6344.44,2,3172.22,1.0,0.0,1.77,108,7504.74,1,0.0,3,High Value Customers
CUST107960,0.0,0,0.0,0.0,0.0,2.47,400,62.96,1,1.0,2,At-Risk Customers
CUST107961,0.0,0,0.0,3.0,0.0,15.72,400,19.82,1,0.0,2,At-Risk Customers
CUST107962,0.0,0,0.0,1.0,0.0,3.07,400,0.0,1,0.0,2,At-Risk Customers
CUST107963,0.0,0,0.0,1.0,0.0,2.94,400,0.0,1,0.0,2,At-Risk Customers
CUST107964,2199.46,2,1099.73,2.0,0.0,4.42,209,3560.13,1,0.0,0,Potential Customers
CUST107965,292.39,1,292.39,3.0,0.0,4.73,336,784.03,1,0.0,2,At-Risk Customers
CUST107966,641.6,2,320.8,1.0,0.0,2.02,112,1114.15,1,0.0,0,Potential Customers
CUST107967,0.0,0,0.0,3.0,0.0,0.76,400,0.0,1,0.0,2,At-Risk Customers
CUST107968,1004.02,3,334.67333333333335,1.0,0.0,3.24,81,2222.18,1,0.0,0,Potential Customers
CUST107969,1536.65,1,1536.65,3.0,0.0,4.0,85,1862.75,1,0.0,0,Potential Customers
CUST107970,0.0,0,0.0,0.0,0.0,1.18,400,0.0,1,0.0,2,At-Risk Customers
CUST107971,4157.58,2,2078.79,0.0,0.0,4.89,328,5727.4,1,0.0,0,Potential Customers
CUST107972,1911.97,1,1911.97,1.0,0.0,5.13,119,2790.77,1,0.0,0,Potential Customers
CUST107973,2583.5,1,2583.5,5.0,0.0,8.01,80,3552.4,1,0.0,0,Potential Customers
CUST107974,2107.62,1,2107.62,4.0,0.0,1.88,52,2784.77,1,0.0,0,Potential Customers
CUST107975,2339.98,1,2339.98,3.0,0.0,5.24,267,3042.63,1,0.0,0,Potential Customers
CUST107976,3971.01,2,1985.505,1.0,0.0,5.97,95,5473.57,1,0.0,0,Potential Customers
CUST107977,0.0,0,0.0,4.0,0.0,11.41,400,62.48,1,0.0,2,At-Risk Customers
CUST107978,1229.34,2,614.67,2.0,0.0,7.36,85,2584.43,1,0.0,0,Potential Customers
CUST107979,0.0,0,0.0,2.0,0.0,8.49,400,0.0,1,0.0,2,At-Risk Customers
CUST107980,0.0,0,0.0,3.0,0.0,4.51,400,84.48,1,1.0,2,At-Risk Customers
CUST107981,0.0,0,0.0,0.0,0.0,2.96,400,0.0,1,0.0,2,At-Risk Customers
CUST107982,2055.23,1,2055.23,5.0,2.0,9.86,322,2366.11,1,1.0,1,Loyal Customers
CUST107983,0.0,0,0.0,1.0,0.0,1.67,400,0.0,1,0.0,2,At-Risk Customers
CUST107984,2303.15,1,2303.15,1.0,2.0,11.8,335,2652.32,1,1.0,1,Loyal Customers
CUST107985,6306.65,2,3153.325,3.0,0.0,7.06,290,7442.71,1,0.0,3,High Value Customers
CUST107986,5163.64,2,2581.82,3.0,0.0,3.2,328,5977.15,1,0.0,3,High Value Customers
CUST107987,2274.62,1,2274.62,2.0,0.0,1.33,197,2953.0,1,0.0,0,Potential Customers
CUST107988,3106.25,2,1553.125,2.0,0.0,3.86,318,3907.97,1,0.0,0,Potential Customers
CUST107989,11589.14840000001,5,2317.8296800000016,1.0,0.0,2.6,42,18873.31,1,0.0,3,High Value Customers
CUST107990,0.0,0,0.0,0.0,0.0,1.34,400,40.04,1,0.0,2,At-Risk Customers
CUST107991,0.0,0,0.0,2.0,0.0,2.72,400,24.58,1,0.0,2,At-Risk Customers
CUST107992,4717.67,3,1572.5566666666666,5.0,0.0,7.63,70,5670.9,1,0.0,3,High Value Customers
CUST107993,1934.71,1,1934.71,2.0,0.0,23.312000000000044,63,2698.55,1,0.0,0,Potential Customers
CUST107994,1796.1,1,1796.1,4.0,0.0,3.42,122,2702.27,1,0.0,0,Potential Customers
CUST107995,0.0,0,0.0,3.0,0.0,1.35,400,97.31,1,0.0,2,At-Risk Customers
CUST107996,780.21,1,780.21,3.0,2.0,3.57,210,1324.96,1,1.0,1,Loyal Customers
CUST107997,0.0,0,0.0,4.0,0.0,12.2,400,0.0,1,0.0,2,At-Risk Customers
CUST107998,0.0,0,0.0,4.0,0.0,4.16,400,0.0,1,1.0,2,At-Risk Customers
CUST107999,0.0,0,0.0,3.0,0.0,3.15,400,107.13,1,0.0,2,At-Risk Customers
CUST108000,1236.91,1,1236.91,6.0,0.0,6.84,287,1422.48,1,0.0,0,Potential Customers
CUST108001,3986.72,2,1993.36,7.0,0.0,9.83,264,5793.89,1,0.0,0,Potential Customers
CUST108002,2845.7,3,948.5666666666666,2.0,0.0,10.66,4,4972.28,1,0.0,0,Potential Customers
CUST108003,1240.61,1,1240.61,3.0,0.0,5.16,165,1610.35,1,0.0,0,Potential Customers
CUST108004,4819.47,2,2409.735,1.0,0.0,1.28,244,6189.71,1,0.0,3,High Value Customers
CUST108005,1484.43,1,1484.43,3.0,0.0,8.12,103,2228.99,1,1.0,0,Potential Customers
CUST108006,3921.38,2,1960.69,2.0,0.0,3.08,306,5087.55,1,0.0,0,Potential Customers
CUST108007,1115.81,2,557.905,0.0,0.0,2.81,14,1621.86,1,0.0,0,Potential Customers
CUST108008,0.0,0,0.0,3.0,0.0,2.05,400,108.55,1,0.0,2,At-Risk Customers
CUST108009,7180.14,3,2393.38,2.0,0.0,5.93,121,9647.87,1,0.0,3,High Value Customers
CUST108010,1769.97,1,1769.97,2.0,0.0,7.92,288,2116.39,1,0.0,0,Potential Customers
CUST108011,0.0,0,0.0,3.0,0.0,2.54,400,0.0,1,0.0,2,At-Risk Customers
CUST108012,2418.57,1,2418.57,3.0,0.0,6.36,62,3056.81,1,1.0,0,Potential Customers
CUST108013,1485.45,1,1485.45,4.0,0.0,8.75,364,2195.88,1,1.0,0,Potential Customers
CUST108014,6987.62,3,2329.2066666666665,2.0,3.0,5.24,167,9089.08,1,1.0,1,Loyal Customers
CUST108015,5806.42,2,2903.21,2.0,0.0,4.06,287,6839.15,1,0.0,3,High Value Customers
CUST108016,3027.91,1,3027.91,2.0,0.0,3.64,140,3430.54,1,0.0,0,Potential Customers
CUST108017,4443.15,2,2221.575,5.0,0.0,2.56,354,6224.11,1,0.0,3,High Value Customers
CUST108018,2137.71,2,1068.855,3.0,0.0,6.91,30,2933.34,1,0.0,0,Potential Customers
CUST108019,3358.13,1,3358.13,2.0,0.0,9.0,349,4124.24,1,0.0,0,Potential Customers
CUST108020,2764.15,2,1382.075,2.0,0.0,4.45,114,3516.06,1,0.0,0,Potential Customers
CUST108021,3246.57,3,1082.19,4.0,0.0,2.97,271,5131.71,1,0.0,0,Potential Customers
CUST108022,0.0,0,0.0,3.0,0.0,5.72,400,153.41,1,0.0,2,At-Risk Customers
CUST108023,4243.2,2,2121.6,4.0,0.0,2.16,137,5997.64,1,0.0,0,Potential Customers
CUST108024,4194.28,2,2097.14,5.0,0.0,9.78,180,6173.05,1,1.0,0,Potential Customers
CUST108025,0.0,0,0.0,1.0,0.0,9.02,400,47.28,1,0.0,2,At-Risk Customers
CUST108026,1101.33,1,1101.33,0.0,2.0,5.74,254,1505.81,1,1.0,1,Loyal Customers
CUST108027,8508.25,3,2836.0833333333335,2.0,0.0,3.0,57,11118.22,1,0.0,3,High Value Customers
CUST108028,0.0,0,0.0,1.0,0.0,3.55,400,87.76,1,0.0,2,At-Risk Customers
CUST108029,1623.59,1,1623.59,0.0,0.0,1.2,194,2115.82,1,0.0,0,Potential Customers
CUST108030,11589.14840000001,6,1931.5247333333348,0.0,0.0,2.37,264,16799.71,1,0.0,3,High Value Customers
CUST108031,0.0,0,0.0,1.0,0.0,6.78,400,25.24,1,0.0,2,At-Risk Customers
CUST108032,0.0,0,0.0,1.0,0.0,2.36,400,0.0,1,0.0,2,At-Risk Customers
CUST108033,1438.01,1,1438.01,8.0,0.0,21.56,70,2053.63,1,0.0,0,Potential Customers
CUST108034,3134.1,3,1044.7,0.0,0.0,2.86,30,4755.85,1,0.0,0,Potential Customers
CUST108035,797.72,1,797.72,0.0,0.0,2.12,351,1017.83,1,0.0,2,At-Risk Customers
CUST108036,6368.83,3,2122.943333333333,2.0,0.0,5.13,279,9625.29,1,0.0,3,High Value Customers
CUST108037,10638.0,3,3546.0,1.0,0.0,5.3,54,13113.77,1,0.0,3,High Value Customers
CUST108038,1282.45,1,1282.45,1.0,0.0,10.55,10,1807.98,1,0.0,0,Potential Customers
CUST108039,6286.22,3,2095.4066666666668,0.0,0.0,3.39,210,7776.25,1,0.0,3,High Value Customers
CUST108040,2192.42,2,1096.21,1.0,0.0,2.18,106,3157.96,1,0.0,0,Potential Customers
CUST108041,0.0,0,0.0,2.0,0.0,2.7,400,187.07,1,0.0,2,At-Risk Customers
CUST108042,2173.22,1,2173.22,2.0,0.0,9.41,261,2984.47,1,1.0,0,Potential Customers
CUST108043,3574.73,2,1787.365,2.0,3.0,12.79,211,5063.54,1,1.0,1,Loyal Customers
CUST108044,0.0,0,0.0,3.0,0.0,2.67,400,67.03,1,0.0,2,At-Risk Customers
CUST108045,6349.88,2,3174.94,3.0,0.0,3.65,176,7923.26,1,1.0,3,High Value Customers
CUST108046,0.0,0,0.0,6.0,0.0,10.68,400,150.41,1,0.0,2,At-Risk Customers
CUST108047,2345.58,1,2345.58,1.0,0.0,6.79,93,2980.96,1,0.0,0,Potential Customers
CUST108048,0.0,0,0.0,1.0,0.0,2.69,400,0.0,1,0.0,2,At-Risk Customers
CUST108049,1513.55,1,1513.55,7.0,0.0,1.77,354,2277.08,1,0.0,0,Potential Customers
CUST108050,7018.42,3,2339.4733333333334,1.0,0.0,2.53,33,8174.36,1,1.0,3,High Value Customers
CUST108051,0.0,0,0.0,6.0,0.0,7.21,400,0.0,1,0.0,2,At-Risk Customers
CUST108052,0.0,0,0.0,2.0,0.0,1.4,400,0.0,1,0.0,2,At-Risk Customers
CUST108053,0.0,0,0.0,4.0,0.0,4.59,400,35.62,1,0.0,2,At-Risk Customers
CUST108054,0.0,0,0.0,3.0,0.0,3.08,400,0.0,1,0.0,2,At-Risk Customers
CUST108055,3659.35,2,1829.675,1.0,0.0,2.38,71,5051.2,1,0.0,0,Potential Customers
CUST108056,1849.9,1,1849.9,2.0,0.0,2.83,347,2435.02,1,0.0,0,Potential Customers
CUST108057,882.96,2,441.48,3.0,0.0,7.34,74,1511.31,1,1.0,0,Potential Customers
CUST108058,0.0,0,0.0,2.0,0.0,5.78,400,0.0,1,0.0,2,At-Risk Customers
CUST108059,2658.34,1,2658.34,2.0,0.0,8.21,363,3586.62,1,0.0,0,Potential Customers
CUST108060,0.0,0,0.0,0.0,0.0,2.25,400,177.96,1,0.0,2,At-Risk Customers
CUST108061,564.93,2,282.465,2.0,0.0,1.23,175,1275.37,1,0.0,0,Potential Customers
CUST108062,0.0,0,0.0,1.0,0.0,4.53,400,0.0,1,0.0,2,At-Risk Customers
CUST108063,0.0,0,0.0,2.0,0.0,3.94,400,0.0,1,1.0,2,At-Risk Customers
CUST108064,3940.88,2,1970.44,1.0,0.0,2.82,54,5679.19,1,0.0,0,Potential Customers
CUST108065,5948.3,2,2974.15,2.0,0.0,1.0,247,6772.49,1,0.0,3,High Value Customers
CUST108066,2007.09,1,2007.09,2.0,0.0,7.27,179,2323.12,1,0.0,0,Potential Customers
CUST108067,4115.85,2,2057.925,2.0,0.0,0.76,312,5316.8,1,0.0,0,Potential Customers
CUST108068,7284.58,2,3642.29,4.0,0.0,6.55,227,8700.46,1,0.0,3,High Value Customers
CUST108069,3726.63,2,1863.315,2.0,0.0,6.34,281,4676.38,1,0.0,0,Potential Customers
CUST108070,5952.45,3,1984.1499999999999,2.0,0.0,6.07,61,8783.16,1,0.0,3,High Value Customers
CUST108071,0.0,0,0.0,1.0,0.0,3.8,400,0.0,1,0.0,2,At-Risk Customers
CUST108072,1142.46,1,1142.46,1.0,0.0,0.81,46,1718.42,1,0.0,0,Potential Customers
CUST108073,0.0,0,0.0,2.0,0.0,1.29,400,0.0,1,0.0,2,At-Risk Customers
CUST108074,0.0,0,0.0,1.0,0.0,2.21,400,145.72,1,0.0,2,At-Risk Customers
CUST108075,7092.45,2,3546.225,3.0,0.0,14.49,94,9220.68,1,0.0,3,High Value Customers
CUST108076,615.24,1,615.24,4.0,0.0,7.75,256,1043.42,1,0.0,2,At-Risk Customers
CUST108077,0.0,0,0.0,1.0,0.0,3.5,400,0.0,1,0.0,2,At-Risk Customers
CUST108078,328.01,1,328.01,2.0,3.0,2.59,189,264.84,1,1.0,1,Loyal Customers
CUST108079,4339.45,2,2169.725,2.0,0.0,4.36,356,6403.97,1,1.0,3,High Value Customers
CUST108080,1655.52,1,1655.52,4.0,0.0,7.18,41,2444.86,1,0.0,0,Potential Customers
CUST108081,0.0,0,0.0,3.0,0.0,4.9,400,420.09,1,1.0,2,At-Risk Customers
CUST108082,2221.09,2,1110.545,1.0,0.0,1.5,11,3258.52,1,0.0,0,Potential Customers
CUST108083,1706.35,1,1706.35,4.0,0.0,10.85,220,2568.01,1,0.0,0,Potential Customers
CUST108084,0.0,0,0.0,5.0,0.0,5.56,400,0.0,1,0.0,2,At-Risk Customers
CUST108085,329.62,1,329.62,3.0,0.0,2.79,134,681.77,1,0.0,0,Potential Customers
CUST108086,9035.03,4,2258.7575,0.0,0.0,5.09,252,13283.87,1,0.0,3,High Value Customers
CUST108087,5270.17,2,2635.085,3.0,0.0,9.29,145,7539.11,1,0.0,3,High Value Customers
CUST108088,0.0,0,0.0,2.0,0.0,5.2,400,82.08,1,0.0,2,At-Risk Customers
CUST108089,0.0,0,0.0,2.0,0.0,5.41,400,120.96,1,0.0,2,At-Risk Customers
CUST108090,2697.22,1,2697.22,3.0,0.0,11.62,51,3817.21,1,0.0,0,Potential Customers
CUST108091,2233.48,1,2233.48,3.0,0.0,2.57,293,2983.78,1,1.0,0,Potential Customers
CUST108092,0.0,0,0.0,1.0,0.0,2.03,400,0.0,1,0.0,2,At-Risk Customers
CUST108093,1864.99,1,1864.99,2.0,0.0,2.92,184,2584.28,1,0.0,0,Potential Customers
CUST108094,514.26,2,257.13,3.0,0.0,7.31,12,1001.19,1,0.0,0,Potential Customers
CUST108095,1985.54,2,992.77,2.0,0.0,7.93,315,3006.27,1,0.0,0,Potential Customers
CUST108096,3394.99,1,3394.99,3.0,0.0,4.54,5,4539.24,1,0.0,0,Potential Customers
CUST108097,937.32,1,937.32,3.0,0.0,2.24,299,1221.49,1,0.0,2,At-Risk Customers
CUST108098,1741.0,1,1741.0,2.0,0.0,14.1,122,2041.79,1,0.0,0,Potential Customers
CUST108099,0.0,0,0.0,1.0,0.0,1.8,400,0.0,1,0.0,2,At-Risk Customers
CUST108100,0.0,0,0.0,4.0,0.0,2.94,400,63.16,1,0.0,2,At-Risk Customers
CUST108101,6202.09,2,3101.045,4.0,0.0,2.48,21,8086.12,1,0.0,3,High Value Customers
CUST108102,311.42,1,311.42,3.0,0.0,8.52,10,465.39,1,0.0,0,Potential Customers
CUST108103,0.0,0,0.0,2.0,0.0,3.58,400,0.0,1,0.0,2,At-Risk Customers
CUST108104,0.0,0,0.0,5.0,0.0,12.83,400,62.63,1,0.0,2,At-Risk Customers
CUST108105,3965.88,2,1982.94,2.0,0.0,7.1,135,5590.43,1,0.0,0,Potential Customers
CUST108106,1613.93,1,1613.93,1.0,0.0,2.11,291,2206.95,1,1.0,0,Potential Customers
CUST108107,2383.2,1,2383.2,2.0,0.0,3.25,301,3323.55,1,0.0,0,Potential Customers
CUST108108,4942.97,2,2471.485,1.0,0.0,2.79,358,5797.17,1,0.0,3,High Value Customers
CUST108109,1436.75,1,1436.75,7.0,0.0,10.68,299,1515.85,1,0.0,0,Potential Customers
CUST108110,0.0,0,0.0,3.0,0.0,7.33,400,104.91,1,0.0,2,At-Risk Customers
CUST108111,2970.32,1,2970.32,4.0,0.0,1.34,114,4201.71,1,0.0,0,Potential Customers
CUST108112,0.0,0,0.0,6.0,0.0,5.86,400,176.81,1,0.0,2,At-Risk Customers
CUST108113,1573.55,1,1573.55,1.0,0.0,3.88,168,2273.91,1,1.0,0,Potential Customers
CUST108114,0.0,0,0.0,3.0,0.0,1.66,400,18.02,1,0.0,2,At-Risk Customers
CUST108115,4790.59,2,2395.295,2.0,0.0,2.27,242,6063.12,1,0.0,3,High Value Customers
CUST108116,0.0,0,0.0,4.0,0.0,3.49,400,257.32,1,0.0,2,At-Risk Customers
CUST108117,0.0,0,0.0,4.0,0.0,0.86,400,0.0,1,0.0,2,At-Risk Customers
CUST108118,0.0,0,0.0,2.0,0.0,4.73,400,63.6,1,1.0,2,At-Risk Customers
CUST108119,4364.68,2,2182.34,5.0,0.0,4.3,125,5570.62,1,0.0,0,Potential Customers
CUST108120,0.0,0,0.0,2.0,0.0,3.39,400,117.26,1,0.0,2,At-Risk Customers
CUST108121,4250.47,2,2125.235,3.0,0.0,4.16,159,5441.18,1,0.0,0,Potential Customers
CUST108122,11522.47,4,2880.6175,1.0,0.0,3.46,112,15172.63,1,0.0,3,High Value Customers
CUST108123,1957.22,1,1957.22,2.0,0.0,1.85,188,2331.54,1,1.0,0,Potential Customers
CUST108124,0.0,0,0.0,3.0,0.0,2.59,400,37.0,1,0.0,2,At-Risk Customers
CUST108125,2449.86,1,2449.86,2.0,0.0,2.35,74,2681.73,1,0.0,0,Potential Customers
CUST108126,1286.75,1,1286.75,4.0,0.0,6.3,226,1950.2,1,0.0,0,Potential Customers
CUST108127,2881.2,2,1440.6,2.0,0.0,1.92,266,4254.28,1,0.0,0,Potential Customers
CUST108128,1546.7,1,1546.7,1.0,0.0,2.75,61,2103.41,1,0.0,0,Potential Customers
CUST108129,3301.84,1,3301.84,1.0,0.0,4.13,282,3965.57,1,0.0,0,Potential Customers
CUST108130,4588.17,2,2294.085,2.0,0.0,1.4,298,6213.66,1,0.0,3,High Value Customers
CUST108131,0.0,0,0.0,0.0,0.0,2.95,400,0.0,1,0.0,2,At-Risk Customers
CUST108132,0.0,0,0.0,0.0,2.0,4.12,400,0.0,1,0.0,1,Loyal Customers
CUST108133,0.0,0,0.0,1.0,0.0,4.52,400,0.0,1,0.0,2,At-Risk Customers
CUST108134,0.0,0,0.0,3.0,0.0,5.14,400,0.0,1,0.0,2,At-Risk Customers
CUST108135,0.0,0,0.0,0.0,0.0,2.36,400,0.0,1,0.0,2,At-Risk Customers
CUST108136,303.86,1,303.86,1.0,0.0,1.87,328,556.11,1,0.0,2,At-Risk Customers
CUST108137,1350.33,1,1350.33,3.0,0.0,2.9,158,1340.63,1,0.0,0,Potential Customers
CUST108138,991.64,1,991.64,1.0,0.0,4.61,229,1477.53,1,0.0,0,Potential Customers
CUST108139,9214.28,2,4607.14,2.0,0.0,3.28,273,10219.53,1,0.0,3,High Value Customers
CUST108140,2081.83,1,2081.83,2.0,0.0,1.84,153,2925.01,1,0.0,0,Potential Customers
CUST108141,3470.38,3,1156.7933333333333,7.0,0.0,18.96,200,5181.32,1,0.0,0,Potential Customers
CUST108142,4639.88,2,2319.94,3.0,0.0,2.31,120,6439.32,1,1.0,3,High Value Customers
CUST108143,2129.41,1,2129.41,3.0,0.0,1.59,232,2700.9,1,0.0,0,Potential Customers
CUST108144,1010.8,1,1010.8,3.0,0.0,2.48,217,1611.86,1,0.0,0,Potential Customers
CUST108145,0.0,0,0.0,2.0,0.0,7.42,400,0.0,1,0.0,2,At-Risk Customers
CUST108146,2337.21,1,2337.21,2.0,0.0,6.04,61,2863.71,1,0.0,0,Potential Customers
CUST108147,0.0,0,0.0,4.0,1.0,14.14,400,0.0,1,1.0,2,At-Risk Customers
CUST108148,0.0,0,0.0,2.0,0.0,2.0,400,0.0,1,0.0,2,At-Risk Customers
CUST108149,4776.95,2,2388.475,1.0,0.0,3.28,27,6606.63,1,1.0,3,High Value Customers
CUST108150,2953.67,1,2953.67,2.0,0.0,4.02,349,3488.53,1,0.0,0,Potential Customers
CUST108151,2611.15,1,2611.15,2.0,0.0,1.95,315,3517.12,1,0.0,0,Potential Customers
CUST108152,0.0,0,0.0,5.0,0.0,9.13,400,0.0,1,0.0,2,At-Risk Customers
CUST108153,0.0,0,0.0,3.0,0.0,4.15,400,94.88,1,0.0,2,At-Risk Customers
CUST108154,2230.89,2,1115.445,1.0,0.0,2.32,348,3511.48,1,0.0,0,Potential Customers
CUST108155,0.0,0,0.0,3.0,0.0,1.22,400,0.0,1,0.0,2,At-Risk Customers
CUST108156,0.0,0,0.0,0.0,0.0,5.85,400,55.84,1,0.0,2,At-Risk Customers
CUST108157,269.92,1,269.92,2.0,0.0,11.4,259,738.08,1,0.0,2,At-Risk Customers
CUST108158,5318.26,2,2659.13,2.0,0.0,5.15,61,6398.62,1,0.0,3,High Value Customers
CUST108159,4674.02,2,2337.01,4.0,3.0,5.35,194,6143.63,1,0.0,1,Loyal Customers
CUST108160,1075.72,2,537.86,2.0,0.0,4.88,85,2014.26,1,1.0,0,Potential Customers
CUST108161,0.0,0,0.0,2.0,0.0,7.73,400,0.0,1,0.0,2,At-Risk Customers
CUST108162,11589.14840000001,7,1655.59262857143,3.0,0.0,9.57,320,18504.48,1,0.0,3,High Value Customers
CUST108163,1371.68,2,685.84,1.0,0.0,0.76,343,1973.5,1,0.0,0,Potential Customers
CUST108164,0.0,0,0.0,2.0,0.0,3.24,400,10.84,1,1.0,2,At-Risk Customers
CUST108165,528.18,2,264.09,2.0,0.0,2.63,294,1149.02,1,0.0,2,At-Risk Customers
CUST108166,310.52,1,310.52,1.0,0.0,4.63,332,673.31,1,0.0,2,At-Risk Customers
CUST108167,1552.72,1,1552.72,1.0,0.0,3.07,298,2281.91,1,0.0,0,Potential Customers
CUST108168,1102.31,1,1102.31,1.0,0.0,5.54,162,1612.66,1,0.0,0,Potential Customers
CUST108169,3244.45,1,3244.45,1.0,0.0,5.12,51,4039.11,1,0.0,0,Potential Customers
CUST108170,2796.6,2,1398.3,1.0,0.0,1.06,195,3553.84,1,0.0,0,Potential Customers
CUST108171,2719.51,1,2719.51,1.0,0.0,0.88,347,3397.29,1,0.0,0,Potential Customers
CUST108172,2196.04,3,732.0133333333333,2.0,0.0,6.89,124,3234.92,1,0.0,0,Potential Customers
CUST108173,0.0,0,0.0,3.0,0.0,2.27,400,9.71,1,0.0,2,At-Risk Customers
CUST108174,2329.11,1,2329.11,2.0,1.0,13.51,308,3305.46,1,1.0,0,Potential Customers
CUST108175,2432.36,1,2432.36,3.0,0.0,7.36,63,3289.98,1,0.0,0,Potential Customers
CUST108176,0.0,0,0.0,0.0,0.0,1.16,400,0.0,1,0.0,2,At-Risk Customers
CUST108177,5781.67,3,1927.2233333333334,1.0,0.0,2.32,286,7308.88,1,0.0,3,High Value Customers
CUST108178,2555.89,2,1277.945,1.0,0.0,4.8,96,3871.12,1,0.0,0,Potential Customers
CUST108179,3490.05,2,1745.025,2.0,0.0,2.97,11,4453.19,1,0.0,0,Potential Customers
CUST108180,11589.14840000001,5,2317.8296800000016,1.0,0.0,3.59,363,17399.96,1,1.0,3,High Value Customers
CUST108181,2535.22,1,2535.22,1.0,0.0,1.87,218,3317.81,1,1.0,0,Potential Customers
CUST108182,645.18,2,322.59,2.0,0.0,5.16,156,1292.19,1,0.0,0,Potential Customers
CUST108183,0.0,0,0.0,2.0,0.0,4.11,400,0.0,1,0.0,2,At-Risk Customers
CUST108184,3037.24,2,1518.62,4.0,0.0,6.88,191,3947.63,1,0.0,0,Potential Customers
CUST108185,2952.53,1,2952.53,2.0,0.0,3.92,88,4545.4,1,0.0,0,Potential Customers
CUST108186,0.0,0,0.0,1.0,0.0,2.61,400,0.0,1,0.0,2,At-Risk Customers
CUST108187,0.0,0,0.0,0.0,0.0,4.46,400,38.01,1,0.0,2,At-Risk Customers
CUST108188,2209.52,1,2209.52,1.0,0.0,5.23,107,2949.39,1,0.0,0,Potential Customers
CUST108189,0.0,0,0.0,2.0,0.0,4.06,400,226.34,1,0.0,2,At-Risk Customers
CUST108190,1579.19,1,1579.19,1.0,0.0,9.58,62,2407.66,1,0.0,0,Potential Customers
CUST108191,4119.61,1,4119.61,4.0,0.0,1.9,231,5138.35,1,0.0,0,Potential Customers
CUST108192,2202.01,1,2202.01,2.0,0.0,7.66,84,2609.12,1,0.0,0,Potential Customers
CUST108193,1410.81,1,1410.81,2.0,0.0,1.73,307,1939.47,1,0.0,0,Potential Customers
CUST108194,0.0,0,0.0,3.0,0.0,6.41,400,83.96,1,0.0,2,At-Risk Customers
CUST108195,846.97,3,282.3233333333333,3.0,0.0,0.96,93,1897.79,1,0.0,0,Potential Customers
CUST108196,2591.79,1,2591.79,2.0,0.0,3.29,210,3605.39,1,0.0,0,Potential Customers
CUST108197,2661.38,1,2661.38,3.0,0.0,7.91,246,3712.81,1,0.0,0,Potential Customers
CUST108198,375.73,1,375.73,3.0,0.0,3.03,96,545.76,1,1.0,0,Potential Customers
CUST108199,565.18,1,565.18,2.0,0.0,3.77,349,919.47,1,0.0,2,At-Risk Customers
CUST108200,3932.06,1,3932.06,3.0,0.0,4.88,5,4988.39,1,0.0,0,Potential Customers
CUST108201,3054.27,2,1527.135,0.0,0.0,0.79,90,4668.09,1,0.0,0,Potential Customers
CUST108202,0.0,0,0.0,2.0,0.0,4.94,400,0.0,1,0.0,2,At-Risk Customers
CUST108203,0.0,0,0.0,2.0,0.0,2.06,400,0.0,1,0.0,2,At-Risk Customers
CUST108204,3893.19,2,1946.595,1.0,0.0,7.74,219,5614.72,1,0.0,0,Potential Customers
CUST108205,291.7,1,291.7,1.0,0.0,3.72,348,497.26,1,0.0,2,At-Risk Customers
CUST108206,8538.32,3,2846.1066666666666,1.0,0.0,4.81,51,10143.54,1,1.0,3,High Value Customers
CUST108207,1921.23,1,1921.23,1.0,0.0,1.72,253,2386.7,1,0.0,0,Potential Customers
CUST108208,7953.56,2,3976.78,2.0,0.0,6.92,305,9629.06,1,0.0,3,High Value Customers
CUST108209,5334.13,2,2667.065,2.0,3.0,3.86,141,6368.13,1,1.0,1,Loyal Customers
CUST108210,10653.6,5,2130.7200000000003,2.0,0.0,1.37,166,13715.42,1,0.0,3,High Value Customers
CUST108211,0.0,0,0.0,1.0,0.0,2.74,400,3.21,1,0.0,2,At-Risk Customers
CUST108212,0.0,0,0.0,1.0,0.0,6.26,400,71.89,1,0.0,2,At-Risk Customers
CUST108213,2371.76,2,1185.88,3.0,0.0,4.3,58,3196.36,1,0.0,0,Potential Customers
CUST108214,0.0,0,0.0,4.0,0.0,6.43,400,46.86,1,0.0,2,At-Risk Customers
CUST108215,0.0,0,0.0,2.0,0.0,3.03,400,0.0,1,0.0,2,At-Risk Customers
CUST108216,933.33,1,933.33,5.0,0.0,9.12,66,1376.86,1,0.0,0,Potential Customers
CUST108217,4013.48,2,2006.74,3.0,0.0,10.47,132,4939.64,1,0.0,0,Potential Customers
CUST108218,0.0,0,0.0,6.0,0.0,1.14,400,0.0,1,0.0,2,At-Risk Customers
CUST108219,0.0,0,0.0,3.0,0.0,5.9,400,0.0,1,0.0,2,At-Risk Customers
CUST108220,0.0,0,0.0,3.0,0.0,11.26,400,0.0,1,0.0,2,At-Risk Customers
CUST108221,0.0,0,0.0,3.0,0.0,5.46,400,0.0,1,0.0,2,At-Risk Customers
CUST108222,5247.93,2,2623.965,2.0,0.0,3.79,208,6251.07,1,0.0,3,High Value Customers
CUST108223,855.41,2,427.705,1.0,0.0,1.54,88,1144.91,1,1.0,0,Potential Customers
CUST108224,2107.21,1,2107.21,1.0,0.0,3.14,9,2827.83,1,0.0,0,Potential Customers
CUST108225,8303.5,3,2767.8333333333335,3.0,2.0,2.73,359,10875.79,1,1.0,3,High Value Customers
CUST108226,7074.19,2,3537.095,1.0,0.0,7.23,226,9327.25,1,0.0,3,High Value Customers
CUST108227,0.0,0,0.0,1.0,0.0,7.84,400,168.52,1,0.0,2,At-Risk Customers
CUST108228,1701.87,1,1701.87,5.0,0.0,3.48,69,2054.15,1,1.0,0,Potential Customers
CUST108229,0.0,0,0.0,2.0,0.0,2.01,400,0.0,1,0.0,2,At-Risk Customers
CUST108230,0.0,0,0.0,2.0,0.0,0.88,400,27.74,1,0.0,2,At-Risk Customers
CUST108231,1602.58,2,801.29,2.0,0.0,5.9,247,2341.88,1,0.0,0,Potential Customers
CUST108232,4086.75,2,2043.375,6.0,0.0,5.55,246,5012.51,1,0.0,0,Potential Customers
CUST108233,961.93,1,961.93,3.0,0.0,0.91,297,1366.8,1,0.0,0,Potential Customers
CUST108234,9531.66,4,2382.915,3.0,0.0,5.62,101,12858.88,1,1.0,3,High Value Customers
CUST108235,4547.69,2,2273.845,3.0,0.0,7.19,128,5872.29,1,0.0,0,Potential Customers
CUST108236,5272.01,4,1318.0025,2.0,0.0,0.76,171,8179.73,1,0.0,3,High Value Customers
CUST108237,2808.36,1,2808.36,2.0,0.0,1.93,358,3399.04,1,0.0,0,Potential Customers
CUST108238,1526.49,1,1526.49,10.0,2.0,22.28,117,2084.39,1,1.0,1,Loyal Customers
CUST108239,3078.73,1,3078.73,2.0,0.0,4.12,223,4002.26,1,0.0,0,Potential Customers
CUST108240,2106.81,1,2106.81,5.0,0.0,19.54,263,2805.22,1,0.0,0,Potential Customers
CUST108241,3728.66,2,1864.33,3.0,0.0,4.64,253,5405.53,1,0.0,0,Potential Customers
CUST108242,9972.56,4,2493.14,2.0,1.0,8.61,124,13904.1,1,1.0,3,High Value Customers
CUST108243,569.07,1,569.07,4.0,0.0,3.22,320,1016.05,1,0.0,2,At-Risk Customers
CUST108244,1151.0,1,1151.0,1.0,0.0,2.5,269,1777.05,1,0.0,0,Potential Customers
CUST108245,2956.39,1,2956.39,1.0,0.0,1.3,359,3715.43,1,1.0,0,Potential Customers
CUST108246,1319.52,3,439.84,2.0,0.0,5.84,136,2715.75,1,1.0,0,Potential Customers
CUST108247,1076.96,1,1076.96,4.0,0.0,2.21,195,1627.65,1,0.0,0,Potential Customers
CUST108248,3616.07,3,1205.3566666666668,1.0,0.0,2.05,253,4863.62,1,0.0,0,Potential Customers
CUST108249,2467.25,1,2467.25,3.0,0.0,1.35,54,3325.03,1,1.0,0,Potential Customers
CUST108250,5710.68,4,1427.67,2.0,0.0,4.11,364,7742.44,1,0.0,3,High Value Customers
CUST108251,3097.42,2,1548.71,3.0,0.0,6.85,190,4362.71,1,0.0,0,Potential Customers
CUST108252,0.0,0,0.0,3.0,0.0,3.41,400,185.48,1,0.0,2,At-Risk Customers
CUST108253,0.0,0,0.0,4.0,0.0,3.21,400,111.27,1,0.0,2,At-Risk Customers
CUST108254,334.71,1,334.71,1.0,0.0,11.76,336,648.58,1,0.0,2,At-Risk Customers
CUST108255,0.0,0,0.0,1.0,0.0,1.3,400,143.72,1,0.0,2,At-Risk Customers
CUST108256,7276.49,2,3638.245,6.0,0.0,14.33,326,10246.12,1,0.0,3,High Value Customers
CUST108257,1496.76,1,1496.76,0.0,0.0,1.57,160,2385.44,1,0.0,0,Potential Customers
CUST108258,1871.11,1,1871.11,1.0,0.0,3.72,281,2862.67,1,1.0,0,Potential Customers
CUST108259,1050.76,1,1050.76,3.0,0.0,5.24,115,1432.73,1,0.0,0,Potential Customers
CUST108260,4915.24,3,1638.4133333333332,4.0,0.0,8.03,30,6766.2,1,0.0,3,High Value Customers
CUST108261,0.0,0,0.0,1.0,0.0,1.32,400,73.75,1,0.0,2,At-Risk Customers
CUST108262,1769.53,1,1769.53,3.0,0.0,4.55,3,2775.27,1,0.0,0,Potential Customers
CUST108263,1491.91,1,1491.91,1.0,0.0,2.63,210,1934.08,1,0.0,0,Potential Customers
CUST108264,558.92,1,558.92,4.0,0.0,8.12,5,617.94,1,0.0,0,Potential Customers
CUST108265,974.93,1,974.93,1.0,0.0,2.61,224,1501.24,1,0.0,0,Potential Customers
CUST108266,4633.68,3,1544.5600000000002,4.0,0.0,1.04,150,5924.6,1,0.0,3,High Value Customers
CUST108267,678.47,2,339.235,4.0,0.0,5.23,260,1414.08,1,0.0,0,Potential Customers
CUST108268,5069.54,3,1689.8466666666666,1.0,0.0,3.96,150,6724.77,1,0.0,3,High Value Customers
CUST108269,0.0,0,0.0,2.0,0.0,14.04,400,0.0,1,0.0,2,At-Risk Customers
CUST108270,659.33,1,659.33,1.0,0.0,7.95,313,989.35,1,0.0,2,At-Risk Customers
CUST108271,0.0,0,0.0,0.0,0.0,2.19,400,0.0,1,0.0,2,At-Risk Customers
CUST108272,3361.55,2,1680.775,5.0,0.0,8.01,320,4085.48,1,0.0,0,Potential Customers
CUST108273,4185.56,1,4185.56,3.0,0.0,4.34,96,5682.02,1,0.0,0,Potential Customers
CUST108274,7378.45,3,2459.483333333333,3.0,0.0,6.68,322,10128.36,1,0.0,3,High Value Customers
CUST108275,0.0,0,0.0,3.0,0.0,2.38,400,73.29,1,0.0,2,At-Risk Customers
CUST108276,8348.86,3,2782.9533333333334,3.0,0.0,3.11,239,11857.36,1,0.0,3,High Value Customers
CUST108277,3581.24,1,3581.24,2.0,0.0,6.39,356,4180.67,1,1.0,0,Potential Customers
CUST108278,0.0,0,0.0,2.0,0.0,6.76,400,22.84,1,0.0,2,At-Risk Customers
CUST108279,702.82,1,702.82,1.0,0.0,0.93,252,1355.05,1,0.0,0,Potential Customers
CUST108280,2923.6,4,730.9,2.0,0.0,6.08,236,4298.73,1,0.0,0,Potential Customers
CUST108281,0.0,0,0.0,1.0,0.0,2.24,400,0.0,1,1.0,2,At-Risk Customers
CUST108282,0.0,0,0.0,2.0,0.0,4.78,400,0.0,1,0.0,2,At-Risk Customers
CUST108283,1114.03,1,1114.03,2.0,0.0,1.27,151,1539.81,1,1.0,0,Potential Customers
CUST108284,3731.93,2,1865.965,3.0,0.0,7.52,209,4797.62,1,1.0,0,Potential Customers
CUST108285,1019.16,3,339.71999999999997,4.0,0.0,6.51,212,2085.08,1,0.0,0,Potential Customers
CUST108286,4458.93,2,2229.465,0.0,0.0,2.28,224,6409.0,1,0.0,3,High Value Customers
CUST108287,0.0,0,0.0,1.0,0.0,5.37,400,188.4,1,0.0,2,At-Risk Customers
CUST108288,2480.4,1,2480.4,3.0,2.0,3.95,60,3359.5,1,1.0,1,Loyal Customers
CUST108289,10534.2,3,3511.4,1.0,0.0,6.19,282,12505.2,1,0.0,3,High Value Customers
CUST108290,0.0,0,0.0,1.0,0.0,1.54,400,176.81,1,0.0,2,At-Risk Customers
CUST108291,531.83,1,531.83,1.0,0.0,1.74,158,725.56,1,0.0,0,Potential Customers
CUST108292,4560.13,2,2280.065,3.0,0.0,2.43,320,6371.12,1,0.0,3,High Value Customers
CUST108293,2378.85,1,2378.85,1.0,0.0,3.91,248,3581.27,1,1.0,0,Potential Customers
CUST108294,9023.12,2,4511.56,4.0,0.0,12.71,332,11773.87,1,0.0,3,High Value Customers
CUST108295,3323.52,1,3323.52,1.0,0.0,4.58,119,3849.01,1,0.0,0,Potential Customers
CUST108296,5145.95,2,2572.975,3.0,2.0,7.86,212,7394.0,1,0.0,1,Loyal Customers
CUST108297,1853.92,1,1853.92,2.0,0.0,2.2,237,2452.08,1,0.0,0,Potential Customers
CUST108298,2814.02,4,703.505,1.0,0.0,2.72,303,4589.99,1,1.0,0,Potential Customers
CUST108299,2445.27,2,1222.635,2.0,0.0,2.53,129,3431.31,1,0.0,0,Potential Customers
CUST108300,6362.5,2,3181.25,2.0,0.0,3.53,280,8680.96,1,0.0,3,High Value Customers
CUST108301,3599.53,3,1199.8433333333335,1.0,0.0,6.47,105,4729.75,1,0.0,0,Potential Customers
CUST108302,0.0,0,0.0,5.0,0.0,3.21,400,0.0,1,0.0,2,At-Risk Customers
CUST108303,0.0,0,0.0,1.0,0.0,3.28,400,0.0,1,0.0,2,At-Risk Customers
CUST108304,2599.88,1,2599.88,4.0,0.0,6.09,171,2919.42,1,0.0,0,Potential Customers
CUST108305,2008.21,1,2008.21,0.0,0.0,2.84,172,2442.86,1,0.0,0,Potential Customers
CUST108306,0.0,0,0.0,3.0,0.0,2.36,400,42.05,1,0.0,2,At-Risk Customers
CUST108307,2892.72,1,2892.72,2.0,0.0,3.21,74,3947.67,1,0.0,0,Potential Customers
CUST108308,3678.96,2,1839.48,4.0,0.0,14.55,84,5316.27,1,0.0,0,Potential Customers
CUST108309,0.0,0,0.0,1.0,0.0,7.51,400,317.18,1,0.0,2,At-Risk Customers
CUST108310,0.0,0,0.0,5.0,0.0,15.31,400,63.2,1,0.0,2,At-Risk Customers
CUST108311,938.04,2,469.02,0.0,0.0,1.63,191,1366.42,1,0.0,0,Potential Customers
CUST108312,1515.39,2,757.695,1.0,0.0,5.33,261,2702.81,1,0.0,0,Potential Customers
CUST108313,0.0,0,0.0,2.0,0.0,3.12,400,0.0,1,0.0,2,At-Risk Customers
CUST108314,4090.22,2,2045.11,3.0,0.0,3.26,194,5084.12,1,0.0,0,Potential Customers
CUST108315,4103.83,2,2051.915,1.0,0.0,1.38,75,5221.37,1,0.0,0,Potential Customers
CUST108316,3571.05,2,1785.525,1.0,0.0,10.08,273,4213.77,1,1.0,0,Potential Customers
CUST108317,0.0,0,0.0,1.0,0.0,1.3,400,59.19,1,0.0,2,At-Risk Customers
CUST108318,1374.23,1,1374.23,3.0,0.0,7.56,48,1818.69,1,0.0,0,Potential Customers
CUST108319,7559.89,2,3779.945,1.0,0.0,3.08,293,10310.44,1,0.0,3,High Value Customers
CUST108320,0.0,0,0.0,1.0,0.0,2.14,400,34.22,1,0.0,2,At-Risk Customers
CUST108321,515.75,2,257.875,0.0,0.0,2.08,88,1290.84,1,0.0,0,Potential Customers
CUST108322,3956.96,2,1978.48,2.0,0.0,4.2,143,5295.5,1,0.0,0,Potential Customers
CUST108323,2116.61,2,1058.305,2.0,0.0,3.14,343,3251.05,1,1.0,0,Potential Customers
CUST108324,1180.2,1,1180.2,3.0,0.0,4.07,219,1888.83,1,1.0,0,Potential Customers
CUST108325,0.0,0,0.0,1.0,0.0,1.01,400,149.65,1,0.0,2,At-Risk Customers
CUST108326,5984.35,2,2992.175,1.0,0.0,0.96,225,7895.45,1,0.0,3,High Value Customers
CUST108327,1783.43,1,1783.43,0.0,0.0,1.13,143,2515.02,1,0.0,0,Potential Customers
CUST108328,0.0,0,0.0,4.0,1.0,7.11,400,26.75,1,0.0,2,At-Risk Customers
CUST108329,1650.28,2,825.14,2.0,0.0,11.18,198,2892.48,1,1.0,0,Potential Customers
CUST108330,1722.24,1,1722.24,2.0,0.0,3.37,152,2302.09,1,0.0,0,Potential Customers
CUST108331,10335.47,6,1722.5783333333331,2.0,0.0,6.83,111,16104.49,1,0.0,3,High Value Customers
CUST108332,2053.02,2,1026.51,4.0,0.0,5.17,261,3137.05,1,0.0,0,Potential Customers
CUST108333,392.1,1,392.1,2.0,0.0,9.19,311,746.89,1,1.0,2,At-Risk Customers
CUST108334,2892.32,1,2892.32,5.0,0.0,9.43,104,3929.03,1,0.0,0,Potential Customers
CUST108335,5008.8,2,2504.4,3.0,0.0,1.71,17,7021.24,1,0.0,3,High Value Customers
CUST108336,7343.33,3,2447.7766666666666,1.0,0.0,4.64,155,9834.16,1,1.0,3,High Value Customers
CUST108337,3964.28,2,1982.14,6.0,2.0,7.39,45,5008.67,1,1.0,1,Loyal Customers
CUST108338,8456.48,3,2818.8266666666664,5.0,0.0,7.41,199,11042.8,1,0.0,3,High Value Customers
CUST108339,0.0,0,0.0,5.0,0.0,6.94,400,0.0,1,0.0,2,At-Risk Customers
CUST108340,3328.2,1,3328.2,2.0,0.0,3.96,142,4011.38,1,0.0,0,Potential Customers
CUST108341,1163.13,4,290.7825,2.0,0.0,6.51,327,2125.95,1,0.0,0,Potential Customers
CUST108342,0.0,0,0.0,5.0,0.0,4.02,400,71.56,1,0.0,2,At-Risk Customers
CUST108343,2985.36,1,2985.36,1.0,0.0,1.55,320,3776.46,1,0.0,0,Potential Customers
CUST108344,4055.41,2,2027.705,3.0,0.0,11.66,74,6156.03,1,0.0,0,Potential Customers
CUST108345,2705.58,1,2705.58,3.0,0.0,8.69,353,3271.84,1,0.0,0,Potential Customers
CUST108346,4802.61,2,2401.305,6.0,0.0,12.28,327,5543.61,1,0.0,0,Potential Customers
CUST108347,0.0,0,0.0,1.0,0.0,3.64,400,55.68,1,0.0,2,At-Risk Customers
CUST108348,1577.16,2,788.58,1.0,0.0,2.05,1,2335.02,1,0.0,0,Potential Customers
CUST108349,3054.84,2,1527.42,2.0,0.0,3.56,56,3956.12,1,0.0,0,Potential Customers
CUST108350,3261.72,1,3261.72,6.0,0.0,15.75,91,3862.96,1,0.0,0,Potential Customers
CUST108351,0.0,0,0.0,2.0,0.0,2.25,400,99.57,1,0.0,2,At-Risk Customers
CUST108352,8022.0,2,4011.0,2.0,0.0,3.59,211,9502.8,1,0.0,3,High Value Customers
CUST108353,278.51,1,278.51,2.0,0.0,4.02,240,629.76,1,0.0,2,At-Risk Customers
CUST108354,4839.08,2,2419.54,2.0,0.0,4.29,205,5742.02,1,0.0,3,High Value Customers
CUST108355,3470.71,2,1735.355,2.0,0.0,3.09,334,4501.51,1,0.0,0,Potential Customers
CUST108356,496.61,1,496.61,3.0,0.0,6.88,224,1052.21,1,0.0,0,Potential Customers
CUST108357,2075.83,2,1037.915,3.0,0.0,2.9,253,3407.84,1,0.0,0,Potential Customers
CUST108358,1684.07,1,1684.07,2.0,0.0,5.66,353,2648.49,1,0.0,0,Potential Customers
CUST108359,2907.36,1,2907.36,2.0,0.0,0.76,92,3942.06,1,0.0,0,Potential Customers
CUST108360,260.02,1,260.02,1.0,0.0,1.19,159,586.04,1,0.0,0,Potential Customers
CUST108361,0.0,0,0.0,2.0,0.0,3.44,400,118.14,1,0.0,2,At-Risk Customers
CUST108362,454.78,1,454.78,2.0,0.0,10.32,218,629.94,1,1.0,2,At-Risk Customers
CUST108363,4849.04,3,1616.3466666666666,1.0,0.0,3.62,296,6337.01,1,0.0,3,High Value Customers
CUST108364,2541.62,1,2541.62,1.0,0.0,3.91,130,3082.3,1,0.0,0,Potential Customers
CUST108365,743.31,1,743.31,1.0,0.0,4.83,178,1264.95,1,0.0,0,Potential Customers
CUST108366,6148.75,3,2049.5833333333335,3.0,0.0,3.04,193,8068.22,1,0.0,3,High Value Customers
CUST108367,2018.84,1,2018.84,3.0,0.0,1.31,253,2969.12,1,1.0,0,Potential Customers
CUST108368,0.0,0,0.0,3.0,0.0,6.57,400,121.05,1,1.0,2,At-Risk Customers
CUST108369,0.0,0,0.0,3.0,0.0,4.88,400,0.0,1,0.0,2,At-Risk Customers
CUST108370,0.0,0,0.0,2.0,0.0,5.15,400,102.06,1,0.0,2,At-Risk Customers
CUST108371,0.0,0,0.0,2.0,0.0,1.86,400,0.0,1,0.0,2,At-Risk Customers
CUST108372,3362.82,1,3362.82,3.0,0.0,11.81,73,4066.05,1,1.0,0,Potential Customers
CUST108373,0.0,0,0.0,1.0,0.0,3.0,400,45.88,1,0.0,2,At-Risk Customers
CUST108374,0.0,0,0.0,2.0,0.0,11.04,400,58.79,1,0.0,2,At-Risk Customers
CUST108375,3380.68,1,3380.68,3.0,0.0,0.93,34,4310.22,1,0.0,0,Potential Customers
CUST108376,0.0,0,0.0,4.0,0.0,3.01,400,276.33,1,0.0,2,At-Risk Customers
CUST108377,7381.08,2,3690.54,4.0,0.0,11.78,67,9454.97,1,0.0,3,High Value Customers
CUST108378,0.0,0,0.0,1.0,0.0,3.67,400,38.31,1,0.0,2,At-Risk Customers
CUST108379,0.0,0,0.0,1.0,0.0,0.76,400,0.0,1,0.0,2,At-Risk Customers
CUST108380,7444.37,3,2481.4566666666665,2.0,0.0,2.07,170,10385.89,1,1.0,3,High Value Customers
CUST108381,3143.02,1,3143.02,3.0,0.0,4.93,305,3777.72,1,0.0,0,Potential Customers
CUST108382,3805.25,2,1902.625,4.0,0.0,11.08,228,5407.61,1,0.0,0,Potential Customers
CUST108383,1163.16,2,581.58,2.0,0.0,3.32,208,1756.13,1,1.0,0,Potential Customers
CUST108384,2661.86,2,1330.93,7.0,3.0,8.73,132,3601.3,1,0.0,1,Loyal Customers
CUST108385,1180.25,2,590.125,3.0,0.0,5.35,130,1749.24,1,0.0,0,Potential Customers
CUST108386,3320.63,2,1660.315,1.0,0.0,3.04,311,4045.55,1,0.0,0,Potential Customers
CUST108387,2782.35,2,1391.175,2.0,0.0,7.04,262,3585.74,1,0.0,0,Potential Customers
CUST108388,0.0,0,0.0,4.0,0.0,7.94,400,163.74,1,0.0,2,At-Risk Customers
CUST108389,2792.24,1,2792.24,4.0,1.0,3.32,312,3352.45,1,1.0,0,Potential Customers
CUST108390,256.17,1,256.17,3.0,0.0,2.45,170,604.92,1,1.0,0,Potential Customers
CUST108391,4845.06,2,2422.53,3.0,0.0,1.31,318,6772.22,1,0.0,3,High Value Customers
CUST108392,297.01,1,297.01,2.0,0.0,5.43,316,761.89,1,1.0,2,At-Risk Customers
CUST108393,2518.14,1,2518.14,4.0,0.0,2.71,29,3167.27,1,0.0,0,Potential Customers
CUST108394,1725.17,3,575.0566666666667,1.0,0.0,5.85,246,2700.22,1,0.0,0,Potential Customers
CUST108395,2860.28,2,1430.14,3.0,0.0,4.98,273,4402.84,1,1.0,0,Potential Customers
CUST108396,7393.73,2,3696.865,1.0,0.0,5.19,84,8923.09,1,0.0,3,High Value Customers
CUST108397,0.0,0,0.0,1.0,0.0,3.61,400,227.84,1,0.0,2,At-Risk Customers
CUST108398,4043.5,3,1347.8333333333333,3.0,0.0,1.66,152,5178.48,1,1.0,0,Potential Customers
CUST108399,498.26,1,498.26,1.0,0.0,5.65,271,1004.38,1,1.0,2,At-Risk Customers
CUST108400,0.0,0,0.0,3.0,0.0,7.29,400,0.0,1,0.0,2,At-Risk Customers
CUST108401,2476.67,1,2476.67,7.0,0.0,20.65,6,3499.77,1,0.0,0,Potential Customers
CUST108402,0.0,0,0.0,1.0,0.0,2.68,400,0.0,1,0.0,2,At-Risk Customers
CUST108403,4277.04,2,2138.52,2.0,0.0,1.95,176,5879.82,1,0.0,0,Potential Customers
CUST108404,860.97,1,860.97,1.0,0.0,1.79,136,1135.04,1,0.0,0,Potential Customers
CUST108405,3582.5,2,1791.25,3.0,0.0,3.92,25,4870.06,1,1.0,0,Potential Customers
CUST108406,2601.22,1,2601.22,4.0,0.0,7.11,160,3204.11,1,0.0,0,Potential Customers
CUST108407,3534.78,2,1767.39,2.0,0.0,7.57,161,5202.94,1,1.0,0,Potential Customers
CUST108408,3848.89,2,1924.445,4.0,0.0,12.16,15,4665.39,1,1.0,0,Potential Customers
CUST108409,2619.52,1,2619.52,1.0,0.0,5.31,41,3418.16,1,0.0,0,Potential Customers
CUST108410,328.71,1,328.71,2.0,0.0,1.75,66,698.92,1,0.0,0,Potential Customers
CUST108411,2878.66,1,2878.66,1.0,0.0,4.8,30,4088.32,1,0.0,0,Potential Customers
CUST108412,259.69,1,259.69,0.0,0.0,0.93,240,556.28,1,0.0,2,At-Risk Customers
CUST108413,0.0,0,0.0,1.0,0.0,3.18,400,133.06,1,0.0,2,At-Risk Customers
CUST108414,0.0,0,0.0,3.0,0.0,3.01,400,106.41,1,0.0,2,At-Risk Customers
CUST108415,0.0,0,0.0,3.0,0.0,5.6,400,0.0,1,1.0,2,At-Risk Customers
CUST108416,0.0,0,0.0,3.0,0.0,5.52,400,51.18,1,0.0,2,At-Risk Customers
CUST108417,1600.18,1,1600.18,4.0,0.0,2.42,50,2228.29,1,0.0,0,Potential Customers
CUST108418,0.0,0,0.0,2.0,0.0,2.47,400,97.28,1,0.0,2,At-Risk Customers
CUST108419,0.0,0,0.0,2.0,0.0,4.24,400,0.0,1,0.0,2,At-Risk Customers
CUST108420,1185.33,1,1185.33,1.0,0.0,5.66,91,1823.92,1,0.0,0,Potential Customers
CUST108421,2057.15,1,2057.15,3.0,0.0,6.79,138,3127.21,1,0.0,0,Potential Customers
CUST108422,5997.3,2,2998.65,2.0,0.0,2.89,152,8562.21,1,1.0,3,High Value Customers
CUST108423,11589.14840000001,5,2317.8296800000016,2.0,0.0,3.92,277,17142.61,1,0.0,3,High Value Customers
CUST108424,3852.56,1,3852.56,1.0,0.0,1.96,104,4777.46,1,0.0,0,Potential Customers
CUST108425,0.0,0,0.0,3.0,0.0,1.97,400,5.89,1,0.0,2,At-Risk Customers
CUST108426,1957.48,1,1957.48,1.0,0.0,1.05,139,2449.76,1,0.0,0,Potential Customers
CUST108427,5241.33,2,2620.665,1.0,0.0,2.6,97,7270.87,1,0.0,3,High Value Customers
CUST108428,6136.17,2,3068.085,3.0,0.0,9.93,32,8483.77,1,0.0,3,High Value Customers
CUST108429,5834.22,3,1944.74,3.0,0.0,10.93,227,7918.48,1,0.0,3,High Value Customers
CUST108430,7960.97,2,3980.485,1.0,0.0,6.03,210,11097.85,1,0.0,3,High Value Customers
CUST108431,0.0,0,0.0,7.0,0.0,8.2,400,0.0,1,0.0,2,At-Risk Customers
CUST108432,1199.31,1,1199.31,2.0,0.0,7.15,319,1642.52,1,1.0,0,Potential Customers
CUST108433,1766.05,2,883.025,1.0,0.0,4.58,350,2426.54,1,1.0,0,Potential Customers
CUST108434,0.0,0,0.0,0.0,0.0,0.76,400,49.47,1,0.0,2,At-Risk Customers
CUST108435,4565.82,3,1521.9399999999998,4.0,0.0,19.8,115,5964.28,1,0.0,3,High Value Customers
CUST108436,9788.06,6,1631.3433333333332,1.0,0.0,3.51,8,14187.95,1,0.0,3,High Value Customers
CUST108437,0.0,0,0.0,3.0,0.0,3.5,400,243.24,1,0.0,2,At-Risk Customers
CUST108438,2149.62,2,1074.81,5.0,0.0,11.27,63,3240.63,1,0.0,0,Potential Customers
CUST108439,760.56,1,760.56,1.0,0.0,4.54,71,1090.28,1,1.0,0,Potential Customers
CUST108440,3432.33,3,1144.11,5.0,0.0,23.312000000000044,341,4417.86,1,0.0,0,Potential Customers
CUST108441,789.85,1,789.85,1.0,0.0,2.27,326,1116.77,1,0.0,2,At-Risk Customers
CUST108442,5152.94,2,2576.47,3.0,0.0,8.38,267,7259.58,1,0.0,3,High Value Customers
CUST108443,3883.48,2,1941.74,2.0,0.0,3.42,87,4393.21,1,0.0,0,Potential Customers
CUST108444,1103.56,1,1103.56,2.0,0.0,4.35,26,1399.09,1,0.0,0,Potential Customers
CUST108445,0.0,0,0.0,2.0,0.0,2.19,400,0.0,1,0.0,2,At-Risk Customers
CUST108446,1234.51,1,1234.51,1.0,0.0,2.61,312,1618.82,1,0.0,0,Potential Customers
CUST108447,0.0,0,0.0,3.0,0.0,10.01,400,0.0,1,0.0,2,At-Risk Customers
CUST108448,4060.46,1,4060.46,2.0,0.0,5.83,75,5480.74,1,0.0,0,Potential Customers
CUST108449,1912.81,1,1912.81,3.0,0.0,5.45,161,2323.4,1,0.0,0,Potential Customers
CUST108450,0.0,0,0.0,1.0,0.0,1.29,400,0.0,1,1.0,2,At-Risk Customers
CUST108451,1862.84,2,931.42,2.0,0.0,1.32,33,2316.07,1,1.0,0,Potential Customers
CUST108452,1992.88,1,1992.88,1.0,0.0,2.13,193,2460.57,1,0.0,0,Potential Customers
CUST108453,5930.12,3,1976.7066666666667,2.0,0.0,3.07,112,7474.41,1,0.0,3,High Value Customers
CUST108454,2037.37,1,2037.37,4.0,0.0,3.77,88,2921.58,1,0.0,0,Potential Customers
CUST108455,905.23,1,905.23,2.0,0.0,5.06,103,1233.57,1,0.0,0,Potential Customers
CUST108456,1026.43,1,1026.43,3.0,0.0,8.29,306,1854.26,1,0.0,0,Potential Customers
CUST108457,0.0,0,0.0,6.0,0.0,11.35,400,268.21,1,0.0,2,At-Risk Customers
CUST108458,0.0,0,0.0,1.0,0.0,4.65,400,123.4,1,0.0,2,At-Risk Customers
CUST108459,940.05,1,940.05,4.0,0.0,2.24,207,1346.74,1,0.0,0,Potential Customers
CUST108460,3238.15,2,1619.075,1.0,0.0,6.76,332,3849.04,1,0.0,0,Potential Customers
CUST108461,643.02,1,643.02,5.0,2.0,4.61,307,1097.3,1,0.0,1,Loyal Customers
CUST108462,0.0,0,0.0,2.0,0.0,5.62,400,0.0,1,0.0,2,At-Risk Customers
CUST108463,3342.37,1,3342.37,4.0,0.0,9.43,46,4291.99,1,0.0,0,Potential Customers
CUST108464,2452.39,2,1226.195,2.0,0.0,3.09,281,2856.01,1,0.0,0,Potential Customers
CUST108465,0.0,0,0.0,4.0,0.0,11.24,400,51.12,1,1.0,2,At-Risk Customers
CUST108466,0.0,0,0.0,1.0,0.0,1.5,400,45.81,1,0.0,2,At-Risk Customers
CUST108467,4986.19,2,2493.095,1.0,0.0,6.75,106,6452.49,1,0.0,3,High Value Customers
CUST108468,2478.54,1,2478.54,2.0,0.0,2.57,44,3423.01,1,0.0,0,Potential Customers
CUST108469,0.0,0,0.0,1.0,0.0,4.75,400,55.12,1,0.0,2,At-Risk Customers
CUST108470,0.0,0,0.0,2.0,0.0,5.1,400,111.12,1,0.0,2,At-Risk Customers
CUST108471,763.01,1,763.01,3.0,0.0,3.17,21,1214.28,1,0.0,0,Potential Customers
CUST108472,0.0,0,0.0,1.0,0.0,2.59,400,38.39,1,0.0,2,At-Risk Customers
CUST108473,0.0,0,0.0,0.0,0.0,2.24,400,3.45,1,0.0,2,At-Risk Customers
CUST108474,9458.32,3,3152.773333333333,4.0,0.0,4.96,139,13344.98,1,0.0,3,High Value Customers
CUST108475,1527.97,3,509.3233333333333,5.0,0.0,6.32,21,2517.29,1,0.0,0,Potential Customers
CUST108476,857.68,2,428.84,3.0,0.0,14.5,69,1480.72,1,1.0,0,Potential Customers
CUST108477,0.0,0,0.0,5.0,0.0,3.39,400,4.31,1,0.0,2,At-Risk Customers
CUST108478,1649.87,1,1649.87,0.0,0.0,1.38,84,2413.3,1,1.0,0,Potential Customers
CUST108479,0.0,0,0.0,2.0,0.0,5.64,400,43.14,1,0.0,2,At-Risk Customers
CUST108480,2823.76,2,1411.88,4.0,0.0,1.2,141,3784.23,1,0.0,0,Potential Customers
CUST108481,1211.36,1,1211.36,2.0,0.0,12.44,85,1522.26,1,1.0,0,Potential Customers
CUST108482,11589.14840000001,5,2317.8296800000016,2.0,0.0,6.89,62,16912.58,1,0.0,3,High Value Customers
CUST108483,2700.32,2,1350.16,4.0,0.0,2.0,3,3991.56,1,1.0,0,Potential Customers
CUST108484,3788.39,3,1262.7966666666666,0.0,0.0,1.34,339,4927.74,1,0.0,0,Potential Customers
CUST108485,3291.01,3,1097.0033333333333,2.0,0.0,2.22,67,4552.24,1,0.0,0,Potential Customers
CUST108486,6606.73,2,3303.365,2.0,0.0,5.88,329,8512.85,1,0.0,3,High Value Customers
CUST108487,0.0,0,0.0,1.0,0.0,2.37,400,113.1,1,0.0,2,At-Risk Customers
CUST108488,1252.31,1,1252.31,1.0,0.0,6.82,173,1732.06,1,0.0,0,Potential Customers
CUST108489,0.0,0,0.0,5.0,0.0,7.82,400,0.0,1,0.0,2,At-Risk Customers
CUST108490,7986.01,4,1996.5025,2.0,0.0,2.72,344,11198.49,1,0.0,3,High Value Customers
CUST108491,0.0,0,0.0,4.0,0.0,7.53,400,0.0,1,0.0,2,At-Risk Customers
CUST108492,1996.83,1,1996.83,2.0,0.0,9.45,159,2374.13,1,0.0,0,Potential Customers
CUST108493,2751.18,1,2751.18,0.0,0.0,6.03,233,3360.37,1,0.0,0,Potential Customers
CUST108494,1040.48,1,1040.48,3.0,0.0,5.94,300,1684.92,1,0.0,0,Potential Customers
CUST108495,3597.51,2,1798.755,0.0,0.0,2.74,342,5093.97,1,0.0,0,Potential Customers
CUST108496,0.0,0,0.0,3.0,0.0,16.8,400,148.27,1,0.0,2,At-Risk Customers
CUST108497,0.0,0,0.0,2.0,0.0,2.04,400,312.22,1,0.0,2,At-Risk Customers
CUST108498,0.0,0,0.0,3.0,0.0,2.97,400,26.54,1,0.0,2,At-Risk Customers
CUST108499,5737.86,3,1912.62,2.0,0.0,7.82,149,7268.98,1,1.0,3,High Value Customers
CUST108500,5635.03,3,1878.3433333333332,2.0,0.0,3.12,272,7554.95,1,0.0,3,High Value Customers
CUST108501,2705.13,1,2705.13,2.0,0.0,3.29,287,3058.55,1,0.0,0,Potential Customers
CUST108502,1540.97,1,1540.97,3.0,0.0,1.56,123,2294.16,1,0.0,0,Potential Customers
CUST108503,1606.51,1,1606.51,1.0,0.0,2.92,53,1805.72,1,0.0,0,Potential Customers
CUST108504,0.0,0,0.0,7.0,0.0,21.98,400,59.76,1,0.0,2,At-Risk Customers
CUST108505,11589.14840000001,6,1931.5247333333348,4.0,0.0,3.15,108,30569.02,1,0.0,3,High Value Customers
CUST108506,4727.67,2,2363.835,3.0,0.0,9.93,31,5573.54,1,0.0,0,Potential Customers
CUST108507,0.0,0,0.0,1.0,0.0,2.86,400,102.34,1,0.0,2,At-Risk Customers
CUST108508,1938.28,1,1938.28,0.0,3.0,1.92,233,2654.66,1,0.0,1,Loyal Customers
CUST108509,1101.37,3,367.1233333333333,2.0,0.0,2.35,308,2021.91,1,0.0,0,Potential Customers
CUST108510,3242.32,3,1080.7733333333333,2.0,0.0,6.74,296,5202.0,1,0.0,0,Potential Customers
CUST108511,4846.69,3,1615.5633333333333,2.0,0.0,0.88,45,6144.24,1,0.0,3,High Value Customers
CUST108512,6914.35,2,3457.175,5.0,0.0,13.37,87,8988.81,1,0.0,3,High Value Customers
CUST108513,3110.05,7,444.29285714285714,2.0,0.0,5.66,253,5546.3,1,0.0,3,High Value Customers
CUST108514,3837.28,2,1918.64,2.0,0.0,3.12,251,5452.81,1,0.0,0,Potential Customers
CUST108515,0.0,0,0.0,1.0,0.0,2.33,400,0.0,1,1.0,2,At-Risk Customers
CUST108516,0.0,0,0.0,1.0,0.0,2.81,400,24.67,1,0.0,2,At-Risk Customers
CUST108517,1493.72,2,746.86,3.0,0.0,9.07,328,2161.76,1,0.0,0,Potential Customers
CUST108518,0.0,0,0.0,0.0,0.0,1.34,400,0.0,1,0.0,2,At-Risk Customers
CUST108519,1118.51,4,279.6275,2.0,0.0,3.9,192,2158.03,1,0.0,0,Potential Customers
CUST108520,3220.77,5,644.154,4.0,0.0,8.94,48,5378.8,1,0.0,3,High Value Customers
CUST108521,0.0,0,0.0,2.0,0.0,0.98,400,0.0,1,0.0,2,At-Risk Customers
CUST108522,0.0,0,0.0,0.0,0.0,2.61,400,34.56,1,0.0,2,At-Risk Customers
CUST108523,0.0,0,0.0,2.0,0.0,1.41,400,45.21,1,0.0,2,At-Risk Customers
CUST108524,2020.59,1,2020.59,3.0,0.0,1.65,11,2566.97,1,0.0,0,Potential Customers
CUST108525,0.0,0,0.0,2.0,0.0,4.72,400,0.0,1,0.0,2,At-Risk Customers
CUST108526,1302.15,1,1302.15,3.0,0.0,6.39,271,1931.79,1,0.0,0,Potential Customers
CUST108527,3137.44,1,3137.44,2.0,0.0,3.04,342,3997.11,1,0.0,0,Potential Customers
CUST108528,11589.14840000001,3,3863.0494666666696,1.0,3.0,1.42,57,12942.76,1,0.0,1,Loyal Customers
CUST108529,0.0,0,0.0,1.0,0.0,23.312000000000044,400,0.0,1,0.0,2,At-Risk Customers
CUST108530,0.0,0,0.0,2.0,0.0,5.35,400,0.0,1,0.0,2,At-Risk Customers
CUST108531,0.0,0,0.0,0.0,0.0,3.96,400,273.97,1,0.0,2,At-Risk Customers
CUST108532,2471.8,1,2471.8,1.0,0.0,1.78,17,3691.65,1,0.0,0,Potential Customers
CUST108533,2282.5,1,2282.5,2.0,0.0,2.88,290,2919.81,1,0.0,0,Potential Customers
CUST108534,2040.44,1,2040.44,1.0,0.0,4.02,288,2876.53,1,0.0,0,Potential Customers
CUST108535,2111.95,1,2111.95,3.0,0.0,4.67,361,2707.59,1,0.0,0,Potential Customers
CUST108536,3629.65,2,1814.825,2.0,0.0,1.95,133,5096.12,1,0.0,0,Potential Customers
CUST108537,4991.83,2,2495.915,2.0,0.0,4.85,134,6978.22,1,0.0,3,High Value Customers
CUST108538,1302.38,1,1302.38,1.0,0.0,2.74,28,1858.49,1,0.0,0,Potential Customers
CUST108539,673.28,1,673.28,2.0,0.0,2.58,351,1287.37,1,1.0,2,At-Risk Customers
CUST108540,0.0,0,0.0,2.0,0.0,4.45,400,6.56,1,0.0,2,At-Risk Customers
CUST108541,0.0,0,0.0,2.0,0.0,1.88,400,0.0,1,0.0,2,At-Risk Customers
CUST108542,0.0,0,0.0,3.0,0.0,2.98,400,18.63,1,0.0,2,At-Risk Customers
CUST108543,5606.61,2,2803.305,2.0,0.0,8.44,317,7090.15,1,0.0,3,High Value Customers
CUST108544,0.0,0,0.0,7.0,0.0,22.84,400,0.0,1,0.0,2,At-Risk Customers
CUST108545,0.0,0,0.0,1.0,0.0,1.22,400,0.0,1,0.0,2,At-Risk Customers
CUST108546,1795.37,1,1795.37,3.0,0.0,2.19,46,2373.06,1,0.0,0,Potential Customers
CUST108547,3694.49,2,1847.245,3.0,0.0,8.95,122,5053.26,1,0.0,0,Potential Customers
CUST108548,4977.58,2,2488.79,2.0,0.0,1.68,108,7124.06,1,1.0,3,High Value Customers
CUST108549,4318.28,3,1439.4266666666665,6.0,0.0,3.71,245,5831.91,1,0.0,3,High Value Customers
CUST108550,2495.99,3,831.9966666666666,5.0,0.0,14.27,64,3423.19,1,0.0,0,Potential Customers
CUST108551,3497.36,1,3497.36,1.0,0.0,2.44,2,4593.2,1,0.0,0,Potential Customers
CUST108552,6836.87,2,3418.435,1.0,0.0,3.4,236,8211.01,1,0.0,3,High Value Customers
CUST108553,0.0,0,0.0,1.0,0.0,1.65,400,262.62,1,0.0,2,At-Risk Customers
CUST108554,4162.45,2,2081.225,1.0,0.0,6.56,196,5807.32,1,0.0,0,Potential Customers
CUST108555,2347.08,1,2347.08,0.0,0.0,1.16,83,3015.48,1,0.0,0,Potential Customers
CUST108556,0.0,0,0.0,3.0,0.0,2.5,400,24.01,1,0.0,2,At-Risk Customers
CUST108557,1371.25,1,1371.25,2.0,0.0,1.64,146,1862.57,1,1.0,0,Potential Customers
CUST108558,0.0,0,0.0,3.0,0.0,3.24,400,0.0,1,0.0,2,At-Risk Customers
CUST108559,0.0,0,0.0,3.0,0.0,14.86,400,0.0,1,0.0,2,At-Risk Customers
CUST108560,2060.74,1,2060.74,6.0,0.0,5.31,177,2878.23,1,1.0,0,Potential Customers
CUST108561,4149.08,3,1383.0266666666666,3.0,0.0,4.79,346,6371.42,1,0.0,3,High Value Customers
CUST108562,0.0,0,0.0,2.0,0.0,4.99,400,0.0,1,0.0,2,At-Risk Customers
CUST108563,1436.18,1,1436.18,5.0,0.0,3.99,230,2096.98,1,0.0,0,Potential Customers
CUST108564,1525.59,1,1525.59,5.0,0.0,9.96,52,1644.6,1,0.0,0,Potential Customers
CUST108565,996.63,2,498.315,4.0,0.0,6.97,269,1428.32,1,0.0,0,Potential Customers
CUST108566,0.0,0,0.0,2.0,0.0,1.63,400,0.0,1,0.0,2,At-Risk Customers
CUST108567,1574.84,1,1574.84,2.0,0.0,8.02,254,2221.0,1,0.0,0,Potential Customers
CUST108568,0.0,0,0.0,2.0,0.0,4.78,400,0.0,1,0.0,2,At-Risk Customers
CUST108569,5491.88,2,2745.94,3.0,0.0,5.58,123,7984.65,1,0.0,3,High Value Customers
CUST108570,1430.21,2,715.105,3.0,0.0,0.99,134,2311.74,1,0.0,0,Potential Customers
CUST108571,1247.59,1,1247.59,1.0,0.0,4.06,199,1913.19,1,0.0,0,Potential Customers
CUST108572,0.0,0,0.0,3.0,0.0,3.68,400,0.0,1,0.0,2,At-Risk Customers
CUST108573,1824.84,1,1824.84,2.0,0.0,2.5,130,2282.46,1,0.0,0,Potential Customers
CUST108574,1687.69,1,1687.69,2.0,0.0,8.6,307,2138.9,1,0.0,0,Potential Customers
CUST108575,1557.66,1,1557.66,1.0,0.0,1.29,113,2162.48,1,0.0,0,Potential Customers
CUST108576,0.0,0,0.0,8.0,3.0,23.312000000000044,400,54.66,1,0.0,1,Loyal Customers
CUST108577,2548.39,1,2548.39,3.0,0.0,1.85,281,3484.79,1,0.0,0,Potential Customers
CUST108578,544.83,1,544.83,1.0,0.0,5.64,142,1137.03,1,0.0,0,Potential Customers
CUST108579,2068.2,1,2068.2,2.0,0.0,4.71,86,2214.63,1,0.0,0,Potential Customers
CUST108580,1193.26,3,397.75333333333333,5.0,0.0,9.19,252,1961.94,1,0.0,0,Potential Customers
CUST108581,2261.89,1,2261.89,4.0,0.0,13.06,356,2934.54,1,0.0,0,Potential Customers
CUST108582,994.12,1,994.12,5.0,0.0,2.99,3,1765.75,1,0.0,0,Potential Customers
CUST108583,1284.9,1,1284.9,2.0,0.0,4.59,45,1710.25,1,1.0,0,Potential Customers
CUST108584,6079.05,3,2026.3500000000001,1.0,0.0,3.01,109,7660.77,1,1.0,3,High Value Customers
CUST108585,0.0,0,0.0,1.0,0.0,2.06,400,47.36,1,0.0,2,At-Risk Customers
CUST108586,0.0,0,0.0,2.0,0.0,4.15,400,0.0,1,0.0,2,At-Risk Customers
CUST108587,1582.69,1,1582.69,2.0,0.0,3.98,267,2376.94,1,0.0,0,Potential Customers
CUST108588,0.0,0,0.0,2.0,0.0,4.09,400,125.46,1,1.0,2,At-Risk Customers
CUST108589,3928.11,3,1309.3700000000001,3.0,0.0,3.11,291,5098.84,1,0.0,0,Potential Customers
CUST108590,1149.11,1,1149.11,0.0,0.0,5.15,325,1800.88,1,0.0,0,Potential Customers
CUST108591,958.11,1,958.11,4.0,0.0,7.01,335,978.21,1,0.0,2,At-Risk Customers
CUST108592,1820.38,1,1820.38,2.0,0.0,1.74,43,2047.68,1,0.0,0,Potential Customers
CUST108593,6083.28,2,3041.64,1.0,0.0,6.25,110,7298.64,1,0.0,3,High Value Customers
CUST108594,2455.05,1,2455.05,2.0,0.0,12.1,27,3280.59,1,0.0,0,Potential Customers
CUST108595,1243.97,1,1243.97,1.0,0.0,1.66,72,1642.91,1,0.0,0,Potential Customers
CUST108596,0.0,0,0.0,4.0,0.0,4.52,400,18.71,1,0.0,2,At-Risk Customers
CUST108597,1077.32,2,538.66,2.0,0.0,5.57,5,1713.13,1,0.0,0,Potential Customers
CUST108598,0.0,0,0.0,6.0,0.0,7.02,400,0.0,1,0.0,2,At-Risk Customers
CUST108599,0.0,0,0.0,4.0,0.0,7.6,400,0.0,1,0.0,2,At-Risk Customers
CUST108600,3407.32,3,1135.7733333333333,5.0,3.0,9.42,100,5485.69,1,1.0,1,Loyal Customers
CUST108601,2483.59,1,2483.59,0.0,0.0,4.46,11,3035.77,1,0.0,0,Potential Customers
CUST108602,1448.3,1,1448.3,1.0,0.0,2.02,206,2168.75,1,1.0,0,Potential Customers
CUST108603,0.0,0,0.0,1.0,0.0,3.16,400,14.33,1,0.0,2,At-Risk Customers
CUST108604,6888.71,3,2296.2366666666667,2.0,0.0,11.14,308,8896.6,1,1.0,3,High Value Customers
CUST108605,1599.62,1,1599.62,2.0,0.0,2.19,2,2095.03,1,0.0,0,Potential Customers
CUST108606,0.0,0,0.0,4.0,0.0,5.83,400,0.0,1,0.0,2,At-Risk Customers
CUST108607,0.0,0,0.0,3.0,0.0,7.33,400,0.0,1,0.0,2,At-Risk Customers
CUST108608,0.0,0,0.0,3.0,0.0,6.22,400,0.0,1,0.0,2,At-Risk Customers
CUST108609,0.0,0,0.0,3.0,0.0,7.77,400,82.52,1,0.0,2,At-Risk Customers
CUST108610,1194.16,1,1194.16,0.0,0.0,3.97,25,1866.22,1,0.0,0,Potential Customers
CUST108611,5737.6,2,2868.8,1.0,0.0,3.78,138,7624.02,1,0.0,3,High Value Customers
CUST108612,3594.28,2,1797.14,3.0,0.0,14.46,207,4484.26,1,0.0,0,Potential Customers
CUST108613,4014.33,2,2007.165,3.0,0.0,16.13,211,5349.64,1,0.0,0,Potential Customers
CUST108614,0.0,0,0.0,1.0,0.0,11.16,400,0.0,1,0.0,2,At-Risk Customers
CUST108615,11589.14840000001,4,2897.2871000000023,1.0,0.0,5.96,363,14135.99,1,0.0,3,High Value Customers
CUST108616,4481.31,2,2240.655,1.0,0.0,2.71,150,5847.47,1,0.0,0,Potential Customers
CUST108617,4145.37,2,2072.685,2.0,0.0,4.46,150,5063.76,1,0.0,0,Potential Customers
CUST108618,0.0,0,0.0,2.0,0.0,3.7,400,131.56,1,0.0,2,At-Risk Customers
CUST108619,1783.69,3,594.5633333333334,1.0,0.0,8.76,276,2507.28,1,0.0,0,Potential Customers
CUST108620,0.0,0,0.0,0.0,0.0,5.33,400,27.34,1,0.0,2,At-Risk Customers
CUST108621,0.0,0,0.0,3.0,0.0,6.1,400,62.47,1,0.0,2,At-Risk Customers
CUST108622,1290.84,1,1290.84,1.0,0.0,3.96,192,1867.49,1,0.0,0,Potential Customers
CUST108623,0.0,0,0.0,1.0,0.0,0.76,400,0.0,1,0.0,2,At-Risk Customers
CUST108624,1239.06,1,1239.06,6.0,0.0,10.16,50,1833.17,1,0.0,0,Potential Customers
CUST108625,5508.62,2,2754.31,6.0,1.0,3.88,82,7910.96,1,1.0,3,High Value Customers
CUST108626,3218.4,1,3218.4,1.0,0.0,7.99,160,3487.42,1,0.0,0,Potential Customers
CUST108627,2851.58,1,2851.58,2.0,0.0,4.02,78,3136.54,1,0.0,0,Potential Customers
CUST108628,6062.51,2,3031.255,5.0,0.0,12.62,67,7876.36,1,0.0,3,High Value Customers
CUST108629,6144.77,3,2048.2566666666667,1.0,0.0,2.79,246,8653.35,1,1.0,3,High Value Customers
CUST108630,5359.28,2,2679.64,2.0,0.0,3.86,201,6669.99,1,0.0,3,High Value Customers
CUST108631,1793.22,1,1793.22,5.0,0.0,4.1,92,2566.02,1,0.0,0,Potential Customers
CUST108632,1216.6,4,304.15,0.0,0.0,1.41,107,3116.03,1,0.0,0,Potential Customers
CUST108633,2697.43,3,899.1433333333333,2.0,0.0,5.4,148,4452.81,1,0.0,0,Potential Customers
CUST108634,875.94,1,875.94,2.0,0.0,7.24,32,1475.88,1,0.0,0,Potential Customers
CUST108635,3890.35,2,1945.175,1.0,0.0,5.44,68,5734.15,1,0.0,0,Potential Customers
CUST108636,0.0,0,0.0,3.0,0.0,20.54,400,0.0,1,1.0,2,At-Risk Customers
CUST108637,3429.91,2,1714.955,1.0,0.0,2.17,151,4786.81,1,0.0,0,Potential Customers
CUST108638,4229.36,2,2114.68,1.0,0.0,1.21,13,5325.88,1,0.0,0,Potential Customers
CUST108639,2844.71,2,1422.355,0.0,0.0,1.76,307,4509.11,1,0.0,0,Potential Customers
CUST108640,9807.42,3,3269.14,1.0,0.0,4.3,361,12470.38,1,0.0,3,High Value Customers
CUST108641,1972.62,1,1972.62,2.0,0.0,9.39,206,2966.44,1,0.0,0,Potential Customers
CUST108642,0.0,0,0.0,3.0,3.0,4.58,400,0.0,1,0.0,1,Loyal Customers
CUST108643,5304.04,3,1768.0133333333333,0.0,0.0,2.87,330,6543.11,1,1.0,3,High Value Customers
CUST108644,5981.71,4,1495.4275,2.0,0.0,11.56,108,9034.84,1,0.0,3,High Value Customers
CUST108645,0.0,0,0.0,1.0,0.0,3.74,400,122.13,1,0.0,2,At-Risk Customers
CUST108646,0.0,0,0.0,3.0,0.0,1.55,400,0.0,1,0.0,2,At-Risk Customers
CUST108647,2492.44,1,2492.44,2.0,0.0,8.16,337,3450.06,1,0.0,0,Potential Customers
CUST108648,0.0,0,0.0,2.0,0.0,6.37,400,0.0,1,0.0,2,At-Risk Customers
CUST108649,1441.56,1,1441.56,2.0,0.0,4.79,102,2009.44,1,0.0,0,Potential Customers
CUST108650,0.0,0,0.0,3.0,0.0,12.62,400,64.44,1,0.0,2,At-Risk Customers
CUST108651,0.0,0,0.0,1.0,0.0,3.77,400,32.41,1,0.0,2,At-Risk Customers
CUST108652,0.0,0,0.0,1.0,0.0,4.93,400,0.0,1,0.0,2,At-Risk Customers
CUST108653,1795.94,2,897.97,1.0,0.0,2.05,226,2428.76,1,0.0,0,Potential Customers
CUST108654,0.0,0,0.0,0.0,0.0,2.48,400,58.23,1,0.0,2,At-Risk Customers
CUST108655,2977.85,2,1488.925,4.0,0.0,2.91,99,3799.57,1,0.0,0,Potential Customers
CUST108656,0.0,0,0.0,2.0,0.0,6.59,400,92.05,1,0.0,2,At-Risk Customers
CUST108657,6435.93,3,2145.31,1.0,0.0,2.53,196,8927.27,1,0.0,3,High Value Customers
CUST108658,0.0,0,0.0,2.0,0.0,3.79,400,0.0,1,0.0,2,At-Risk Customers
CUST108659,5611.7,2,2805.85,4.0,0.0,3.47,346,6684.68,1,1.0,3,High Value Customers
CUST108660,11589.14840000001,3,3863.0494666666696,3.0,0.0,3.91,303,14615.59,1,0.0,3,High Value Customers
CUST108661,2965.5,1,2965.5,3.0,0.0,2.37,308,4066.06,1,0.0,0,Potential Customers
CUST108662,2691.65,1,2691.65,2.0,0.0,4.02,349,3492.51,1,0.0,0,Potential Customers
CUST108663,2423.23,1,2423.23,2.0,0.0,1.81,16,3555.22,1,0.0,0,Potential Customers
CUST108664,3560.87,2,1780.435,6.0,0.0,3.94,212,4898.62,1,0.0,0,Potential Customers
CUST108665,4794.31,3,1598.1033333333335,3.0,0.0,3.98,145,5419.18,1,0.0,3,High Value Customers
CUST108666,1609.03,2,804.515,3.0,0.0,4.27,53,2341.61,1,0.0,0,Potential Customers
CUST108667,4406.56,4,1101.64,5.0,0.0,6.0,14,7069.77,1,0.0,3,High Value Customers
CUST108668,1093.63,1,1093.63,5.0,0.0,14.39,14,1529.37,1,0.0,0,Potential Customers
CUST108669,7243.99,3,2414.6633333333334,1.0,2.0,1.27,337,8403.08,1,1.0,1,Loyal Customers
CUST108670,1559.96,1,1559.96,1.0,0.0,3.13,128,2228.0,1,1.0,0,Potential Customers
CUST108671,1716.05,1,1716.05,3.0,0.0,2.14,144,2355.45,1,0.0,0,Potential Customers
CUST108672,6008.65,3,2002.8833333333332,4.0,0.0,5.04,2,8251.76,1,0.0,3,High Value Customers
CUST108673,2032.98,1,2032.98,3.0,0.0,6.66,56,3141.29,1,0.0,0,Potential Customers
CUST108674,0.0,0,0.0,1.0,0.0,1.73,400,0.0,1,0.0,2,At-Risk Customers
CUST108675,1168.41,2,584.205,1.0,0.0,5.07,293,2223.45,1,0.0,0,Potential Customers
CUST108676,1675.57,1,1675.57,2.0,0.0,7.43,65,2337.55,1,1.0,0,Potential Customers
CUST108677,11589.14840000001,5,2317.8296800000016,1.0,0.0,5.46,27,18065.58,1,0.0,3,High Value Customers
CUST108678,9062.84,3,3020.9466666666667,1.0,0.0,3.2,316,10770.9,1,0.0,3,High Value Customers
CUST108679,7714.08,2,3857.04,3.0,0.0,6.51,147,9371.17,1,0.0,3,High Value Customers
CUST108680,3456.11,2,1728.055,2.0,0.0,3.39,239,5085.37,1,0.0,0,Potential Customers
CUST108681,5478.7,2,2739.35,2.0,0.0,7.64,360,7580.4,1,0.0,3,High Value Customers
CUST108682,996.64,3,332.2133333333333,2.0,0.0,5.19,343,2032.37,1,0.0,0,Potential Customers
CUST108683,3748.41,2,1874.205,6.0,2.0,3.55,110,5183.67,1,0.0,1,Loyal Customers
CUST108684,3532.77,2,1766.385,1.0,0.0,1.68,232,5310.08,1,0.0,0,Potential Customers
CUST108685,2678.48,1,2678.48,6.0,0.0,4.1,147,3150.62,1,0.0,0,Potential Customers
CUST108686,0.0,0,0.0,1.0,0.0,1.92,400,131.48,1,0.0,2,At-Risk Customers
CUST108687,0.0,0,0.0,0.0,0.0,1.89,400,0.0,1,0.0,2,At-Risk Customers
CUST108688,1322.71,1,1322.71,3.0,0.0,3.18,61,1707.83,1,0.0,0,Potential Customers
CUST108689,0.0,0,0.0,2.0,0.0,3.84,400,62.26,1,0.0,2,At-Risk Customers
CUST108690,2493.06,1,2493.06,4.0,0.0,1.76,233,3192.08,1,0.0,0,Potential Customers
CUST108691,6132.49,3,2044.1633333333332,2.0,0.0,3.61,260,8821.11,1,1.0,3,High Value Customers
CUST108692,0.0,0,0.0,3.0,0.0,3.43,400,129.93,1,0.0,2,At-Risk Customers
CUST108693,664.44,1,664.44,1.0,0.0,2.66,109,957.69,1,0.0,0,Potential Customers
CUST108694,1834.57,1,1834.57,2.0,0.0,3.39,69,2371.01,1,0.0,0,Potential Customers
CUST108695,2939.81,1,2939.81,2.0,0.0,6.37,17,3777.37,1,0.0,0,Potential Customers
CUST108696,291.43,1,291.43,1.0,0.0,3.09,65,688.84,1,0.0,0,Potential Customers
CUST108697,1872.89,1,1872.89,1.0,0.0,6.09,263,2666.84,1,0.0,0,Potential Customers
CUST108698,0.0,0,0.0,0.0,0.0,3.84,400,78.43,1,0.0,2,At-Risk Customers
CUST108699,4697.94,3,1565.9799999999998,3.0,0.0,8.27,220,6537.39,1,1.0,3,High Value Customers
CUST108700,4196.91,2,2098.455,5.0,0.0,7.16,96,5570.63,1,1.0,0,Potential Customers
CUST108701,2093.0,1,2093.0,0.0,0.0,3.49,353,2549.63,1,0.0,0,Potential Customers
CUST108702,0.0,0,0.0,2.0,2.0,2.52,400,0.0,1,1.0,1,Loyal Customers
CUST108703,11589.14840000001,4,2897.2871000000023,2.0,0.0,5.69,196,22878.34,1,1.0,3,High Value Customers
CUST108704,5980.19,2,2990.095,1.0,0.0,2.81,323,6611.9,1,0.0,3,High Value Customers
CUST108705,0.0,0,0.0,5.0,0.0,1.35,400,0.0,1,0.0,2,At-Risk Customers
CUST108706,3890.74,3,1296.9133333333332,2.0,0.0,6.79,184,4902.17,1,0.0,0,Potential Customers
CUST108707,0.0,0,0.0,1.0,0.0,2.64,400,137.2,1,0.0,2,At-Risk Customers
CUST108708,1073.85,1,1073.85,1.0,0.0,0.95,287,1717.86,1,0.0,0,Potential Customers
CUST108709,1636.37,1,1636.37,1.0,0.0,3.84,70,1983.88,1,0.0,0,Potential Customers
CUST108710,0.0,0,0.0,2.0,0.0,7.81,400,0.0,1,1.0,2,At-Risk Customers
CUST108711,0.0,0,0.0,1.0,2.0,2.68,400,0.0,1,0.0,1,Loyal Customers
CUST108712,1966.96,1,1966.96,2.0,3.0,3.18,232,2734.8,1,0.0,1,Loyal Customers
CUST108713,2386.32,1,2386.32,3.0,0.0,5.75,105,3418.53,1,0.0,0,Potential Customers
CUST108714,0.0,0,0.0,1.0,0.0,2.95,400,0.0,1,0.0,2,At-Risk Customers
CUST108715,3784.42,2,1892.21,3.0,0.0,3.77,101,5704.82,1,1.0,0,Potential Customers
CUST108716,1396.44,1,1396.44,3.0,0.0,7.59,58,1836.75,1,0.0,0,Potential Customers
CUST108717,0.0,0,0.0,1.0,0.0,6.52,400,73.23,1,0.0,2,At-Risk Customers
CUST108718,3343.78,1,3343.78,1.0,3.0,4.75,331,4450.49,1,1.0,1,Loyal Customers
CUST108719,0.0,0,0.0,3.0,0.0,1.26,400,0.0,1,0.0,2,At-Risk Customers
CUST108720,1976.07,1,1976.07,3.0,3.0,4.02,323,2685.53,1,0.0,1,Loyal Customers
CUST108721,2219.88,2,1109.94,1.0,0.0,3.08,250,3143.9,1,0.0,0,Potential Customers
CUST108722,4448.69,3,1482.8966666666665,2.0,0.0,5.71,346,5607.34,1,0.0,3,High Value Customers
CUST108723,6873.82,2,3436.91,0.0,0.0,1.4,241,8216.87,1,0.0,3,High Value Customers
CUST108724,6534.06,5,1306.8120000000001,2.0,0.0,7.82,275,9963.3,1,0.0,3,High Value Customers
CUST108725,6800.02,4,1700.005,3.0,0.0,2.25,44,10215.53,1,1.0,3,High Value Customers
CUST108726,2241.01,1,2241.01,4.0,0.0,5.48,75,3424.84,1,0.0,0,Potential Customers
CUST108727,2040.2,1,2040.2,1.0,0.0,7.79,21,2696.53,1,0.0,0,Potential Customers
CUST108728,3966.8,2,1983.4,4.0,0.0,5.33,40,5540.78,1,0.0,0,Potential Customers
CUST108729,2021.66,1,2021.66,4.0,2.0,5.31,164,2566.81,1,1.0,1,Loyal Customers
CUST108730,540.52,2,270.26,4.0,0.0,4.31,151,1083.97,1,0.0,0,Potential Customers
CUST108731,2519.2,1,2519.2,2.0,0.0,1.73,330,3318.43,1,0.0,0,Potential Customers
CUST108732,1747.98,1,1747.98,3.0,0.0,10.26,2,2358.96,1,0.0,0,Potential Customers
CUST108733,295.18,1,295.18,3.0,0.0,8.73,294,635.17,1,0.0,2,At-Risk Customers
CUST108734,1431.57,1,1431.57,3.0,0.0,3.1,279,2110.68,1,0.0,0,Potential Customers
CUST108735,0.0,0,0.0,1.0,0.0,0.76,400,96.55,1,0.0,2,At-Risk Customers
CUST108736,4191.99,2,2095.995,3.0,0.0,8.2,150,4921.28,1,0.0,0,Potential Customers
CUST108737,1898.06,1,1898.06,4.0,0.0,1.13,363,2475.82,1,0.0,0,Potential Customers
CUST108738,1340.53,1,1340.53,1.0,0.0,5.89,209,1816.5,1,0.0,0,Potential Customers
CUST108739,4149.04,2,2074.52,4.0,0.0,2.44,148,5048.4,1,0.0,0,Potential Customers
CUST108740,1564.32,1,1564.32,2.0,0.0,5.68,109,2259.54,1,0.0,0,Potential Customers
CUST108741,3587.12,2,1793.56,0.0,0.0,2.0,290,4322.63,1,0.0,0,Potential Customers
CUST108742,387.45,1,387.45,3.0,0.0,4.07,61,760.77,1,0.0,0,Potential Customers
CUST108743,2015.58,2,1007.79,1.0,0.0,1.23,133,2797.57,1,0.0,0,Potential Customers
CUST108744,2787.36,1,2787.36,3.0,0.0,4.1,279,3319.84,1,0.0,0,Potential Customers
CUST108745,2556.66,1,2556.66,3.0,0.0,4.04,2,2779.61,1,0.0,0,Potential Customers
CUST108746,6917.5,5,1383.5,3.0,0.0,6.7,190,10803.13,1,1.0,3,High Value Customers
CUST108747,762.46,1,762.46,3.0,0.0,2.9,150,1360.41,1,1.0,0,Potential Customers
CUST108748,8326.66,3,2775.5533333333333,1.0,2.0,4.94,261,10716.97,1,0.0,3,High Value Customers
CUST108749,1182.91,1,1182.91,3.0,0.0,3.07,113,1707.45,1,0.0,0,Potential Customers
CUST108750,8606.16,3,2868.72,4.0,0.0,5.57,4,10315.3,1,0.0,3,High Value Customers
CUST108751,0.0,0,0.0,2.0,0.0,5.33,400,87.54,1,0.0,2,At-Risk Customers
CUST108752,2623.72,3,874.5733333333333,3.0,0.0,7.51,85,4203.36,1,0.0,0,Potential Customers
CUST108753,4140.39,2,2070.195,3.0,0.0,1.78,236,6256.06,1,0.0,0,Potential Customers
CUST108754,5243.45,4,1310.8625,2.0,0.0,3.8,8,6851.31,1,1.0,3,High Value Customers
CUST108755,1455.98,1,1455.98,3.0,0.0,4.95,214,2084.08,1,0.0,0,Potential Customers
CUST108756,1564.88,1,1564.88,2.0,0.0,14.49,320,1995.73,1,0.0,0,Potential Customers
CUST108757,648.15,1,648.15,2.0,0.0,16.25,26,1028.01,1,0.0,0,Potential Customers
CUST108758,0.0,0,0.0,3.0,0.0,1.57,400,10.57,1,0.0,2,At-Risk Customers
CUST108759,1426.17,1,1426.17,1.0,0.0,2.64,273,2398.52,1,0.0,0,Potential Customers
CUST108760,264.81,1,264.81,0.0,0.0,0.76,128,760.39,1,0.0,0,Potential Customers
CUST108761,0.0,0,0.0,6.0,2.0,18.87,400,4.05,1,0.0,1,Loyal Customers
CUST108762,0.0,0,0.0,2.0,0.0,5.06,400,77.11,1,0.0,2,At-Risk Customers
CUST108763,0.0,0,0.0,3.0,0.0,6.09,400,0.63,1,0.0,2,At-Risk Customers
CUST108764,2699.6,1,2699.6,2.0,0.0,3.25,359,3148.38,1,0.0,0,Potential Customers
CUST108765,0.0,0,0.0,1.0,0.0,4.04,400,0.0,1,0.0,2,At-Risk Customers
CUST108766,1436.11,1,1436.11,2.0,0.0,8.94,296,2173.09,1,0.0,0,Potential Customers
CUST108767,412.78,1,412.78,1.0,0.0,1.95,75,782.08,1,0.0,0,Potential Customers
CUST108768,3096.49,4,774.1225,2.0,0.0,1.84,126,4982.21,1,0.0,0,Potential Customers
CUST108769,2687.22,2,1343.61,2.0,0.0,3.43,46,3383.26,1,1.0,0,Potential Customers
CUST108770,0.0,0,0.0,2.0,0.0,4.08,400,26.17,1,0.0,2,At-Risk Customers
CUST108771,2572.9,1,2572.9,4.0,0.0,5.98,5,3149.49,1,0.0,0,Potential Customers
CUST108772,4565.37,4,1141.3425,4.0,0.0,4.11,50,6043.31,1,0.0,3,High Value Customers
CUST108773,3747.33,2,1873.665,2.0,0.0,2.24,251,5453.98,1,0.0,0,Potential Customers
CUST108774,0.0,0,0.0,0.0,0.0,3.11,400,0.0,1,0.0,2,At-Risk Customers
CUST108775,934.12,1,934.12,4.0,0.0,4.59,18,1500.09,1,1.0,0,Potential Customers
CUST108776,268.69,1,268.69,5.0,0.0,6.44,307,297.46,1,0.0,2,At-Risk Customers
CUST108777,7858.82,3,2619.6066666666666,2.0,2.0,8.16,115,9411.43,1,1.0,3,High Value Customers
CUST108778,2630.58,1,2630.58,2.0,0.0,3.35,285,3733.64,1,0.0,0,Potential Customers
CUST108779,3179.08,2,1589.54,1.0,0.0,2.47,174,4250.36,1,0.0,0,Potential Customers
CUST108780,2149.96,2,1074.98,0.0,0.0,2.16,144,3299.23,1,1.0,0,Potential Customers
CUST108781,8000.63,5,1600.126,7.0,2.0,9.18,41,11394.25,1,1.0,3,High Value Customers
CUST108782,0.0,0,0.0,0.0,0.0,2.99,400,0.0,1,0.0,2,At-Risk Customers
CUST108783,9595.52,3,3198.5066666666667,1.0,0.0,2.38,280,12671.85,1,0.0,3,High Value Customers
CUST108784,4067.64,3,1355.8799999999999,3.0,0.0,4.56,130,6115.44,1,1.0,3,High Value Customers
CUST108785,1214.48,1,1214.48,3.0,0.0,12.55,357,1729.01,1,0.0,2,At-Risk Customers
CUST108786,4556.36,2,2278.18,3.0,0.0,2.12,95,6397.33,1,1.0,3,High Value Customers
CUST108787,3836.91,2,1918.455,6.0,0.0,6.13,235,5573.62,1,0.0,0,Potential Customers
CUST108788,0.0,0,0.0,3.0,0.0,2.95,400,219.86,1,0.0,2,At-Risk Customers
CUST108789,0.0,0,0.0,2.0,0.0,4.38,400,258.12,1,0.0,2,At-Risk Customers
CUST108790,0.0,0,0.0,2.0,0.0,7.15,400,0.0,1,0.0,2,At-Risk Customers
CUST108791,1841.65,1,1841.65,3.0,0.0,9.5,206,2031.96,1,0.0,0,Potential Customers
CUST108792,435.42,1,435.42,2.0,0.0,2.8,341,760.68,1,0.0,2,At-Risk Customers
CUST108793,4350.67,2,2175.335,2.0,0.0,6.86,206,5982.7,1,0.0,0,Potential Customers
CUST108794,0.0,0,0.0,2.0,0.0,4.79,400,197.69,1,0.0,2,At-Risk Customers
CUST108795,1498.7,1,1498.7,1.0,0.0,5.38,277,2113.32,1,0.0,0,Potential Customers
CUST108796,0.0,0,0.0,4.0,0.0,9.63,400,0.0,1,0.0,2,At-Risk Customers
CUST108797,3631.91,1,3631.91,3.0,0.0,2.47,12,4486.74,1,1.0,0,Potential Customers
CUST108798,0.0,0,0.0,4.0,0.0,6.98,400,0.0,1,0.0,2,At-Risk Customers
CUST108799,6212.99,3,2070.9966666666664,6.0,0.0,4.53,363,8380.59,1,0.0,3,High Value Customers
CUST108800,861.18,2,430.59,7.0,3.0,9.29,145,1844.4,1,1.0,1,Loyal Customers
CUST108801,0.0,0,0.0,2.0,0.0,5.4,400,45.45,1,0.0,2,At-Risk Customers
CUST108802,0.0,0,0.0,2.0,0.0,3.65,400,0.0,1,0.0,2,At-Risk Customers
CUST108803,1232.74,1,1232.74,2.0,0.0,7.46,295,1981.79,1,0.0,0,Potential Customers
CUST108804,4223.11,3,1407.7033333333331,2.0,0.0,2.73,265,5494.47,1,0.0,3,High Value Customers
CUST108805,1134.83,1,1134.83,2.0,2.0,3.06,184,1481.77,1,1.0,1,Loyal Customers
CUST108806,2418.86,3,806.2866666666667,1.0,0.0,2.4,193,3615.33,1,0.0,0,Potential Customers
CUST108807,4807.01,2,2403.505,0.0,0.0,2.61,119,6079.89,1,0.0,3,High Value Customers
CUST108808,1434.42,1,1434.42,0.0,0.0,0.76,81,2272.89,1,0.0,0,Potential Customers
CUST108809,2400.66,2,1200.33,3.0,0.0,2.84,227,3340.02,1,1.0,0,Potential Customers
CUST108810,0.0,0,0.0,1.0,0.0,3.85,400,0.0,1,0.0,2,At-Risk Customers
CUST108811,928.93,1,928.93,2.0,0.0,6.9,149,1547.79,1,0.0,0,Potential Customers
CUST108812,4176.08,2,2088.04,3.0,0.0,2.13,15,5355.17,1,0.0,0,Potential Customers
CUST108813,0.0,0,0.0,0.0,0.0,2.86,400,244.92,1,0.0,2,At-Risk Customers
CUST108814,1988.51,3,662.8366666666667,1.0,0.0,3.58,105,3167.78,1,0.0,0,Potential Customers
CUST108815,1708.43,1,1708.43,1.0,0.0,6.93,204,2499.36,1,0.0,0,Potential Customers
CUST108816,0.0,0,0.0,2.0,0.0,4.02,400,0.0,1,0.0,2,At-Risk Customers
CUST108817,0.0,0,0.0,4.0,0.0,5.27,400,116.62,1,0.0,2,At-Risk Customers
CUST108818,11589.14840000001,5,2317.8296800000016,1.0,0.0,7.52,318,23257.06,1,0.0,3,High Value Customers
CUST108819,0.0,0,0.0,2.0,0.0,5.77,400,0.0,1,0.0,2,At-Risk Customers
CUST108820,0.0,0,0.0,1.0,0.0,2.66,400,17.97,1,0.0,2,At-Risk Customers
CUST108821,2160.89,2,1080.445,4.0,0.0,13.43,113,3115.27,1,0.0,0,Potential Customers
CUST108822,0.0,0,0.0,3.0,0.0,1.07,400,0.0,1,0.0,2,At-Risk Customers
CUST108823,10898.04,3,3632.6800000000003,3.0,0.0,7.61,232,13730.97,1,1.0,3,High Value Customers
CUST108824,6085.55,2,3042.775,2.0,0.0,5.52,19,8211.51,1,0.0,3,High Value Customers
CUST108825,1373.42,2,686.71,2.0,0.0,9.69,331,2404.14,1,1.0,0,Potential Customers
CUST108826,1600.92,2,800.46,1.0,0.0,3.44,41,2972.48,1,1.0,0,Potential Customers
CUST108827,0.0,0,0.0,1.0,0.0,2.87,400,223.01,1,0.0,2,At-Risk Customers
CUST108828,5225.16,2,2612.58,2.0,0.0,1.87,335,7819.74,1,0.0,3,High Value Customers
CUST108829,2650.62,1,2650.62,2.0,0.0,1.93,346,3306.81,1,0.0,0,Potential Customers
CUST108830,1671.09,1,1671.09,3.0,0.0,3.61,238,2080.05,1,0.0,0,Potential Customers
CUST108831,3411.59,2,1705.795,2.0,0.0,2.25,194,4185.59,1,1.0,0,Potential Customers
CUST108832,0.0,0,0.0,0.0,0.0,2.46,400,5.93,1,0.0,2,At-Risk Customers
CUST108833,0.0,0,0.0,1.0,0.0,1.93,400,0.0,1,0.0,2,At-Risk Customers
CUST108834,0.0,0,0.0,3.0,0.0,8.36,400,0.0,1,0.0,2,At-Risk Customers
CUST108835,1304.13,2,652.065,1.0,0.0,2.45,26,1758.77,1,0.0,0,Potential Customers
CUST108836,5543.25,2,2771.625,2.0,0.0,5.37,248,7494.68,1,0.0,3,High Value Customers
CUST108837,3940.73,2,1970.365,1.0,1.0,3.71,1,5111.97,1,0.0,0,Potential Customers
CUST108838,0.0,0,0.0,1.0,0.0,5.17,400,0.0,1,0.0,2,At-Risk Customers
CUST108839,3243.67,2,1621.835,3.0,0.0,3.37,348,4430.27,1,0.0,0,Potential Customers
CUST108840,2852.77,2,1426.385,5.0,0.0,6.98,340,4243.66,1,0.0,0,Potential Customers
CUST108841,1595.8,1,1595.8,4.0,0.0,6.23,286,2029.4,1,0.0,0,Potential Customers
CUST108842,0.0,0,0.0,2.0,0.0,9.46,400,10.4,1,0.0,2,At-Risk Customers
CUST108843,0.0,0,0.0,2.0,0.0,2.55,400,155.35,1,0.0,2,At-Risk Customers
CUST108844,1559.49,3,519.83,3.0,0.0,2.24,63,2622.68,1,0.0,0,Potential Customers
CUST108845,10462.69,3,3487.5633333333335,1.0,0.0,3.09,300,13732.51,1,0.0,3,High Value Customers
CUST108846,2072.8,1,2072.8,4.0,0.0,4.39,130,2522.38,1,0.0,0,Potential Customers
CUST108847,5241.53,2,2620.765,6.0,0.0,5.86,48,7736.67,1,1.0,3,High Value Customers
CUST108848,543.33,2,271.665,2.0,0.0,2.62,225,1462.22,1,0.0,0,Potential Customers
CUST108849,7211.31,5,1442.2620000000002,1.0,0.0,4.66,304,10014.08,1,1.0,3,High Value Customers
CUST108850,493.43,1,493.43,3.0,0.0,3.57,245,843.59,1,0.0,2,At-Risk Customers
CUST108851,0.0,0,0.0,3.0,0.0,3.37,400,14.2,1,0.0,2,At-Risk Customers
CUST108852,0.0,0,0.0,1.0,0.0,4.03,400,82.35,1,0.0,2,At-Risk Customers
CUST108853,6015.0,2,3007.5,4.0,0.0,11.6,81,8062.68,1,1.0,3,High Value Customers
CUST108854,2515.39,1,2515.39,1.0,0.0,7.05,357,3526.09,1,0.0,0,Potential Customers
CUST108855,0.0,0,0.0,3.0,0.0,8.45,400,56.04,1,0.0,2,At-Risk Customers
CUST108856,0.0,0,0.0,1.0,0.0,5.23,400,0.0,1,1.0,2,At-Risk Customers
CUST108857,0.0,0,0.0,3.0,0.0,13.91,400,164.86,1,0.0,2,At-Risk Customers
CUST108858,1973.12,1,1973.12,3.0,0.0,7.56,118,2525.4,1,0.0,0,Potential Customers
CUST108859,0.0,0,0.0,1.0,0.0,1.5,400,0.0,1,0.0,2,At-Risk Customers
CUST108860,3751.85,2,1875.925,4.0,0.0,6.75,81,4716.28,1,0.0,0,Potential Customers
CUST108861,2816.91,3,938.9699999999999,0.0,0.0,5.14,132,3647.49,1,0.0,0,Potential Customers
CUST108862,4990.51,2,2495.255,3.0,0.0,6.27,226,7527.58,1,1.0,3,High Value Customers
CUST108863,8920.6,3,2973.5333333333333,0.0,0.0,1.42,17,11395.37,1,1.0,3,High Value Customers
CUST108864,1757.06,2,878.53,3.0,0.0,1.46,111,2892.36,1,0.0,0,Potential Customers
CUST108865,2207.5,3,735.8333333333334,5.0,1.0,3.79,279,3387.6,1,0.0,0,Potential Customers
CUST108866,2090.59,1,2090.59,3.0,0.0,1.19,119,2752.68,1,0.0,0,Potential Customers
CUST108867,0.0,0,0.0,3.0,0.0,6.63,400,69.29,1,0.0,2,At-Risk Customers
CUST108868,2612.58,1,2612.58,0.0,0.0,4.5,262,3104.17,1,0.0,0,Potential Customers
CUST108869,1786.13,1,1786.13,3.0,0.0,15.85,185,2736.31,1,0.0,0,Potential Customers
CUST108870,1682.89,1,1682.89,4.0,0.0,5.27,261,2210.34,1,0.0,0,Potential Customers
CUST108871,0.0,0,0.0,3.0,0.0,6.59,400,0.0,1,0.0,2,At-Risk Customers
CUST108872,0.0,0,0.0,2.0,0.0,6.08,400,0.0,1,0.0,2,At-Risk Customers
CUST108873,382.94,1,382.94,3.0,0.0,4.28,292,781.17,1,0.0,2,At-Risk Customers
CUST108874,0.0,0,0.0,4.0,0.0,4.4,400,0.0,1,0.0,2,At-Risk Customers
CUST108875,0.0,0,0.0,1.0,0.0,3.9,400,214.92,1,0.0,2,At-Risk Customers
CUST108876,0.0,0,0.0,0.0,0.0,0.76,400,0.0,1,0.0,2,At-Risk Customers
CUST108877,0.0,0,0.0,2.0,0.0,8.9,400,23.73,1,0.0,2,At-Risk Customers
CUST108878,3147.68,2,1573.84,4.0,0.0,8.96,338,4663.87,1,0.0,0,Potential Customers
CUST108879,1367.35,1,1367.35,3.0,0.0,7.42,56,1671.6,1,0.0,0,Potential Customers
CUST108880,5055.87,2,2527.935,0.0,0.0,4.32,280,7402.32,1,0.0,3,High Value Customers
CUST108881,5679.28,3,1893.0933333333332,1.0,0.0,3.69,355,7550.66,1,0.0,3,High Value Customers
CUST108882,671.19,1,671.19,4.0,0.0,1.83,262,1019.81,1,0.0,2,At-Risk Customers
CUST108883,0.0,0,0.0,1.0,0.0,1.69,400,152.57,1,0.0,2,At-Risk Customers
CUST108884,4996.41,2,2498.205,3.0,0.0,2.68,22,7267.81,1,0.0,3,High Value Customers
CUST108885,3149.8,3,1049.9333333333334,2.0,0.0,4.68,320,4958.66,1,0.0,0,Potential Customers
CUST108886,2215.81,1,2215.81,0.0,0.0,5.27,20,2699.99,1,1.0,0,Potential Customers
CUST108887,2408.18,1,2408.18,1.0,0.0,2.83,40,2786.35,1,0.0,0,Potential Customers
CUST108888,1778.07,1,1778.07,3.0,1.0,1.63,345,2612.99,1,0.0,0,Potential Customers
CUST108889,3698.65,1,3698.65,1.0,0.0,2.54,26,5480.55,1,0.0,0,Potential Customers
CUST108890,3129.04,2,1564.52,2.0,0.0,3.73,185,4449.76,1,0.0,0,Potential Customers
CUST108891,7553.17,4,1888.2925,1.0,0.0,1.36,91,10234.11,1,1.0,3,High Value Customers
CUST108892,4269.28,1,4269.28,1.0,0.0,4.02,201,5248.48,1,0.0,0,Potential Customers
CUST108893,2223.07,3,741.0233333333334,6.0,0.0,12.53,1,3729.67,1,0.0,0,Potential Customers
CUST108894,1856.97,1,1856.97,5.0,2.0,2.31,203,2221.27,1,1.0,1,Loyal Customers
CUST108895,4998.36,2,2499.18,3.0,0.0,17.88,231,7470.91,1,0.0,3,High Value Customers
CUST108896,2247.24,1,2247.24,2.0,0.0,2.48,308,3239.24,1,0.0,0,Potential Customers
CUST108897,0.0,0,0.0,2.0,0.0,3.47,400,208.71,1,0.0,2,At-Risk Customers
CUST108898,2532.52,1,2532.52,1.0,0.0,5.69,170,3040.85,1,0.0,0,Potential Customers
CUST108899,1848.33,1,1848.33,3.0,0.0,3.93,354,2379.29,1,0.0,0,Potential Customers
CUST108900,3882.68,3,1294.2266666666667,2.0,0.0,1.24,213,5242.21,1,0.0,0,Potential Customers
CUST108901,2636.93,1,2636.93,1.0,0.0,4.83,5,3642.63,1,0.0,0,Potential Customers
CUST108902,724.21,1,724.21,1.0,0.0,4.28,196,864.26,1,0.0,0,Potential Customers
CUST108903,0.0,0,0.0,3.0,0.0,3.37,400,0.0,1,0.0,2,At-Risk Customers
CUST108904,4922.06,3,1640.6866666666667,1.0,0.0,4.26,36,6301.93,1,0.0,3,High Value Customers
CUST108905,2797.95,2,1398.975,1.0,0.0,5.53,105,4179.96,1,0.0,0,Potential Customers
CUST108906,0.0,0,0.0,2.0,0.0,2.18,400,77.25,1,0.0,2,At-Risk Customers
CUST108907,2969.83,2,1484.915,5.0,0.0,5.9,332,3550.19,1,1.0,0,Potential Customers
CUST108908,996.9,1,996.9,2.0,0.0,2.65,329,1264.18,1,0.0,2,At-Risk Customers
CUST108909,757.07,1,757.07,2.0,0.0,11.88,43,1312.95,1,0.0,0,Potential Customers
CUST108910,6906.64,2,3453.32,2.0,0.0,8.4,12,8297.22,1,1.0,3,High Value Customers
CUST108911,0.0,0,0.0,1.0,0.0,2.02,400,360.13,1,0.0,2,At-Risk Customers
CUST108912,3452.37,2,1726.185,5.0,0.0,9.59,279,4218.87,1,0.0,0,Potential Customers
CUST108913,0.0,0,0.0,2.0,0.0,5.39,400,147.5,1,0.0,2,At-Risk Customers
CUST108914,3402.17,2,1701.085,1.0,0.0,5.88,30,4761.09,1,0.0,0,Potential Customers
CUST108915,5928.83,3,1976.2766666666666,1.0,3.0,3.57,70,8153.69,1,1.0,1,Loyal Customers
CUST108916,1744.88,1,1744.88,2.0,0.0,3.19,102,2532.77,1,0.0,0,Potential Customers
CUST108917,1220.01,1,1220.01,2.0,0.0,3.36,94,1719.55,1,0.0,0,Potential Customers
CUST108918,6069.47,3,2023.1566666666668,4.0,0.0,2.08,87,8213.12,1,0.0,3,High Value Customers
CUST108919,531.61,2,265.805,1.0,0.0,1.09,271,1515.84,1,0.0,0,Potential Customers
CUST108920,0.0,0,0.0,0.0,0.0,2.59,400,0.0,1,0.0,2,At-Risk Customers
CUST108921,10145.7,3,3381.9,2.0,0.0,2.59,81,12182.53,1,1.0,3,High Value Customers
CUST108922,1542.23,1,1542.23,0.0,0.0,1.89,27,2269.84,1,0.0,0,Potential Customers
CUST108923,7754.06,3,2584.686666666667,2.0,0.0,6.09,362,10320.54,1,0.0,3,High Value Customers
CUST108924,1520.89,1,1520.89,1.0,0.0,4.81,362,2269.38,1,0.0,0,Potential Customers
CUST108925,2167.4,1,2167.4,3.0,0.0,2.68,130,2560.89,1,0.0,0,Potential Customers
CUST108926,853.94,1,853.94,1.0,0.0,3.26,155,1274.49,1,0.0,0,Potential Customers
CUST108927,1496.53,1,1496.53,3.0,0.0,4.74,263,2052.61,1,0.0,0,Potential Customers
CUST108928,0.0,0,0.0,0.0,0.0,2.44,400,0.0,1,0.0,2,At-Risk Customers
CUST108929,1080.18,4,270.045,1.0,0.0,0.76,244,2084.59,1,0.0,0,Potential Customers
CUST108930,0.0,0,0.0,2.0,2.0,9.37,400,0.0,1,0.0,1,Loyal Customers
CUST108931,1255.46,1,1255.46,5.0,0.0,4.02,297,2118.87,1,1.0,0,Potential Customers
CUST108932,4239.87,1,4239.87,2.0,0.0,4.9,80,5182.5,1,0.0,0,Potential Customers
CUST108933,7974.04,4,1993.51,1.0,0.0,4.57,258,10916.79,1,0.0,3,High Value Customers
CUST108934,0.0,0,0.0,2.0,0.0,1.48,400,157.4,1,0.0,2,At-Risk Customers
CUST108935,6317.94,2,3158.97,2.0,0.0,2.51,286,8411.84,1,0.0,3,High Value Customers
CUST108936,2607.16,1,2607.16,6.0,0.0,4.02,167,2960.17,1,0.0,0,Potential Customers
CUST108937,0.0,0,0.0,5.0,0.0,3.53,400,0.0,1,0.0,2,At-Risk Customers
CUST108938,1803.49,1,1803.49,2.0,0.0,1.83,58,2597.51,1,0.0,0,Potential Customers
CUST108939,0.0,0,0.0,3.0,0.0,5.15,400,0.0,1,0.0,2,At-Risk Customers
CUST108940,5829.61,2,2914.805,3.0,0.0,6.04,89,7717.58,1,0.0,3,High Value Customers
CUST108941,0.0,0,0.0,6.0,0.0,3.11,400,243.71,1,0.0,2,At-Risk Customers
CUST108942,5045.78,2,2522.89,3.0,0.0,8.18,283,6288.37,1,0.0,3,High Value Customers
CUST108943,4317.02,2,2158.51,1.0,0.0,5.89,267,5310.88,1,0.0,0,Potential Customers
CUST108944,4480.39,2,2240.195,4.0,0.0,5.32,281,5946.86,1,0.0,0,Potential Customers
CUST108945,0.0,0,0.0,2.0,0.0,2.86,400,0.0,1,0.0,2,At-Risk Customers
CUST108946,1866.72,2,933.36,2.0,0.0,3.6,151,2965.83,1,0.0,0,Potential Customers
CUST108947,0.0,0,0.0,4.0,0.0,7.27,400,101.8,1,0.0,2,At-Risk Customers
CUST108948,745.13,2,372.565,3.0,0.0,1.47,351,1149.63,1,0.0,2,At-Risk Customers
CUST108949,0.0,0,0.0,5.0,0.0,1.54,400,0.0,1,0.0,2,At-Risk Customers
CUST108950,6502.06,3,2167.3533333333335,2.0,0.0,3.05,109,8842.29,1,0.0,3,High Value Customers
CUST108951,3988.78,4,997.195,4.0,0.0,4.0,134,6158.87,1,1.0,3,High Value Customers
CUST108952,0.0,0,0.0,2.0,0.0,3.79,400,313.57,1,0.0,2,At-Risk Customers
CUST108953,317.43,1,317.43,2.0,0.0,5.84,215,690.01,1,0.0,2,At-Risk Customers
CUST108954,0.0,0,0.0,1.0,0.0,4.8,400,19.28,1,0.0,2,At-Risk Customers
CUST108955,2693.29,1,2693.29,2.0,0.0,4.11,46,3419.16,1,0.0,0,Potential Customers
CUST108956,333.07,1,333.07,5.0,0.0,3.28,265,596.72,1,1.0,2,At-Risk Customers
CUST108957,1240.88,2,620.44,5.0,0.0,23.312000000000044,298,1868.0,1,0.0,0,Potential Customers
CUST108958,1787.29,1,1787.29,4.0,0.0,9.39,196,2259.92,1,0.0,0,Potential Customers
CUST108959,10204.85,3,3401.616666666667,3.0,0.0,3.3,286,12242.36,1,0.0,3,High Value Customers
CUST108960,0.0,0,0.0,5.0,0.0,5.33,400,0.0,1,0.0,2,At-Risk Customers
CUST108961,774.12,1,774.12,1.0,0.0,3.39,30,1155.28,1,0.0,0,Potential Customers
CUST108962,1705.58,1,1705.58,1.0,0.0,1.74,221,1982.88,1,1.0,0,Potential Customers
CUST108963,7675.0,5,1535.0,0.0,0.0,1.26,290,10994.84,1,0.0,3,High Value Customers
CUST108964,1106.2,1,1106.2,1.0,0.0,9.24,112,1634.21,1,0.0,0,Potential Customers
CUST108965,616.92,1,616.92,1.0,0.0,7.1,265,1121.45,1,0.0,2,At-Risk Customers
CUST108966,4215.98,3,1405.3266666666666,2.0,0.0,5.37,300,6302.36,1,1.0,3,High Value Customers
CUST108967,0.0,0,0.0,2.0,0.0,8.16,400,0.0,1,1.0,2,At-Risk Customers
CUST108968,1843.08,2,921.54,0.0,0.0,2.31,43,2666.74,1,0.0,0,Potential Customers
CUST108969,1819.13,1,1819.13,4.0,0.0,7.56,120,2330.32,1,0.0,0,Potential Customers
CUST108970,0.0,0,0.0,2.0,0.0,5.18,400,77.64,1,0.0,2,At-Risk Customers
CUST108971,2022.85,1,2022.85,6.0,0.0,3.0,221,2826.12,1,0.0,0,Potential Customers
CUST108972,3381.76,2,1690.88,2.0,0.0,0.81,78,4615.86,1,0.0,0,Potential Customers
CUST108973,5762.17,2,2881.085,1.0,0.0,1.49,339,7153.86,1,0.0,3,High Value Customers
CUST108974,3204.1,1,3204.1,3.0,0.0,13.51,9,4253.09,1,1.0,0,Potential Customers
CUST108975,4835.9,2,2417.95,1.0,0.0,13.19,210,6561.88,1,0.0,3,High Value Customers
CUST108976,0.0,0,0.0,2.0,0.0,1.5,400,65.29,1,0.0,2,At-Risk Customers
CUST108977,8904.33,2,4452.165,2.0,0.0,1.0,102,10994.57,1,0.0,3,High Value Customers
CUST108978,3242.86,2,1621.43,6.0,0.0,10.1,187,4090.73,1,0.0,0,Potential Customers
CUST108979,0.0,0,0.0,2.0,0.0,3.83,400,0.0,1,0.0,2,At-Risk Customers
CUST108980,3005.06,2,1502.53,3.0,1.0,2.45,249,4575.04,1,1.0,0,Potential Customers
CUST108981,2952.91,1,2952.91,2.0,0.0,1.71,133,3285.38,1,0.0,0,Potential Customers
CUST108982,4710.23,2,2355.115,3.0,0.0,1.7,284,6613.78,1,0.0,3,High Value Customers
CUST108983,1997.77,1,1997.77,2.0,0.0,10.11,81,3001.74,1,0.0,0,Potential Customers
CUST108984,6471.56,3,2157.186666666667,5.0,1.0,4.83,115,8940.24,1,0.0,3,High Value Customers
CUST108985,2882.43,1,2882.43,1.0,0.0,1.16,194,3723.59,1,0.0,0,Potential Customers
CUST108986,2352.12,1,2352.12,2.0,0.0,2.48,197,2980.62,1,0.0,0,Potential Customers
CUST108987,7255.72,3,2418.5733333333333,3.0,2.0,12.28,267,9528.83,1,0.0,1,Loyal Customers
CUST108988,1222.88,1,1222.88,2.0,0.0,5.01,185,1666.35,1,1.0,0,Potential Customers
CUST108989,2101.05,1,2101.05,1.0,0.0,1.53,105,2642.54,1,0.0,0,Potential Customers
CUST108990,4565.11,3,1521.7033333333331,1.0,0.0,2.57,15,5617.6,1,0.0,3,High Value Customers
CUST108991,468.38,1,468.38,2.0,0.0,3.76,253,795.45,1,0.0,2,At-Risk Customers
CUST108992,2208.66,1,2208.66,2.0,0.0,7.88,293,3294.16,1,0.0,0,Potential Customers
CUST108993,8082.13,3,2694.0433333333335,1.0,0.0,3.78,50,10555.1,1,0.0,3,High Value Customers
CUST108994,3431.3,2,1715.65,3.0,0.0,10.63,226,5153.78,1,1.0,0,Potential Customers
CUST108995,4036.54,2,2018.27,4.0,0.0,4.87,30,5453.32,1,0.0,0,Potential Customers
CUST108996,3778.08,1,3778.08,1.0,0.0,0.82,118,5436.45,1,0.0,0,Potential Customers
CUST108997,0.0,0,0.0,2.0,0.0,5.9,400,15.5,1,0.0,2,At-Risk Customers
CUST108998,2649.59,1,2649.59,3.0,0.0,3.57,242,3662.96,1,0.0,0,Potential Customers
CUST108999,3894.61,2,1947.305,1.0,0.0,2.85,282,5889.64,1,0.0,0,Potential Customers
CUST109000,0.0,0,0.0,4.0,0.0,5.34,400,0.0,1,0.0,2,At-Risk Customers
CUST109001,1094.24,1,1094.24,3.0,0.0,3.41,63,1418.23,1,0.0,0,Potential Customers
CUST109002,0.0,0,0.0,5.0,0.0,4.67,400,0.0,1,0.0,2,At-Risk Customers
CUST109003,291.78,1,291.78,2.0,0.0,2.81,44,842.54,1,0.0,0,Potential Customers
CUST109004,1261.49,1,1261.49,0.0,0.0,2.73,325,1724.02,1,0.0,0,Potential Customers
CUST109005,836.31,3,278.77,1.0,0.0,8.8,153,1523.89,1,0.0,0,Potential Customers
CUST109006,2079.92,1,2079.92,3.0,0.0,4.39,143,2791.17,1,0.0,0,Potential Customers
CUST109007,4619.83,2,2309.915,3.0,0.0,5.4,199,6244.89,1,0.0,3,High Value Customers
CUST109008,1989.53,1,1989.53,1.0,3.0,2.71,212,2565.85,1,0.0,1,Loyal Customers
CUST109009,0.0,0,0.0,1.0,0.0,8.54,400,0.0,1,0.0,2,At-Risk Customers
CUST109010,5050.73,3,1683.5766666666666,2.0,2.0,4.68,265,7862.73,1,1.0,1,Loyal Customers
CUST109011,1909.88,1,1909.88,1.0,0.0,4.02,130,2864.81,1,0.0,0,Potential Customers
CUST109012,2358.88,1,2358.88,8.0,0.0,9.84,180,3304.21,1,0.0,0,Potential Customers
CUST109013,2310.48,1,2310.48,5.0,0.0,3.2,118,2751.04,1,0.0,0,Potential Customers
CUST109014,0.0,0,0.0,1.0,0.0,4.6,400,164.98,1,0.0,2,At-Risk Customers
CUST109015,2994.29,1,2994.29,1.0,0.0,1.75,67,3553.46,1,0.0,0,Potential Customers
CUST109016,4766.21,2,2383.105,2.0,0.0,4.02,190,5936.33,1,0.0,3,High Value Customers
CUST109017,1813.01,2,906.505,3.0,0.0,6.98,158,2636.78,1,0.0,0,Potential Customers
CUST109018,0.0,0,0.0,2.0,0.0,3.91,400,0.0,1,0.0,2,At-Risk Customers
CUST109019,2546.16,1,2546.16,1.0,0.0,4.33,145,3541.77,1,0.0,0,Potential Customers
CUST109020,0.0,0,0.0,1.0,0.0,3.81,400,72.27,1,0.0,2,At-Risk Customers
CUST109021,0.0,0,0.0,4.0,0.0,3.92,400,0.0,1,1.0,2,At-Risk Customers
CUST109022,0.0,0,0.0,1.0,0.0,2.78,400,0.0,1,0.0,2,At-Risk Customers
CUST109023,3339.88,1,3339.88,2.0,0.0,2.92,212,4520.57,1,0.0,0,Potential Customers
CUST109024,800.83,1,800.83,5.0,1.0,3.3,115,1177.13,1,0.0,0,Potential Customers
CUST109025,0.0,0,0.0,2.0,0.0,3.31,400,3.34,1,0.0,2,At-Risk Customers
CUST109026,0.0,0,0.0,1.0,0.0,5.6,400,96.55,1,0.0,2,At-Risk Customers
CUST109027,0.0,0,0.0,2.0,2.0,5.48,400,243.86,1,1.0,1,Loyal Customers
CUST109028,2652.86,1,2652.86,6.0,0.0,10.2,124,3628.48,1,0.0,0,Potential Customers
CUST109029,2095.55,1,2095.55,2.0,0.0,6.59,298,2742.27,1,1.0,0,Potential Customers
CUST109030,1271.82,1,1271.82,0.0,0.0,2.18,89,1932.81,1,1.0,0,Potential Customers
CUST109031,2597.33,1,2597.33,1.0,0.0,2.54,190,3441.95,1,0.0,0,Potential Customers
CUST109032,299.57,1,299.57,4.0,0.0,7.78,58,313.7,1,0.0,0,Potential Customers
CUST109033,0.0,0,0.0,2.0,0.0,6.44,400,0.0,1,0.0,2,At-Risk Customers
CUST109034,0.0,0,0.0,5.0,0.0,8.39,400,30.05,1,0.0,2,At-Risk Customers
CUST109035,0.0,0,0.0,1.0,0.0,4.04,400,0.0,1,0.0,2,At-Risk Customers
CUST109036,2000.92,1,2000.92,3.0,0.0,3.38,222,2553.95,1,0.0,0,Potential Customers
CUST109037,0.0,0,0.0,2.0,0.0,5.15,400,0.0,1,0.0,2,At-Risk Customers
CUST109038,0.0,0,0.0,1.0,0.0,1.55,400,0.0,1,1.0,2,At-Risk Customers
CUST109039,1422.61,1,1422.61,2.0,0.0,3.53,188,2255.67,1,0.0,0,Potential Customers
CUST109040,1516.46,1,1516.46,6.0,0.0,15.98,4,2568.31,1,0.0,0,Potential Customers
CUST109041,0.0,0,0.0,1.0,0.0,3.22,400,8.44,1,0.0,2,At-Risk Customers
CUST109042,3770.26,2,1885.13,2.0,0.0,4.01,27,4572.17,1,0.0,0,Potential Customers
CUST109043,2612.83,1,2612.83,2.0,0.0,3.52,352,2980.71,1,0.0,0,Potential Customers
CUST109044,0.0,0,0.0,5.0,0.0,11.61,400,13.65,1,0.0,2,At-Risk Customers
CUST109045,346.91,1,346.91,1.0,0.0,1.77,86,825.59,1,0.0,0,Potential Customers
CUST109046,3245.68,1,3245.68,1.0,0.0,6.5,359,4019.52,1,1.0,0,Potential Customers
CUST109047,906.26,1,906.26,4.0,0.0,3.07,250,1757.12,1,0.0,0,Potential Customers
CUST109048,0.0,0,0.0,0.0,0.0,2.57,400,26.45,1,1.0,2,At-Risk Customers
CUST109049,2445.32,1,2445.32,2.0,0.0,1.25,67,3081.92,1,0.0,0,Potential Customers
CUST109050,0.0,0,0.0,4.0,0.0,13.47,400,0.0,1,0.0,2,At-Risk Customers
CUST109051,876.14,2,438.07,5.0,0.0,6.73,118,1442.51,1,0.0,0,Potential Customers
CUST109052,0.0,0,0.0,1.0,0.0,1.6,400,0.0,1,0.0,2,At-Risk Customers
CUST109053,3154.93,4,788.7325,3.0,0.0,1.68,313,4327.17,1,0.0,0,Potential Customers
CUST109054,0.0,0,0.0,1.0,0.0,2.58,400,262.4,1,0.0,2,At-Risk Customers
CUST109055,0.0,0,0.0,4.0,0.0,5.75,400,151.84,1,0.0,2,At-Risk Customers
CUST109056,3127.57,1,3127.57,0.0,0.0,3.71,341,3679.32,1,1.0,0,Potential Customers
CUST109057,3500.34,2,1750.17,2.0,0.0,2.14,223,4460.7,1,0.0,0,Potential Customers
CUST109058,2524.72,1,2524.72,1.0,0.0,3.83,162,3276.55,1,0.0,0,Potential Customers
CUST109059,0.0,0,0.0,4.0,2.0,9.85,400,0.0,1,1.0,1,Loyal Customers
CUST109060,0.0,0,0.0,2.0,0.0,6.15,400,140.56,1,0.0,2,At-Risk Customers
CUST109061,1364.43,2,682.215,3.0,0.0,1.15,20,1729.39,1,0.0,0,Potential Customers
CUST109062,7916.78,3,2638.9266666666667,1.0,0.0,1.94,174,10218.26,1,0.0,3,High Value Customers
CUST109063,2601.45,1,2601.45,2.0,0.0,3.7,143,3298.11,1,0.0,0,Potential Customers
CUST109064,0.0,0,0.0,3.0,3.0,4.45,400,65.97,1,1.0,1,Loyal Customers
CUST109065,1419.17,1,1419.17,1.0,0.0,10.14,196,1947.08,1,0.0,0,Potential Customers
CUST109066,10048.85,4,2512.2125,0.0,0.0,4.03,314,13008.96,1,0.0,3,High Value Customers
CUST109067,4751.35,3,1583.7833333333335,1.0,0.0,5.91,20,6182.86,1,0.0,3,High Value Customers
CUST109068,1693.73,1,1693.73,4.0,0.0,0.88,78,2381.8,1,0.0,0,Potential Customers
CUST109069,0.0,0,0.0,4.0,0.0,3.07,400,0.0,1,0.0,2,At-Risk Customers
CUST109070,1557.42,1,1557.42,5.0,0.0,6.61,358,2109.0,1,0.0,0,Potential Customers
CUST109071,0.0,0,0.0,2.0,0.0,15.21,400,164.78,1,1.0,2,At-Risk Customers
CUST109072,0.0,0,0.0,0.0,0.0,1.59,400,0.0,1,0.0,2,At-Risk Customers
CUST109073,2662.5,1,2662.5,2.0,0.0,3.6,352,2950.96,1,0.0,0,Potential Customers
CUST109074,2001.32,1,2001.32,1.0,0.0,1.18,359,2248.89,1,0.0,0,Potential Customers
CUST109075,1811.35,1,1811.35,4.0,0.0,3.52,283,2776.0,1,0.0,0,Potential Customers
CUST109076,940.92,2,470.46,1.0,0.0,8.41,302,1589.74,1,0.0,0,Potential Customers
CUST109077,570.76,2,285.38,2.0,0.0,7.74,284,1635.37,1,0.0,0,Potential Customers
CUST109078,2575.0,1,2575.0,6.0,2.0,3.92,151,3385.94,1,0.0,1,Loyal Customers
CUST109079,577.95,2,288.975,3.0,0.0,3.38,13,1059.44,1,0.0,0,Potential Customers
CUST109080,1648.5,1,1648.5,3.0,0.0,23.312000000000044,74,2120.98,1,0.0,0,Potential Customers
CUST109081,3164.93,3,1054.9766666666667,2.0,1.0,3.48,108,4677.05,1,1.0,0,Potential Customers
CUST109082,0.0,0,0.0,1.0,0.0,2.76,400,0.09,1,0.0,2,At-Risk Customers
CUST109083,1789.76,1,1789.76,1.0,0.0,2.73,42,2441.65,1,0.0,0,Potential Customers
CUST109084,0.0,0,0.0,2.0,0.0,1.45,400,0.65,1,0.0,2,At-Risk Customers
CUST109085,0.0,0,0.0,2.0,0.0,5.51,400,0.0,1,0.0,2,At-Risk Customers
CUST109086,6971.17,3,2323.7233333333334,1.0,0.0,6.38,278,10395.69,1,0.0,3,High Value Customers
CUST109087,4976.56,2,2488.28,2.0,0.0,6.23,177,7060.89,1,0.0,3,High Value Customers
CUST109088,2190.56,1,2190.56,3.0,0.0,6.97,127,2985.74,1,0.0,0,Potential Customers
CUST109089,10682.65,4,2670.6625,1.0,0.0,2.67,64,12970.57,1,0.0,3,High Value Customers
CUST109090,4035.33,2,2017.665,2.0,2.0,3.61,246,5827.79,1,0.0,1,Loyal Customers
CUST109091,1094.05,2,547.025,0.0,0.0,9.07,290,1994.91,1,0.0,0,Potential Customers
CUST109092,3469.02,2,1734.51,3.0,2.0,2.92,328,4645.48,1,0.0,1,Loyal Customers
CUST109093,4233.36,2,2116.68,1.0,0.0,2.73,202,5710.26,1,1.0,0,Potential Customers
CUST109094,2162.84,1,2162.84,0.0,0.0,8.13,282,2306.44,1,0.0,0,Potential Customers
CUST109095,3076.54,3,1025.5133333333333,2.0,0.0,2.32,337,3904.26,1,0.0,0,Potential Customers
CUST109096,2215.82,1,2215.82,5.0,0.0,1.82,225,2953.65,1,0.0,0,Potential Customers
CUST109097,1957.84,2,978.92,4.0,0.0,1.94,283,2851.5,1,0.0,0,Potential Customers
CUST109098,2553.56,1,2553.56,7.0,0.0,23.312000000000044,257,3791.8,1,1.0,0,Potential Customers
CUST109099,2561.18,1,2561.18,1.0,0.0,8.2,177,3363.13,1,0.0,0,Potential Customers
CUST109100,5225.32,2,2612.66,4.0,0.0,6.26,303,6670.16,1,0.0,3,High Value Customers
CUST109101,0.0,0,0.0,3.0,0.0,2.1,400,42.08,1,0.0,2,At-Risk Customers
CUST109102,612.68,1,612.68,1.0,0.0,5.74,41,1127.52,1,1.0,0,Potential Customers
CUST109103,6820.16,3,2273.3866666666668,2.0,0.0,13.27,340,8739.74,1,1.0,3,High Value Customers
CUST109104,2258.17,1,2258.17,3.0,0.0,5.22,236,2905.04,1,0.0,0,Potential Customers
CUST109105,0.0,0,0.0,3.0,0.0,1.87,400,80.29,1,0.0,2,At-Risk Customers
CUST109106,966.14,1,966.14,0.0,0.0,5.89,287,1402.2,1,0.0,0,Potential Customers
CUST109107,5611.57,2,2805.785,2.0,0.0,3.62,333,7366.69,1,0.0,3,High Value Customers
CUST109108,3026.77,1,3026.77,1.0,0.0,4.46,307,3509.7,1,0.0,0,Potential Customers
CUST109109,0.0,0,0.0,1.0,0.0,2.06,400,25.56,1,0.0,2,At-Risk Customers
CUST109110,1944.84,1,1944.84,1.0,0.0,2.38,285,2533.7,1,0.0,0,Potential Customers
CUST109111,3084.65,4,771.1625,0.0,0.0,2.91,198,4916.92,1,0.0,0,Potential Customers
CUST109112,4590.56,2,2295.28,2.0,0.0,2.35,320,6263.02,1,0.0,3,High Value Customers
CUST109113,1149.36,1,1149.36,1.0,0.0,3.89,103,1953.38,1,1.0,0,Potential Customers
CUST109114,11589.14840000001,3,3863.0494666666696,2.0,0.0,2.51,6,14725.84,1,0.0,3,High Value Customers
CUST109115,5746.8,2,2873.4,4.0,0.0,12.75,102,7396.62,1,1.0,3,High Value Customers
CUST109116,2544.92,2,1272.46,3.0,0.0,5.72,137,3961.73,1,1.0,0,Potential Customers
CUST109117,4444.23,2,2222.115,1.0,0.0,6.89,132,6658.5,1,0.0,3,High Value Customers
CUST109118,2048.39,2,1024.195,1.0,0.0,3.68,55,2696.67,1,0.0,0,Potential Customers
CUST109119,5508.42,3,1836.14,0.0,0.0,1.0,362,7736.95,1,0.0,3,High Value Customers
CUST109120,2764.17,1,2764.17,4.0,0.0,7.3,117,4013.27,1,0.0,0,Potential Customers
CUST109121,1839.68,1,1839.68,2.0,0.0,3.76,141,2275.96,1,0.0,0,Potential Customers
CUST109122,5020.54,3,1673.5133333333333,6.0,2.0,5.43,199,6182.43,1,0.0,1,Loyal Customers
CUST109123,0.0,0,0.0,2.0,0.0,3.86,400,0.0,1,0.0,2,At-Risk Customers
CUST109124,4667.4,2,2333.7,2.0,0.0,0.85,77,6777.58,1,0.0,3,High Value Customers
CUST109125,790.79,1,790.79,2.0,0.0,3.0,73,1188.12,1,0.0,0,Potential Customers
CUST109126,1474.19,1,1474.19,1.0,0.0,2.27,72,2150.87,1,1.0,0,Potential Customers
CUST109127,1688.77,1,1688.77,2.0,0.0,4.69,236,2182.79,1,0.0,0,Potential Customers
CUST109128,0.0,0,0.0,5.0,2.0,5.59,400,0.0,1,1.0,1,Loyal Customers
CUST109129,6289.13,2,3144.565,4.0,0.0,18.33,223,9080.68,1,0.0,3,High Value Customers
CUST109130,1311.09,1,1311.09,6.0,0.0,5.62,100,2023.38,1,0.0,0,Potential Customers
CUST109131,1490.62,1,1490.62,0.0,0.0,2.74,42,1884.47,1,0.0,0,Potential Customers
CUST109132,0.0,0,0.0,0.0,0.0,3.02,400,28.8,1,0.0,2,At-Risk Customers
CUST109133,2104.96,1,2104.96,2.0,0.0,5.82,246,2994.44,1,0.0,0,Potential Customers
CUST109134,659.69,2,329.845,4.0,0.0,7.33,264,1373.53,1,1.0,0,Potential Customers
CUST109135,4765.55,3,1588.5166666666667,0.0,3.0,1.7,25,6428.61,1,0.0,1,Loyal Customers
CUST109136,4416.98,2,2208.49,4.0,0.0,3.41,119,5874.57,1,0.0,0,Potential Customers
CUST109137,4345.76,2,2172.88,5.0,0.0,3.64,294,5063.38,1,0.0,0,Potential Customers
CUST109138,2175.93,1,2175.93,1.0,0.0,1.31,24,3078.11,1,0.0,0,Potential Customers
CUST109139,0.0,0,0.0,1.0,0.0,6.71,400,21.52,1,0.0,2,At-Risk Customers
CUST109140,1410.11,1,1410.11,2.0,0.0,4.75,118,2190.28,1,0.0,0,Potential Customers
CUST109141,0.0,0,0.0,3.0,0.0,3.53,400,117.05,1,0.0,2,At-Risk Customers
CUST109142,7939.89,4,1984.9725,3.0,0.0,4.81,42,10845.83,1,0.0,3,High Value Customers
CUST109143,1889.65,1,1889.65,3.0,0.0,6.41,315,2321.99,1,0.0,0,Potential Customers
CUST109144,0.0,0,0.0,4.0,0.0,15.7,400,0.0,1,1.0,2,At-Risk Customers
CUST109145,4935.82,3,1645.2733333333333,2.0,0.0,6.41,147,6686.08,1,0.0,3,High Value Customers
CUST109146,677.41,2,338.705,0.0,0.0,1.82,36,1135.81,1,0.0,0,Potential Customers
CUST109147,2154.21,1,2154.21,5.0,0.0,23.312000000000044,107,2818.41,1,0.0,0,Potential Customers
CUST109148,1046.84,1,1046.84,1.0,0.0,1.85,337,1295.51,1,0.0,2,At-Risk Customers
CUST109149,0.0,0,0.0,5.0,0.0,5.33,400,0.0,1,0.0,2,At-Risk Customers
CUST109150,2271.11,1,2271.11,3.0,0.0,3.51,44,3030.7,1,1.0,0,Potential Customers
CUST109151,1936.06,1,1936.06,3.0,2.0,3.73,13,2924.83,1,0.0,1,Loyal Customers
CUST109152,0.0,0,0.0,2.0,0.0,5.29,400,44.62,1,0.0,2,At-Risk Customers
CUST109153,9877.08,3,3292.36,3.0,0.0,5.58,140,13284.89,1,0.0,3,High Value Customers
CUST109154,1120.52,3,373.50666666666666,3.0,0.0,10.66,180,1550.54,1,1.0,0,Potential Customers
CUST109155,4824.15,2,2412.075,2.0,0.0,2.56,64,5766.34,1,1.0,3,High Value Customers
CUST109156,3294.76,2,1647.38,3.0,0.0,5.36,214,4375.96,1,0.0,0,Potential Customers
CUST109157,1271.11,1,1271.11,2.0,0.0,6.21,97,1647.43,1,0.0,0,Potential Customers
CUST109158,11589.14840000001,5,2317.8296800000016,4.0,0.0,21.06,144,19488.34,1,0.0,3,High Value Customers
CUST109159,0.0,0,0.0,1.0,0.0,5.75,400,0.0,1,0.0,2,At-Risk Customers
CUST109160,4038.77,3,1346.2566666666667,1.0,0.0,1.81,304,6277.5,1,1.0,3,High Value Customers
CUST109161,4300.97,1,4300.97,5.0,2.0,10.61,136,4982.75,1,1.0,1,Loyal Customers
CUST109162,0.0,0,0.0,1.0,0.0,2.97,400,41.37,1,0.0,2,At-Risk Customers
CUST109163,0.0,0,0.0,2.0,0.0,2.22,400,0.23,1,0.0,2,At-Risk Customers
CUST109164,1303.8,1,1303.8,1.0,0.0,10.26,56,1778.48,1,1.0,0,Potential Customers
CUST109165,0.0,0,0.0,1.0,0.0,4.45,400,0.0,1,0.0,2,At-Risk Customers
CUST109166,899.65,1,899.65,2.0,0.0,3.53,35,1315.4,1,0.0,0,Potential Customers
CUST109167,932.56,2,466.28,2.0,0.0,13.2,298,1503.09,1,0.0,0,Potential Customers
CUST109168,9816.42,4,2454.105,1.0,0.0,2.83,45,12647.62,1,0.0,3,High Value Customers
CUST109169,0.0,0,0.0,1.0,0.0,2.82,400,33.94,1,0.0,2,At-Risk Customers
CUST109170,0.0,0,0.0,3.0,0.0,5.74,400,72.53,1,0.0,2,At-Risk Customers
CUST109171,0.0,0,0.0,1.0,0.0,0.84,400,0.0,1,0.0,2,At-Risk Customers
CUST109172,1445.3,1,1445.3,1.0,0.0,4.54,234,2107.41,1,0.0,0,Potential Customers
CUST109173,0.0,0,0.0,2.0,0.0,4.29,400,239.48,1,0.0,2,At-Risk Customers
CUST109174,0.0,0,0.0,2.0,0.0,2.23,400,66.27,1,0.0,2,At-Risk Customers
CUST109175,6311.81,6,1051.9683333333335,1.0,0.0,4.01,286,8506.66,1,0.0,3,High Value Customers
CUST109176,5328.13,2,2664.065,4.0,0.0,4.86,112,5911.96,1,0.0,3,High Value Customers
CUST109177,2643.04,2,1321.52,3.0,3.0,3.93,299,3499.49,1,1.0,1,Loyal Customers
CUST109178,11589.14840000001,4,2897.2871000000023,8.0,0.0,7.18,188,14976.38,1,0.0,3,High Value Customers
CUST109179,622.88,1,622.88,1.0,0.0,4.9,58,893.48,1,0.0,0,Potential Customers
CUST109180,2092.69,2,1046.345,3.0,0.0,3.6,164,3124.21,1,0.0,0,Potential Customers
CUST109181,2374.34,1,2374.34,5.0,0.0,6.63,285,3632.33,1,0.0,0,Potential Customers
CUST109182,1751.86,1,1751.86,2.0,0.0,4.89,323,2106.65,1,0.0,0,Potential Customers
CUST109183,2565.45,2,1282.725,3.0,3.0,23.312000000000044,213,3352.27,1,0.0,1,Loyal Customers
CUST109184,0.0,0,0.0,5.0,0.0,8.3,400,0.0,1,0.0,2,At-Risk Customers
CUST109185,1534.22,1,1534.22,4.0,0.0,2.8,29,1850.94,1,1.0,0,Potential Customers
CUST109186,653.31,2,326.655,2.0,0.0,1.22,345,1441.1,1,0.0,2,At-Risk Customers
CUST109187,310.07,1,310.07,2.0,0.0,2.52,87,554.1,1,1.0,0,Potential Customers
CUST109188,11589.14840000001,4,2897.2871000000023,1.0,0.0,0.97,23,22810.24,1,0.0,3,High Value Customers
CUST109189,5907.36,2,2953.68,1.0,0.0,6.46,59,8217.17,1,0.0,3,High Value Customers
CUST109190,5581.8,2,2790.9,2.0,0.0,3.31,344,7576.02,1,0.0,3,High Value Customers
CUST109191,1820.33,1,1820.33,1.0,0.0,2.37,150,2455.06,1,0.0,0,Potential Customers
CUST109192,5686.54,3,1895.5133333333333,1.0,0.0,6.16,15,7313.44,1,0.0,3,High Value Customers
CUST109193,0.0,0,0.0,1.0,0.0,3.13,400,180.46,1,0.0,2,At-Risk Customers
CUST109194,1008.6,1,1008.6,3.0,0.0,5.34,310,1554.52,1,0.0,0,Potential Customers
CUST109195,1375.64,1,1375.64,3.0,0.0,3.37,314,1745.54,1,0.0,0,Potential Customers
CUST109196,0.0,0,0.0,2.0,0.0,4.28,400,0.0,1,0.0,2,At-Risk Customers
CUST109197,2934.68,1,2934.68,5.0,0.0,10.01,165,3944.93,1,0.0,0,Potential Customers
CUST109198,2133.2,1,2133.2,2.0,3.0,7.69,245,2963.23,1,1.0,1,Loyal Customers
CUST109199,1481.16,1,1481.16,2.0,0.0,11.06,266,2013.8,1,0.0,0,Potential Customers
CUST109200,5446.21,2,2723.105,4.0,3.0,5.16,190,7812.26,1,0.0,1,Loyal Customers
CUST109201,0.0,0,0.0,1.0,0.0,1.14,400,99.76,1,0.0,2,At-Risk Customers
CUST109202,0.0,0,0.0,2.0,0.0,2.51,400,0.0,1,1.0,2,At-Risk Customers
CUST109203,0.0,0,0.0,5.0,0.0,1.31,400,251.36,1,0.0,2,At-Risk Customers
CUST109204,2341.06,1,2341.06,4.0,0.0,7.71,281,3326.89,1,0.0,0,Potential Customers
CUST109205,5302.51,3,1767.5033333333333,4.0,0.0,4.1,302,8242.38,1,1.0,3,High Value Customers
CUST109206,0.0,0,0.0,3.0,3.0,9.79,400,0.0,1,0.0,1,Loyal Customers
CUST109207,0.0,0,0.0,3.0,0.0,8.39,400,9.3,1,0.0,2,At-Risk Customers
CUST109208,3118.1,3,1039.3666666666666,1.0,0.0,3.71,246,4937.98,1,0.0,0,Potential Customers
CUST109209,938.16,2,469.08,2.0,0.0,13.76,63,1519.66,1,0.0,0,Potential Customers
CUST109210,0.0,0,0.0,3.0,0.0,7.94,400,16.22,1,0.0,2,At-Risk Customers
CUST109211,1543.95,1,1543.95,1.0,0.0,4.29,130,2019.96,1,1.0,0,Potential Customers
CUST109212,1136.74,1,1136.74,1.0,0.0,5.5,296,1589.68,1,0.0,0,Potential Customers
CUST109213,1638.67,1,1638.67,8.0,0.0,10.91,275,2476.78,1,0.0,0,Potential Customers
CUST109214,0.0,0,0.0,2.0,0.0,5.55,400,71.47,1,1.0,2,At-Risk Customers
CUST109215,0.0,0,0.0,2.0,0.0,2.54,400,170.74,1,0.0,2,At-Risk Customers
CUST109216,2642.77,1,2642.77,1.0,0.0,1.78,79,3747.69,1,0.0,0,Potential Customers
CUST109217,2771.6,1,2771.6,3.0,0.0,3.37,126,3774.59,1,0.0,0,Potential Customers
CUST109218,1353.59,1,1353.59,3.0,0.0,2.52,285,1985.06,1,0.0,0,Potential Customers
CUST109219,0.0,0,0.0,3.0,0.0,4.68,400,12.89,1,0.0,2,At-Risk Customers
CUST109220,659.04,2,329.52,3.0,0.0,2.83,228,1057.24,1,0.0,0,Potential Customers
CUST109221,1866.95,1,1866.95,3.0,0.0,3.1,119,2385.94,1,0.0,0,Potential Customers
CUST109222,2858.04,2,1429.02,3.0,0.0,9.48,176,3965.17,1,0.0,0,Potential Customers
CUST109223,499.77,1,499.77,3.0,0.0,12.93,23,849.39,1,0.0,0,Potential Customers
CUST109224,1361.86,1,1361.86,3.0,0.0,2.35,281,1963.09,1,0.0,0,Potential Customers
CUST109225,1362.33,1,1362.33,3.0,0.0,3.15,120,1931.02,1,0.0,0,Potential Customers
CUST109226,0.0,0,0.0,3.0,0.0,3.45,400,0.0,1,0.0,2,At-Risk Customers
CUST109227,0.0,0,0.0,1.0,0.0,5.05,400,117.07,1,0.0,2,At-Risk Customers
CUST109228,1576.46,1,1576.46,2.0,0.0,5.16,215,2003.76,1,0.0,0,Potential Customers
CUST109229,2067.81,2,1033.905,1.0,0.0,2.84,303,3111.53,1,1.0,0,Potential Customers
CUST109230,8895.06,3,2965.02,2.0,0.0,5.79,34,10468.64,1,1.0,3,High Value Customers
CUST109231,0.0,0,0.0,2.0,0.0,2.94,400,158.12,1,1.0,2,At-Risk Customers
CUST109232,3108.8,2,1554.4,2.0,0.0,3.12,364,4390.57,1,0.0,0,Potential Customers
CUST109233,1708.52,1,1708.52,2.0,0.0,2.15,39,2567.17,1,0.0,0,Potential Customers
CUST109234,0.0,0,0.0,3.0,0.0,8.37,400,0.0,1,0.0,2,At-Risk Customers
CUST109235,1037.36,2,518.68,3.0,0.0,7.66,240,1930.74,1,0.0,0,Potential Customers
CUST109236,0.0,0,0.0,2.0,0.0,5.17,400,5.25,1,0.0,2,At-Risk Customers
CUST109237,2595.96,1,2595.96,2.0,0.0,6.45,275,3312.06,1,0.0,0,Potential Customers
CUST109238,2505.16,1,2505.16,2.0,0.0,8.81,11,3621.29,1,0.0,0,Potential Customers
CUST109239,1712.67,1,1712.67,1.0,0.0,6.86,34,2491.93,1,1.0,0,Potential Customers
CUST109240,1785.27,1,1785.27,1.0,0.0,6.75,89,2381.57,1,0.0,0,Potential Customers
CUST109241,1499.85,1,1499.85,3.0,0.0,3.0,64,2199.47,1,0.0,0,Potential Customers
CUST109242,7466.6,3,2488.866666666667,1.0,0.0,1.42,152,8967.82,1,0.0,3,High Value Customers
CUST109243,1340.79,1,1340.79,0.0,0.0,2.33,64,1643.54,1,0.0,0,Potential Customers
CUST109244,0.0,0,0.0,4.0,0.0,18.85,400,0.0,1,0.0,2,At-Risk Customers
CUST109245,11589.14840000001,3,3863.0494666666696,2.0,0.0,3.43,81,14207.9,1,0.0,3,High Value Customers
CUST109246,0.0,0,0.0,2.0,0.0,12.43,400,0.0,1,1.0,2,At-Risk Customers
CUST109247,3285.19,2,1642.595,4.0,0.0,5.92,64,4487.13,1,0.0,0,Potential Customers
CUST109248,4295.4,2,2147.7,2.0,0.0,3.97,341,5510.78,1,0.0,0,Potential Customers
CUST109249,0.0,0,0.0,2.0,0.0,2.16,400,17.43,1,0.0,2,At-Risk Customers
CUST109250,0.0,0,0.0,1.0,0.0,2.48,400,23.35,1,0.0,2,At-Risk Customers
CUST109251,935.7,1,935.7,1.0,0.0,3.7,276,1221.5,1,0.0,0,Potential Customers
CUST109252,3165.64,1,3165.64,6.0,1.0,3.69,322,3940.45,1,0.0,0,Potential Customers
CUST109253,0.0,0,0.0,2.0,0.0,5.94,400,0.0,1,0.0,2,At-Risk Customers
CUST109254,5960.15,3,1986.7166666666665,1.0,0.0,2.52,169,7029.91,1,0.0,3,High Value Customers
CUST109255,0.0,0,0.0,2.0,0.0,2.59,400,0.0,1,0.0,2,At-Risk Customers
CUST109256,8766.53,3,2922.1766666666667,3.0,0.0,7.47,137,10761.77,1,1.0,3,High Value Customers
CUST109257,1263.31,1,1263.31,3.0,0.0,15.32,225,1404.65,1,0.0,0,Potential Customers
CUST109258,2857.01,3,952.3366666666667,1.0,0.0,4.31,292,4228.77,1,0.0,0,Potential Customers
CUST109259,2493.74,1,2493.74,5.0,0.0,5.53,159,3508.2,1,0.0,0,Potential Customers
CUST109260,0.0,0,0.0,2.0,0.0,3.66,400,122.0,1,0.0,2,At-Risk Customers
CUST109261,3542.05,2,1771.025,2.0,0.0,3.88,176,4632.48,1,1.0,0,Potential Customers
CUST109262,0.0,0,0.0,4.0,0.0,3.5,400,43.25,1,1.0,2,At-Risk Customers
CUST109263,2249.67,1,2249.67,1.0,0.0,3.17,287,2603.71,1,0.0,0,Potential Customers
CUST109264,4951.4,3,1650.4666666666665,2.0,0.0,5.98,44,7344.73,1,0.0,3,High Value Customers
CUST109265,539.03,2,269.515,3.0,2.0,6.25,74,1199.2,1,1.0,1,Loyal Customers
CUST109266,2202.34,3,734.1133333333333,3.0,0.0,3.42,207,2737.78,1,0.0,0,Potential Customers
CUST109267,0.0,0,0.0,2.0,0.0,2.71,400,0.0,1,0.0,2,At-Risk Customers
CUST109268,2343.5,1,2343.5,0.0,0.0,2.9,93,3056.25,1,0.0,0,Potential Customers
CUST109269,2568.04,1,2568.04,2.0,0.0,6.4,358,3477.3,1,0.0,0,Potential Customers
CUST109270,0.0,0,0.0,2.0,0.0,2.31,400,0.0,1,0.0,2,At-Risk Customers
CUST109271,1959.32,4,489.83,1.0,0.0,1.99,320,3636.89,1,0.0,0,Potential Customers
CUST109272,2388.82,1,2388.82,2.0,0.0,4.94,33,3362.21,1,0.0,0,Potential Customers
CUST109273,0.0,0,0.0,3.0,0.0,3.87,400,0.0,1,0.0,2,At-Risk Customers
CUST109274,5147.18,2,2573.59,1.0,0.0,3.68,138,7164.45,1,0.0,3,High Value Customers
CUST109275,2569.09,1,2569.09,3.0,2.0,7.27,149,2998.64,1,1.0,1,Loyal Customers
CUST109276,888.11,1,888.11,0.0,0.0,3.91,207,1327.21,1,0.0,0,Potential Customers
CUST109277,0.0,0,0.0,1.0,0.0,2.56,400,73.8,1,0.0,2,At-Risk Customers
CUST109278,6389.81,2,3194.905,4.0,0.0,4.57,339,8376.64,1,0.0,3,High Value Customers
CUST109279,1109.8,1,1109.8,2.0,0.0,2.57,357,1564.79,1,0.0,2,At-Risk Customers
CUST109280,0.0,0,0.0,2.0,0.0,7.54,400,0.0,1,0.0,2,At-Risk Customers
CUST109281,0.0,0,0.0,2.0,0.0,4.12,400,13.92,1,0.0,2,At-Risk Customers
CUST109282,1167.15,1,1167.15,1.0,0.0,1.97,18,1528.51,1,0.0,0,Potential Customers
CUST109283,1433.81,2,716.905,2.0,0.0,4.52,146,2230.01,1,0.0,0,Potential Customers
CUST109284,2209.46,3,736.4866666666667,3.0,0.0,2.32,258,3541.78,1,0.0,0,Potential Customers
CUST109285,0.0,0,0.0,1.0,0.0,8.32,400,0.0,1,0.0,2,At-Risk Customers
CUST109286,7236.02,3,2412.0066666666667,4.0,0.0,3.78,213,9662.96,1,1.0,3,High Value Customers
CUST109287,2916.46,1,2916.46,3.0,0.0,6.3,81,3775.24,1,0.0,0,Potential Customers
CUST109288,0.0,0,0.0,3.0,0.0,2.63,400,35.6,1,0.0,2,At-Risk Customers
CUST109289,1538.13,1,1538.13,4.0,0.0,3.54,263,2050.98,1,0.0,0,Potential Customers
CUST109290,2776.21,2,1388.105,2.0,0.0,5.42,75,4426.53,1,0.0,0,Potential Customers
CUST109291,2589.38,1,2589.38,1.0,0.0,3.63,150,3492.6,1,0.0,0,Potential Customers
CUST109292,0.0,0,0.0,3.0,0.0,2.17,400,0.0,1,0.0,2,At-Risk Customers
CUST109293,2190.65,1,2190.65,3.0,0.0,6.7,22,3434.25,1,0.0,0,Potential Customers
CUST109294,1684.59,1,1684.59,2.0,0.0,4.94,209,2186.35,1,0.0,0,Potential Customers
CUST109295,9843.63,5,1968.7259999999999,2.0,0.0,1.91,273,14881.05,1,0.0,3,High Value Customers
CUST109296,4099.09,2,2049.545,0.0,0.0,3.15,79,5584.97,1,1.0,0,Potential Customers
CUST109297,2114.13,3,704.71,0.0,0.0,2.28,146,3450.23,1,0.0,0,Potential Customers
CUST109298,1616.43,1,1616.43,4.0,0.0,2.89,73,2234.32,1,0.0,0,Potential Customers
CUST109299,972.49,3,324.16333333333336,3.0,0.0,2.96,353,1981.18,1,0.0,0,Potential Customers
CUST109300,0.0,0,0.0,2.0,0.0,3.43,400,12.33,1,0.0,2,At-Risk Customers
CUST109301,0.0,0,0.0,0.0,0.0,1.5,400,102.35,1,0.0,2,At-Risk Customers
CUST109302,2273.52,2,1136.76,5.0,1.0,3.03,134,3476.92,1,0.0,0,Potential Customers
CUST109303,5809.19,4,1452.2975,1.0,0.0,7.96,289,8453.53,1,0.0,3,High Value Customers
CUST109304,0.0,0,0.0,2.0,0.0,13.56,400,140.84,1,0.0,2,At-Risk Customers
CUST109305,1124.78,1,1124.78,4.0,0.0,1.83,63,1876.63,1,0.0,0,Potential Customers
CUST109306,3616.27,2,1808.135,2.0,0.0,8.63,291,5093.61,1,0.0,0,Potential Customers
CUST109307,0.0,0,0.0,4.0,0.0,19.4,400,93.05,1,0.0,2,At-Risk Customers
CUST109308,0.0,0,0.0,5.0,0.0,3.53,400,0.0,1,0.0,2,At-Risk Customers
CUST109309,2621.12,1,2621.12,3.0,0.0,5.8,295,3489.29,1,0.0,0,Potential Customers
CUST109310,0.0,0,0.0,1.0,0.0,8.25,400,82.75,1,0.0,2,At-Risk Customers
CUST109311,0.0,0,0.0,1.0,0.0,2.99,400,133.17,1,0.0,2,At-Risk Customers
CUST109312,2349.77,1,2349.77,1.0,0.0,7.89,4,3448.64,1,0.0,0,Potential Customers
CUST109313,4072.47,2,2036.235,1.0,0.0,3.55,87,4621.34,1,0.0,0,Potential Customers
CUST109314,0.0,0,0.0,2.0,0.0,7.93,400,0.0,1,1.0,2,At-Risk Customers
CUST109315,846.51,1,846.51,5.0,0.0,11.73,23,1345.0,1,0.0,0,Potential Customers
CUST109316,0.0,0,0.0,4.0,3.0,9.79,400,79.89,1,0.0,1,Loyal Customers
CUST109317,1530.18,1,1530.18,4.0,0.0,3.26,247,2340.57,1,0.0,0,Potential Customers
CUST109318,5470.96,2,2735.48,2.0,0.0,6.17,292,7580.55,1,0.0,3,High Value Customers
CUST109319,1534.35,1,1534.35,3.0,0.0,2.92,80,1972.94,1,0.0,0,Potential Customers
CUST109320,274.47,1,274.47,2.0,0.0,1.83,108,555.82,1,0.0,0,Potential Customers
CUST109321,0.0,0,0.0,3.0,0.0,3.47,400,0.0,1,0.0,2,At-Risk Customers
CUST109322,2740.11,2,1370.055,2.0,0.0,7.19,57,4000.33,1,1.0,0,Potential Customers
CUST109323,926.35,1,926.35,3.0,0.0,3.35,53,1615.2,1,0.0,0,Potential Customers
CUST109324,6819.54,3,2273.18,5.0,0.0,11.24,50,9955.25,1,0.0,3,High Value Customers
CUST109325,4543.65,2,2271.825,4.0,0.0,4.28,178,6640.99,1,0.0,3,High Value Customers
CUST109326,2131.01,1,2131.01,1.0,0.0,1.92,113,2892.15,1,0.0,0,Potential Customers
CUST109327,2722.94,2,1361.47,3.0,0.0,3.35,289,4436.17,1,1.0,0,Potential Customers
CUST109328,2094.21,2,1047.105,1.0,0.0,2.59,298,2889.11,1,0.0,0,Potential Customers
CUST109329,0.0,0,0.0,2.0,0.0,10.2,400,0.0,1,0.0,2,At-Risk Customers
CUST109330,0.0,0,0.0,2.0,0.0,5.78,400,0.0,1,0.0,2,At-Risk Customers
CUST109331,11229.21,4,2807.3025,1.0,0.0,3.88,32,13805.76,1,0.0,3,High Value Customers
CUST109332,4594.54,2,2297.27,3.0,0.0,6.83,315,5725.5,1,0.0,0,Potential Customers
CUST109333,0.0,0,0.0,2.0,0.0,2.36,400,0.0,1,0.0,2,At-Risk Customers
CUST109334,1541.24,1,1541.24,2.0,0.0,1.83,285,2084.03,1,0.0,0,Potential Customers
CUST109335,0.0,0,0.0,2.0,0.0,1.68,400,144.35,1,1.0,2,At-Risk Customers
CUST109336,1976.08,1,1976.08,1.0,0.0,1.13,295,2513.01,1,0.0,0,Potential Customers
CUST109337,3469.52,2,1734.76,0.0,0.0,1.93,23,4591.36,1,0.0,0,Potential Customers
CUST109338,2532.44,1,2532.44,1.0,0.0,6.02,349,3304.84,1,0.0,0,Potential Customers
CUST109339,2441.52,1,2441.52,5.0,3.0,6.76,203,3305.01,1,0.0,1,Loyal Customers
CUST109340,1626.79,1,1626.79,4.0,0.0,2.21,182,2275.25,1,0.0,0,Potential Customers
CUST109341,2381.34,2,1190.67,0.0,0.0,0.99,55,3250.24,1,0.0,0,Potential Customers
CUST109342,314.54,1,314.54,2.0,0.0,3.05,13,821.07,1,0.0,0,Potential Customers
CUST109343,6810.7,3,2270.233333333333,2.0,2.0,5.75,174,9770.01,1,1.0,1,Loyal Customers
CUST109344,2961.02,3,987.0066666666667,2.0,0.0,7.27,14,4862.14,1,0.0,0,Potential Customers
CUST109345,1538.19,1,1538.19,2.0,0.0,4.81,301,2456.47,1,0.0,0,Potential Customers
CUST109346,3055.35,2,1527.675,1.0,0.0,2.0,158,3931.47,1,0.0,0,Potential Customers
CUST109347,0.0,0,0.0,4.0,0.0,6.75,400,0.0,1,0.0,2,At-Risk Customers
CUST109348,8971.52,3,2990.5066666666667,0.0,0.0,5.35,219,12589.33,1,0.0,3,High Value Customers
CUST109349,2860.39,1,2860.39,4.0,0.0,6.81,9,3383.26,1,0.0,0,Potential Customers
CUST109350,0.0,0,0.0,3.0,0.0,2.17,400,0.0,1,0.0,2,At-Risk Customers
CUST109351,640.66,1,640.66,3.0,0.0,5.81,274,1088.77,1,0.0,2,At-Risk Customers
CUST109352,0.0,0,0.0,3.0,0.0,7.45,400,0.0,1,0.0,2,At-Risk Customers
CUST109353,2281.3,1,2281.3,2.0,0.0,1.58,83,2633.95,1,0.0,0,Potential Customers
CUST109354,2502.82,2,1251.41,3.0,0.0,2.64,237,3504.29,1,1.0,0,Potential Customers
CUST109355,0.0,0,0.0,0.0,0.0,1.4,400,0.0,1,0.0,2,At-Risk Customers
CUST109356,1991.57,1,1991.57,4.0,0.0,2.3,288,2678.3,1,0.0,0,Potential Customers
CUST109357,0.0,0,0.0,4.0,0.0,3.77,400,156.78,1,0.0,2,At-Risk Customers
CUST109358,2133.58,2,1066.79,1.0,0.0,1.47,125,2672.86,1,0.0,0,Potential Customers
CUST109359,0.0,0,0.0,2.0,0.0,8.83,400,0.0,1,0.0,2,At-Risk Customers
CUST109360,0.0,0,0.0,2.0,0.0,8.92,400,0.0,1,0.0,2,At-Risk Customers
CUST109361,3131.44,3,1043.8133333333333,1.0,0.0,3.7,247,5015.06,1,0.0,0,Potential Customers
CUST109362,2105.94,1,2105.94,0.0,0.0,2.56,14,2904.0,1,1.0,0,Potential Customers
CUST109363,4486.72,2,2243.36,3.0,0.0,3.93,326,6040.76,1,0.0,3,High Value Customers
CUST109364,0.0,0,0.0,5.0,0.0,11.26,400,0.0,1,0.0,2,At-Risk Customers
CUST109365,0.0,0,0.0,3.0,0.0,6.28,400,166.6,1,0.0,2,At-Risk Customers
CUST109366,1158.76,2,579.38,0.0,0.0,1.15,77,1976.88,1,0.0,0,Potential Customers
CUST109367,0.0,0,0.0,2.0,0.0,0.84,400,17.88,1,0.0,2,At-Risk Customers
CUST109368,4708.28,3,1569.4266666666665,2.0,0.0,2.15,39,7077.63,1,0.0,3,High Value Customers
CUST109369,0.0,0,0.0,2.0,0.0,3.93,400,33.73,1,0.0,2,At-Risk Customers
CUST109370,0.0,0,0.0,2.0,0.0,1.23,400,0.0,1,0.0,2,At-Risk Customers
CUST109371,11529.29,4,2882.3225,1.0,0.0,3.51,69,13450.91,1,0.0,3,High Value Customers
CUST109372,5192.41,2,2596.205,1.0,0.0,1.25,171,6975.18,1,0.0,3,High Value Customers
CUST109373,2335.94,1,2335.94,1.0,0.0,4.08,166,3207.35,1,0.0,0,Potential Customers
CUST109374,0.0,0,0.0,3.0,3.0,4.72,400,0.0,1,0.0,1,Loyal Customers
CUST109375,7028.62,2,3514.31,4.0,1.0,13.37,235,9401.08,1,1.0,3,High Value Customers
CUST109376,2370.4,1,2370.4,1.0,0.0,3.7,289,2734.4,1,0.0,0,Potential Customers
CUST109377,626.24,1,626.24,2.0,0.0,3.16,174,1198.36,1,0.0,0,Potential Customers
CUST109378,5607.67,2,2803.835,2.0,0.0,10.31,188,6459.97,1,0.0,3,High Value Customers
CUST109379,3060.55,3,1020.1833333333334,2.0,0.0,6.41,6,4864.18,1,0.0,0,Potential Customers
CUST109380,267.68,1,267.68,4.0,0.0,4.18,171,745.66,1,0.0,0,Potential Customers
CUST109381,0.0,0,0.0,3.0,0.0,3.28,400,113.7,1,0.0,2,At-Risk Customers
CUST109382,3153.1,2,1576.55,5.0,0.0,13.34,83,3781.53,1,0.0,0,Potential Customers
CUST109383,770.85,1,770.85,0.0,0.0,2.43,316,1261.66,1,0.0,2,At-Risk Customers
CUST109384,0.0,0,0.0,2.0,0.0,1.44,400,57.15,1,0.0,2,At-Risk Customers
CUST109385,0.0,0,0.0,1.0,0.0,3.55,400,141.8,1,0.0,2,At-Risk Customers
CUST109386,1213.09,1,1213.09,0.0,0.0,3.25,360,1715.86,1,0.0,2,At-Risk Customers
CUST109387,299.74,1,299.74,3.0,0.0,9.43,287,476.14,1,0.0,2,At-Risk Customers
CUST109388,1131.83,1,1131.83,3.0,0.0,4.52,128,1712.73,1,0.0,0,Potential Customers
CUST109389,2461.22,1,2461.22,1.0,0.0,7.7,244,2805.62,1,0.0,0,Potential Customers
CUST109390,5043.42,2,2521.71,1.0,0.0,0.76,310,7250.61,1,0.0,3,High Value Customers
CUST109391,4155.57,1,4155.57,1.0,0.0,3.21,46,5053.63,1,0.0,0,Potential Customers
CUST109392,0.0,0,0.0,3.0,0.0,11.39,400,0.0,1,0.0,2,At-Risk Customers
CUST109393,5426.9,3,1808.9666666666665,2.0,0.0,1.91,193,6534.4,1,0.0,3,High Value Customers
CUST109394,3317.64,3,1105.8799999999999,4.0,0.0,3.34,295,4422.19,1,0.0,0,Potential Customers
CUST109395,1884.87,1,1884.87,3.0,0.0,7.3,90,2444.49,1,0.0,0,Potential Customers
CUST109396,974.65,3,324.8833333333333,2.0,0.0,2.85,16,1770.28,1,0.0,0,Potential Customers
CUST109397,4039.15,2,2019.575,6.0,0.0,7.01,77,5733.41,1,0.0,0,Potential Customers
CUST109398,1734.14,1,1734.14,4.0,0.0,2.66,71,2155.4,1,0.0,0,Potential Customers
CUST109399,1959.44,1,1959.44,0.0,0.0,3.95,317,2374.77,1,0.0,0,Potential Customers
CUST109400,0.0,0,0.0,3.0,0.0,6.49,400,3.51,1,0.0,2,At-Risk Customers
CUST109401,0.0,0,0.0,1.0,0.0,1.89,400,0.0,1,0.0,2,At-Risk Customers
CUST109402,318.66,1,318.66,1.0,0.0,2.29,311,700.5,1,1.0,2,At-Risk Customers
CUST109403,0.0,0,0.0,5.0,0.0,7.69,400,73.11,1,1.0,2,At-Risk Customers
CUST109404,10044.01,3,3348.0033333333336,3.0,0.0,2.34,84,12203.96,1,0.0,3,High Value Customers
CUST109405,0.0,0,0.0,1.0,0.0,4.43,400,36.64,1,0.0,2,At-Risk Customers
CUST109406,1552.85,1,1552.85,2.0,0.0,8.02,303,2194.72,1,0.0,0,Potential Customers
CUST109407,1498.26,1,1498.26,2.0,0.0,4.33,235,1944.47,1,0.0,0,Potential Customers
CUST109408,0.0,0,0.0,2.0,0.0,4.91,400,0.0,1,0.0,2,At-Risk Customers
CUST109409,1112.48,2,556.24,4.0,0.0,12.0,83,1792.0,1,0.0,0,Potential Customers
CUST109410,3119.67,2,1559.835,5.0,0.0,20.3,134,4680.68,1,0.0,0,Potential Customers
CUST109411,0.0,0,0.0,1.0,0.0,4.46,400,1.6,1,0.0,2,At-Risk Customers
CUST109412,6503.55,3,2167.85,4.0,0.0,3.01,158,7960.81,1,0.0,3,High Value Customers
CUST109413,1010.52,1,1010.52,2.0,0.0,7.27,219,1425.54,1,0.0,0,Potential Customers
CUST109414,2343.7,4,585.925,2.0,0.0,2.35,72,4081.95,1,0.0,0,Potential Customers
CUST109415,2174.3,1,2174.3,3.0,0.0,10.17,62,2777.95,1,0.0,0,Potential Customers
CUST109416,3860.37,2,1930.185,3.0,0.0,2.76,16,5482.07,1,0.0,0,Potential Customers
CUST109417,2545.57,1,2545.57,3.0,0.0,3.02,225,3900.88,1,0.0,0,Potential Customers
CUST109418,7418.29,3,2472.7633333333333,3.0,0.0,1.98,29,9685.63,1,0.0,3,High Value Customers
CUST109419,6936.89,2,3468.445,2.0,0.0,2.24,245,9454.2,1,0.0,3,High Value Customers
CUST109420,4597.91,3,1532.6366666666665,2.0,3.0,9.27,277,5665.26,1,1.0,1,Loyal Customers
CUST109421,1639.45,1,1639.45,1.0,0.0,5.15,271,2234.29,1,0.0,0,Potential Customers
CUST109422,1360.99,1,1360.99,5.0,0.0,3.91,10,1943.78,1,0.0,0,Potential Customers
CUST109423,3068.55,3,1022.85,4.0,0.0,17.03,192,4055.78,1,1.0,0,Potential Customers
CUST109424,8377.01,3,2792.3366666666666,4.0,2.0,4.41,47,11790.08,1,0.0,3,High Value Customers
CUST109425,5450.29,2,2725.145,3.0,0.0,4.01,307,6640.55,1,0.0,3,High Value Customers
CUST109426,0.0,0,0.0,6.0,0.0,1.86,400,0.0,1,0.0,2,At-Risk Customers
CUST109427,0.0,0,0.0,2.0,0.0,2.3,400,71.56,1,0.0,2,At-Risk Customers
CUST109428,4246.1,3,1415.3666666666668,2.0,0.0,2.11,257,5603.73,1,0.0,3,High Value Customers
CUST109429,2003.15,2,1001.575,3.0,0.0,2.51,17,2781.86,1,0.0,0,Potential Customers
CUST109430,9582.69,3,3194.23,2.0,0.0,2.92,15,10917.46,1,0.0,3,High Value Customers
CUST109431,2450.37,1,2450.37,0.0,0.0,3.32,310,3589.19,1,1.0,0,Potential Customers
CUST109432,6013.97,2,3006.985,2.0,0.0,6.62,186,7958.81,1,0.0,3,High Value Customers
CUST109433,1671.45,1,1671.45,1.0,0.0,3.98,360,2296.46,1,0.0,0,Potential Customers
CUST109434,5391.63,3,1797.21,3.0,0.0,14.18,186,6596.25,1,0.0,3,High Value Customers
CUST109435,2413.51,1,2413.51,3.0,0.0,6.3,140,2810.32,1,0.0,0,Potential Customers
CUST109436,3321.65,2,1660.825,0.0,0.0,2.47,315,5066.12,1,0.0,0,Potential Customers
CUST109437,1882.26,1,1882.26,4.0,0.0,5.57,10,2694.05,1,0.0,0,Potential Customers
CUST109438,3791.66,1,3791.66,4.0,0.0,4.51,199,5068.36,1,0.0,0,Potential Customers
CUST109439,0.0,0,0.0,2.0,0.0,4.02,400,59.02,1,0.0,2,At-Risk Customers
CUST109440,359.62,1,359.62,2.0,0.0,7.21,255,893.04,1,0.0,2,At-Risk Customers
CUST109441,0.0,0,0.0,4.0,0.0,4.25,400,101.29,1,0.0,2,At-Risk Customers
CUST109442,3331.01,2,1665.505,3.0,0.0,13.79,359,4448.7,1,0.0,0,Potential Customers
CUST109443,5604.14,3,1868.0466666666669,3.0,0.0,5.99,114,7362.68,1,0.0,3,High Value Customers
CUST109444,0.0,0,0.0,2.0,0.0,6.18,400,0.0,1,0.0,2,At-Risk Customers
CUST109445,2450.15,1,2450.15,3.0,0.0,11.61,324,2937.13,1,0.0,0,Potential Customers
CUST109446,1675.75,2,837.875,5.0,0.0,7.39,261,2643.32,1,0.0,0,Potential Customers
CUST109447,1758.47,1,1758.47,2.0,0.0,4.72,86,2175.42,1,0.0,0,Potential Customers
CUST109448,1953.12,1,1953.12,0.0,0.0,3.84,293,2432.62,1,0.0,0,Potential Customers
CUST109449,4119.96,1,4119.96,1.0,0.0,0.99,304,5092.09,1,0.0,0,Potential Customers
CUST109450,2129.14,1,2129.14,1.0,0.0,1.11,128,2595.6,1,0.0,0,Potential Customers
CUST109451,906.29,1,906.29,2.0,0.0,3.74,28,1348.96,1,1.0,0,Potential Customers
CUST109452,1330.72,2,665.36,1.0,0.0,2.75,167,2293.68,1,1.0,0,Potential Customers
CUST109453,0.0,0,0.0,2.0,0.0,4.11,400,47.39,1,0.0,2,At-Risk Customers
CUST109454,0.0,0,0.0,2.0,0.0,8.26,400,0.0,1,0.0,2,At-Risk Customers
CUST109455,941.71,2,470.855,2.0,0.0,2.36,335,1397.82,1,0.0,2,At-Risk Customers
CUST109456,2107.27,1,2107.27,3.0,0.0,1.35,94,2846.55,1,1.0,0,Potential Customers
CUST109457,940.42,1,940.42,0.0,0.0,1.63,152,1534.38,1,1.0,0,Potential Customers
CUST109458,1540.97,1,1540.97,2.0,0.0,2.04,102,2198.18,1,0.0,0,Potential Customers
CUST109459,5644.68,2,2822.34,0.0,0.0,1.83,24,6823.47,1,0.0,3,High Value Customers
CUST109460,0.0,0,0.0,3.0,0.0,4.18,400,0.0,1,0.0,2,At-Risk Customers
CUST109461,3009.88,2,1504.94,1.0,0.0,11.91,115,4336.38,1,0.0,0,Potential Customers
CUST109462,4687.68,1,4687.68,3.0,0.0,4.02,252,5572.86,1,0.0,3,High Value Customers
CUST109463,3966.41,1,3966.41,2.0,0.0,6.57,183,4700.04,1,0.0,0,Potential Customers
CUST109464,3433.07,2,1716.535,3.0,0.0,4.73,337,4574.49,1,0.0,0,Potential Customers
CUST109465,5887.52,3,1962.506666666667,3.0,0.0,1.7,188,8356.03,1,0.0,3,High Value Customers
CUST109466,1567.45,1,1567.45,8.0,0.0,19.46,24,2483.08,1,0.0,0,Potential Customers
CUST109467,0.0,0,0.0,3.0,3.0,3.25,400,0.0,1,0.0,1,Loyal Customers
CUST109468,545.6,1,545.6,3.0,0.0,6.98,202,1003.84,1,0.0,0,Potential Customers
CUST109469,2381.69,1,2381.69,2.0,0.0,0.85,246,3524.59,1,0.0,0,Potential Customers
CUST109470,0.0,0,0.0,1.0,0.0,3.81,400,64.95,1,0.0,2,At-Risk Customers
CUST109471,2330.98,1,2330.98,7.0,0.0,3.6,13,3320.59,1,0.0,0,Potential Customers
CUST109472,1879.36,1,1879.36,2.0,0.0,3.36,25,2404.54,1,0.0,0,Potential Customers
CUST109473,692.6,1,692.6,3.0,0.0,1.52,276,1113.35,1,0.0,2,At-Risk Customers
CUST109474,6238.01,2,3119.005,3.0,0.0,4.66,3,8566.33,1,0.0,3,High Value Customers
CUST109475,2424.04,2,1212.02,3.0,0.0,9.52,119,2818.05,1,0.0,0,Potential Customers
CUST109476,0.0,0,0.0,3.0,0.0,17.63,400,0.0,1,0.0,2,At-Risk Customers
CUST109477,0.0,0,0.0,2.0,0.0,12.86,400,174.86,1,0.0,2,At-Risk Customers
CUST109478,655.08,1,655.08,4.0,0.0,9.83,204,1032.78,1,0.0,0,Potential Customers
CUST109479,0.0,0,0.0,4.0,2.0,13.41,400,121.36,1,1.0,1,Loyal Customers
CUST109480,0.0,0,0.0,6.0,0.0,14.56,400,0.0,1,0.0,2,At-Risk Customers
CUST109481,4206.83,2,2103.415,3.0,0.0,2.12,29,5520.65,1,0.0,0,Potential Customers
CUST109482,0.0,0,0.0,2.0,0.0,4.84,400,0.0,1,0.0,2,At-Risk Customers
CUST109483,0.0,0,0.0,0.0,0.0,1.66,400,0.0,1,0.0,2,At-Risk Customers
CUST109484,0.0,0,0.0,1.0,0.0,5.91,400,25.64,1,0.0,2,At-Risk Customers
CUST109485,0.0,0,0.0,1.0,0.0,3.41,400,0.0,1,0.0,2,At-Risk Customers
CUST109486,279.34,1,279.34,3.0,0.0,3.64,92,541.99,1,0.0,0,Potential Customers
CUST109487,1702.23,1,1702.23,1.0,0.0,4.02,34,2194.97,1,0.0,0,Potential Customers
CUST109488,742.72,1,742.72,1.0,3.0,0.76,124,872.82,1,1.0,1,Loyal Customers
CUST109489,1378.35,1,1378.35,3.0,0.0,1.07,79,1732.62,1,0.0,0,Potential Customers
CUST109490,1611.73,1,1611.73,3.0,0.0,7.38,233,2107.82,1,0.0,0,Potential Customers
CUST109491,1756.92,1,1756.92,1.0,0.0,2.53,316,2415.92,1,0.0,0,Potential Customers
CUST109492,0.0,0,0.0,2.0,0.0,8.3,400,224.21,1,0.0,2,At-Risk Customers
CUST109493,1559.6,1,1559.6,4.0,0.0,3.62,109,2310.58,1,0.0,0,Potential Customers
CUST109494,3227.5,2,1613.75,0.0,0.0,1.34,241,5067.0,1,0.0,0,Potential Customers
CUST109495,0.0,0,0.0,3.0,0.0,1.52,400,60.92,1,0.0,2,At-Risk Customers
CUST109496,0.0,0,0.0,3.0,2.0,2.53,400,0.0,1,0.0,1,Loyal Customers
CUST109497,2699.3,2,1349.65,7.0,0.0,2.12,130,3605.47,1,0.0,0,Potential Customers
CUST109498,0.0,0,0.0,8.0,2.0,3.81,400,0.0,1,0.0,1,Loyal Customers
CUST109499,308.75,1,308.75,4.0,0.0,4.84,329,787.55,1,1.0,2,At-Risk Customers
CUST109500,0.0,0,0.0,3.0,0.0,5.15,400,0.0,1,0.0,2,At-Risk Customers
CUST109501,0.0,0,0.0,2.0,0.0,4.76,400,0.0,1,0.0,2,At-Risk Customers
CUST109502,0.0,0,0.0,3.0,0.0,7.53,400,0.0,1,0.0,2,At-Risk Customers
CUST109503,6267.66,3,2089.22,1.0,3.0,8.18,7,8607.01,1,1.0,1,Loyal Customers
CUST109504,2389.41,1,2389.41,1.0,0.0,2.12,65,3495.21,1,0.0,0,Potential Customers
CUST109505,0.0,0,0.0,1.0,0.0,1.1,400,19.04,1,0.0,2,At-Risk Customers
CUST109506,5115.68,2,2557.84,2.0,0.0,2.52,37,6603.89,1,0.0,3,High Value Customers
CUST109507,1279.07,1,1279.07,3.0,0.0,4.3,213,2093.92,1,0.0,0,Potential Customers
CUST109508,1383.42,1,1383.42,0.0,0.0,2.81,164,1677.92,1,0.0,0,Potential Customers
CUST109509,0.0,0,0.0,5.0,0.0,6.32,400,93.46,1,0.0,2,At-Risk Customers
CUST109510,0.0,0,0.0,2.0,0.0,1.6,400,0.0,1,0.0,2,At-Risk Customers
CUST109511,2387.74,1,2387.74,4.0,0.0,12.26,288,3190.07,1,0.0,0,Potential Customers
CUST109512,2800.58,2,1400.29,4.0,1.0,7.02,213,4012.21,1,1.0,0,Potential Customers
CUST109513,0.0,0,0.0,4.0,0.0,3.1,400,0.0,1,0.0,2,At-Risk Customers
CUST109514,6358.3,3,2119.4333333333334,4.0,0.0,2.38,320,7250.07,1,0.0,3,High Value Customers
CUST109515,3470.16,2,1735.08,4.0,3.0,3.65,249,4870.88,1,1.0,1,Loyal Customers
CUST109516,0.0,0,0.0,2.0,0.0,9.06,400,13.43,1,0.0,2,At-Risk Customers
CUST109517,4881.81,2,2440.905,1.0,0.0,3.07,315,6605.26,1,0.0,3,High Value Customers
CUST109518,1811.53,1,1811.53,1.0,1.0,2.7,54,2686.09,1,0.0,0,Potential Customers
CUST109519,0.0,0,0.0,1.0,0.0,4.04,400,0.0,1,0.0,2,At-Risk Customers
CUST109520,2130.19,1,2130.19,0.0,0.0,1.68,216,2525.85,1,0.0,0,Potential Customers
CUST109521,0.0,0,0.0,5.0,0.0,8.61,400,0.0,1,0.0,2,At-Risk Customers
CUST109522,0.0,0,0.0,5.0,0.0,6.26,400,9.63,1,0.0,2,At-Risk Customers
CUST109523,1411.99,1,1411.99,2.0,0.0,7.64,361,1956.2,1,0.0,0,Potential Customers
CUST109524,570.59,2,285.295,1.0,0.0,10.7,350,1264.08,1,0.0,2,At-Risk Customers
CUST109525,330.33,1,330.33,2.0,0.0,2.33,79,718.86,1,0.0,0,Potential Customers
CUST109526,3968.44,2,1984.22,2.0,0.0,4.1,305,5232.89,1,0.0,0,Potential Customers
CUST109527,0.0,0,0.0,3.0,0.0,3.8,400,31.11,1,0.0,2,At-Risk Customers
CUST109528,2635.17,1,2635.17,4.0,0.0,12.29,333,3126.73,1,0.0,0,Potential Customers
CUST109529,2839.96,1,2839.96,2.0,0.0,3.03,152,3380.67,1,0.0,0,Potential Customers
CUST109530,1940.29,1,1940.29,3.0,0.0,1.16,96,2564.01,1,0.0,0,Potential Customers
CUST109531,0.0,0,0.0,7.0,0.0,2.94,400,90.24,1,0.0,2,At-Risk Customers
CUST109532,3285.63,2,1642.815,3.0,0.0,7.54,227,4138.63,1,0.0,0,Potential Customers
CUST109533,11589.14840000001,4,2897.2871000000023,0.0,0.0,5.89,212,15171.02,1,0.0,3,High Value Customers
CUST109534,0.0,0,0.0,6.0,1.0,3.8,400,0.0,1,0.0,2,At-Risk Customers
CUST109535,11589.14840000001,5,2317.8296800000016,3.0,0.0,3.11,240,18140.17,1,0.0,3,High Value Customers
CUST109536,0.0,0,0.0,0.0,0.0,5.15,400,152.42,1,0.0,2,At-Risk Customers
CUST109537,3402.95,2,1701.475,3.0,0.0,6.03,356,4849.37,1,1.0,0,Potential Customers
CUST109538,2354.13,1,2354.13,2.0,0.0,4.72,89,2918.27,1,0.0,0,Potential Customers
CUST109539,3566.82,2,1783.41,0.0,0.0,3.18,43,4830.02,1,0.0,0,Potential Customers
CUST109540,2448.38,1,2448.38,4.0,0.0,3.97,141,3346.72,1,1.0,0,Potential Customers
CUST109541,0.0,0,0.0,1.0,0.0,2.77,400,0.0,1,0.0,2,At-Risk Customers
CUST109542,822.88,1,822.88,2.0,0.0,8.36,56,948.21,1,0.0,0,Potential Customers
CUST109543,0.0,0,0.0,3.0,0.0,3.7,400,52.19,1,1.0,2,At-Risk Customers
CUST109544,3814.27,2,1907.135,0.0,0.0,4.02,1,5460.49,1,0.0,0,Potential Customers
CUST109545,2026.82,1,2026.82,9.0,0.0,19.72,225,2183.33,1,0.0,0,Potential Customers
CUST109546,1826.41,1,1826.41,1.0,0.0,2.44,66,2423.53,1,0.0,0,Potential Customers
CUST109547,0.0,0,0.0,1.0,0.0,2.17,400,0.0,1,0.0,2,At-Risk Customers
CUST109548,0.0,0,0.0,1.0,0.0,1.75,400,229.22,1,0.0,2,At-Risk Customers
CUST109549,3824.28,2,1912.14,2.0,0.0,2.51,188,5277.82,1,0.0,0,Potential Customers
CUST109550,0.0,0,0.0,3.0,1.0,6.84,400,0.0,1,0.0,2,At-Risk Customers
CUST109551,4961.44,3,1653.8133333333333,1.0,0.0,1.34,127,6223.27,1,0.0,3,High Value Customers
CUST109552,3165.66,2,1582.83,1.0,0.0,4.54,155,4258.36,1,0.0,0,Potential Customers
CUST109553,11589.14840000001,6,1931.5247333333348,5.0,0.0,2.7,19,22640.58,1,0.0,3,High Value Customers
CUST109554,6187.9,3,2062.633333333333,2.0,0.0,2.3,289,9173.45,1,0.0,3,High Value Customers
CUST109555,3356.58,2,1678.29,1.0,1.0,1.2,131,4452.47,1,0.0,0,Potential Customers
CUST109556,5539.69,3,1846.5633333333333,2.0,0.0,3.93,251,7567.84,1,1.0,3,High Value Customers
CUST109557,957.21,1,957.21,5.0,0.0,1.22,241,1158.7,1,0.0,0,Potential Customers
CUST109558,2132.83,2,1066.415,4.0,2.0,3.33,163,3130.17,1,1.0,1,Loyal Customers
CUST109559,0.0,0,0.0,3.0,0.0,5.15,400,63.31,1,0.0,2,At-Risk Customers
CUST109560,3540.49,2,1770.245,3.0,0.0,0.83,39,5232.52,1,0.0,0,Potential Customers
CUST109561,2344.27,1,2344.27,1.0,0.0,6.59,254,3032.72,1,0.0,0,Potential Customers
CUST109562,2129.12,1,2129.12,2.0,0.0,1.02,92,2701.27,1,0.0,0,Potential Customers
CUST109563,0.0,0,0.0,2.0,0.0,14.46,400,151.46,1,0.0,2,At-Risk Customers
CUST109564,8382.37,4,2095.5925,4.0,0.0,3.54,228,9798.06,1,1.0,3,High Value Customers
CUST109565,11427.27,6,1904.545,5.0,2.0,2.22,356,16626.45,1,1.0,3,High Value Customers
CUST109566,0.0,0,0.0,1.0,0.0,4.68,400,0.0,1,0.0,2,At-Risk Customers
CUST109567,2801.53,1,2801.53,0.0,0.0,2.16,213,3948.59,1,0.0,0,Potential Customers
CUST109568,2992.95,2,1496.475,3.0,0.0,0.76,206,4131.7,1,0.0,0,Potential Customers
CUST109569,0.0,0,0.0,3.0,0.0,9.0,400,162.02,1,0.0,2,At-Risk Customers
CUST109570,0.0,0,0.0,2.0,0.0,3.18,400,40.51,1,0.0,2,At-Risk Customers
CUST109571,3207.74,1,3207.74,4.0,0.0,4.28,309,4301.12,1,0.0,0,Potential Customers
CUST109572,0.0,0,0.0,0.0,0.0,3.61,400,0.0,1,0.0,2,At-Risk Customers
CUST109573,1364.82,1,1364.82,2.0,0.0,2.27,300,2143.21,1,0.0,0,Potential Customers
CUST109574,4579.69,2,2289.845,1.0,0.0,1.86,14,6098.65,1,0.0,3,High Value Customers
CUST109575,0.0,0,0.0,4.0,0.0,6.76,400,0.0,1,0.0,2,At-Risk Customers
CUST109576,1353.21,1,1353.21,3.0,0.0,5.8,65,1841.05,1,0.0,0,Potential Customers
CUST109577,4238.07,3,1412.6899999999998,4.0,0.0,3.93,187,5787.64,1,0.0,3,High Value Customers
CUST109578,0.0,0,0.0,2.0,0.0,8.29,400,117.0,1,0.0,2,At-Risk Customers
CUST109579,6946.77,3,2315.59,1.0,0.0,3.85,192,10100.87,1,0.0,3,High Value Customers
CUST109580,2218.06,1,2218.06,1.0,0.0,8.87,117,3058.99,1,0.0,0,Potential Customers
CUST109581,0.0,0,0.0,3.0,0.0,11.39,400,8.85,1,0.0,2,At-Risk Customers
CUST109582,0.0,0,0.0,3.0,0.0,8.65,400,123.89,1,0.0,2,At-Risk Customers
CUST109583,0.0,0,0.0,1.0,0.0,5.41,400,148.35,1,0.0,2,At-Risk Customers
CUST109584,0.0,0,0.0,1.0,0.0,2.0,400,6.6,1,0.0,2,At-Risk Customers
CUST109585,0.0,0,0.0,4.0,0.0,5.53,400,39.25,1,0.0,2,At-Risk Customers
CUST109586,4604.24,3,1534.7466666666667,1.0,0.0,2.91,189,5943.6,1,0.0,3,High Value Customers
CUST109587,316.04,1,316.04,2.0,0.0,6.71,191,751.48,1,0.0,0,Potential Customers
CUST109588,284.82,1,284.82,3.0,0.0,12.56,124,568.43,1,0.0,0,Potential Customers
CUST109589,3094.62,2,1547.31,2.0,0.0,3.81,263,4409.51,1,1.0,0,Potential Customers
CUST109590,0.0,0,0.0,2.0,0.0,4.02,400,0.0,1,0.0,2,At-Risk Customers
CUST109591,0.0,0,0.0,2.0,0.0,6.63,400,27.61,1,0.0,2,At-Risk Customers
CUST109592,0.0,0,0.0,1.0,0.0,4.03,400,0.0,1,0.0,2,At-Risk Customers
CUST109593,3480.77,1,3480.77,2.0,0.0,11.89,166,3708.58,1,0.0,0,Potential Customers
CUST109594,0.0,0,0.0,1.0,0.0,4.21,400,24.31,1,0.0,2,At-Risk Customers
CUST109595,0.0,0,0.0,2.0,0.0,3.86,400,0.0,1,0.0,2,At-Risk Customers
CUST109596,1487.04,1,1487.04,3.0,0.0,4.34,8,2271.94,1,0.0,0,Potential Customers
CUST109597,0.0,0,0.0,1.0,0.0,5.03,400,0.0,1,0.0,2,At-Risk Customers
CUST109598,0.0,0,0.0,2.0,0.0,1.01,400,49.7,1,0.0,2,At-Risk Customers
CUST109599,1006.08,1,1006.08,0.0,0.0,2.3,230,1659.59,1,0.0,0,Potential Customers
CUST109600,6248.31,3,2082.77,6.0,0.0,8.8,175,8743.16,1,0.0,3,High Value Customers
CUST109601,1562.09,1,1562.09,1.0,0.0,2.57,76,1959.15,1,0.0,0,Potential Customers
CUST109602,0.0,0,0.0,1.0,0.0,3.97,400,73.17,1,0.0,2,At-Risk Customers
CUST109603,3420.07,1,3420.07,0.0,0.0,3.45,32,4272.18,1,0.0,0,Potential Customers
CUST109604,2010.04,1,2010.04,3.0,0.0,2.51,204,2805.65,1,0.0,0,Potential Customers
CUST109605,1447.98,1,1447.98,2.0,0.0,3.62,233,2005.35,1,0.0,0,Potential Customers
CUST109606,2469.82,2,1234.91,1.0,0.0,1.98,166,3890.77,1,0.0,0,Potential Customers
CUST109607,2133.83,1,2133.83,2.0,0.0,1.44,287,2623.61,1,0.0,0,Potential Customers
CUST109608,2890.6,1,2890.6,1.0,0.0,4.68,12,3966.65,1,0.0,0,Potential Customers
CUST109609,3837.49,1,3837.49,4.0,0.0,12.53,213,4756.3,1,1.0,0,Potential Customers
CUST109610,0.0,0,0.0,5.0,0.0,6.84,400,56.86,1,0.0,2,At-Risk Customers
CUST109611,3624.84,3,1208.28,2.0,0.0,6.94,66,4525.55,1,0.0,0,Potential Customers
CUST109612,2927.44,1,2927.44,1.0,0.0,8.48,32,3906.75,1,0.0,0,Potential Customers
CUST109613,3851.67,2,1925.835,2.0,0.0,4.68,214,4547.39,1,0.0,0,Potential Customers
CUST109614,1027.39,1,1027.39,2.0,3.0,4.12,195,1365.89,1,0.0,1,Loyal Customers
CUST109615,582.5,2,291.25,2.0,0.0,2.22,280,1070.27,1,0.0,0,Potential Customers
CUST109616,1158.26,2,579.13,3.0,0.0,7.04,245,1883.45,1,0.0,0,Potential Customers
CUST109617,4263.89,3,1421.2966666666669,3.0,0.0,4.92,159,6466.09,1,0.0,3,High Value Customers
CUST109618,6404.39,2,3202.195,0.0,0.0,2.5,145,9190.61,1,0.0,3,High Value Customers
CUST109619,375.54,1,375.54,1.0,0.0,3.25,252,586.13,1,0.0,2,At-Risk Customers
CUST109620,0.0,0,0.0,2.0,0.0,1.84,400,59.86,1,1.0,2,At-Risk Customers
CUST109621,0.0,0,0.0,4.0,0.0,5.86,400,0.0,1,0.0,2,At-Risk Customers
CUST109622,5754.74,2,2877.37,3.0,0.0,11.96,215,6955.63,1,0.0,3,High Value Customers
CUST109623,684.64,1,684.64,4.0,1.0,1.84,309,616.53,1,1.0,2,At-Risk Customers
CUST109624,1216.33,1,1216.33,3.0,0.0,8.43,314,1803.4,1,0.0,0,Potential Customers
CUST109625,1919.18,1,1919.18,3.0,0.0,9.45,257,2410.12,1,0.0,0,Potential Customers
CUST109626,2441.51,1,2441.51,2.0,0.0,1.8,136,2999.66,1,0.0,0,Potential Customers
CUST109627,0.0,0,0.0,2.0,0.0,0.95,400,0.0,1,0.0,2,At-Risk Customers
CUST109628,1947.88,1,1947.88,1.0,0.0,4.24,215,2949.82,1,0.0,0,Potential Customers
CUST109629,7355.9,3,2451.9666666666667,2.0,0.0,3.59,18,10454.14,1,0.0,3,High Value Customers
CUST109630,668.46,2,334.23,1.0,0.0,3.48,318,1263.78,1,0.0,2,At-Risk Customers
CUST109631,3904.33,3,1301.4433333333334,6.0,0.0,8.92,1,5600.78,1,1.0,0,Potential Customers
CUST109632,2067.96,2,1033.98,0.0,0.0,3.17,150,3061.47,1,0.0,0,Potential Customers
CUST109633,1761.64,1,1761.64,6.0,0.0,22.05,203,2458.41,1,1.0,0,Potential Customers
CUST109634,0.0,0,0.0,1.0,0.0,1.38,400,458.99,1,0.0,2,At-Risk Customers
CUST109635,4171.66,3,1390.5533333333333,0.0,0.0,2.21,328,6275.36,1,0.0,3,High Value Customers
CUST109636,0.0,0,0.0,2.0,0.0,2.2,400,50.03,1,0.0,2,At-Risk Customers
CUST109637,1652.81,1,1652.81,1.0,0.0,3.56,176,2029.4,1,1.0,0,Potential Customers
CUST109638,2879.26,1,2879.26,5.0,0.0,10.96,81,3180.26,1,0.0,0,Potential Customers
CUST109639,0.0,0,0.0,2.0,0.0,1.86,400,59.85,1,0.0,2,At-Risk Customers
CUST109640,0.0,0,0.0,2.0,0.0,2.15,400,60.28,1,0.0,2,At-Risk Customers
CUST109641,0.0,0,0.0,2.0,0.0,2.6,400,53.15,1,0.0,2,At-Risk Customers
CUST109642,3910.96,2,1955.48,1.0,0.0,3.81,335,5000.3,1,0.0,0,Potential Customers
CUST109643,1665.89,1,1665.89,6.0,0.0,4.54,231,2648.81,1,1.0,0,Potential Customers
CUST109644,1860.65,1,1860.65,5.0,0.0,3.09,263,2655.19,1,0.0,0,Potential Customers
CUST109645,0.0,0,0.0,2.0,0.0,1.65,400,0.0,1,0.0,2,At-Risk Customers
CUST109646,912.37,1,912.37,7.0,0.0,3.79,238,1682.88,1,0.0,0,Potential Customers
CUST109647,5145.85,2,2572.925,3.0,0.0,11.06,202,7103.24,1,0.0,3,High Value Customers
CUST109648,3109.22,1,3109.22,3.0,0.0,7.7,58,3856.73,1,0.0,0,Potential Customers
CUST109649,0.0,0,0.0,2.0,0.0,2.95,400,0.0,1,0.0,2,At-Risk Customers
CUST109650,7890.63,3,2630.21,3.0,0.0,4.26,50,11122.97,1,1.0,3,High Value Customers
CUST109651,0.0,0,0.0,2.0,0.0,5.75,400,0.0,1,0.0,2,At-Risk Customers
CUST109652,0.0,0,0.0,3.0,0.0,7.53,400,40.47,1,0.0,2,At-Risk Customers
CUST109653,0.0,0,0.0,6.0,0.0,11.87,400,55.46,1,0.0,2,At-Risk Customers
CUST109654,1739.52,1,1739.52,3.0,0.0,4.89,299,2618.09,1,1.0,0,Potential Customers
CUST109655,1914.66,1,1914.66,2.0,0.0,1.78,45,2337.19,1,0.0,0,Potential Customers
CUST109656,0.0,0,0.0,1.0,0.0,1.39,400,0.0,1,0.0,2,At-Risk Customers
CUST109657,1586.15,1,1586.15,5.0,1.0,4.02,137,2016.83,1,1.0,0,Potential Customers
CUST109658,2475.53,1,2475.53,1.0,0.0,1.47,169,3129.39,1,0.0,0,Potential Customers
CUST109659,5570.66,2,2785.33,2.0,0.0,7.18,54,6887.23,1,0.0,3,High Value Customers
CUST109660,0.0,0,0.0,1.0,0.0,2.67,400,11.41,1,0.0,2,At-Risk Customers
CUST109661,1934.53,1,1934.53,3.0,0.0,1.73,295,2154.67,1,0.0,0,Potential Customers
CUST109662,0.0,0,0.0,1.0,0.0,5.81,400,0.0,1,0.0,2,At-Risk Customers
CUST109663,5404.25,2,2702.125,1.0,0.0,1.98,217,6510.78,1,0.0,3,High Value Customers
CUST109664,3274.05,2,1637.025,2.0,0.0,4.02,208,3994.29,1,0.0,0,Potential Customers
CUST109665,0.0,0,0.0,2.0,0.0,4.61,400,9.11,1,0.0,2,At-Risk Customers
CUST109666,0.0,0,0.0,3.0,0.0,1.07,400,104.67,1,0.0,2,At-Risk Customers
CUST109667,3184.48,1,3184.48,2.0,0.0,10.93,101,4540.8,1,0.0,0,Potential Customers
CUST109668,0.0,0,0.0,3.0,0.0,10.03,400,127.28,1,1.0,2,At-Risk Customers
CUST109669,993.23,1,993.23,4.0,0.0,7.89,337,1242.3,1,0.0,2,At-Risk Customers
CUST109670,7444.06,4,1861.015,5.0,0.0,8.01,213,10766.17,1,0.0,3,High Value Customers
CUST109671,980.65,1,980.65,2.0,0.0,2.43,184,1216.86,1,0.0,0,Potential Customers
CUST109672,0.0,0,0.0,4.0,0.0,9.13,400,0.0,1,0.0,2,At-Risk Customers
CUST109673,2221.27,2,1110.635,3.0,0.0,6.89,79,2810.34,1,0.0,0,Potential Customers
CUST109674,11589.14840000001,4,2897.2871000000023,3.0,0.0,0.94,187,15799.29,1,0.0,3,High Value Customers
CUST109675,7697.46,3,2565.82,2.0,0.0,2.06,232,9611.45,1,0.0,3,High Value Customers
CUST109676,0.0,0,0.0,5.0,0.0,4.02,400,0.0,1,0.0,2,At-Risk Customers
CUST109677,1667.09,1,1667.09,7.0,0.0,11.41,292,1999.19,1,0.0,0,Potential Customers
CUST109678,1017.12,2,508.56,1.0,0.0,2.06,259,1758.24,1,0.0,0,Potential Customers
CUST109679,1303.59,1,1303.59,2.0,0.0,2.69,327,1825.62,1,0.0,0,Potential Customers
CUST109680,3107.42,1,3107.42,1.0,0.0,1.65,51,3636.74,1,0.0,0,Potential Customers
CUST109681,401.58,1,401.58,1.0,0.0,2.9,362,933.83,1,0.0,2,At-Risk Customers
CUST109682,1610.61,2,805.305,2.0,0.0,8.37,3,2581.57,1,0.0,0,Potential Customers
CUST109683,1578.74,1,1578.74,2.0,0.0,1.5,305,2427.91,1,0.0,0,Potential Customers
CUST109684,1723.51,1,1723.51,0.0,0.0,5.64,34,1963.68,1,1.0,0,Potential Customers
CUST109685,0.0,0,0.0,2.0,0.0,2.19,400,227.88,1,1.0,2,At-Risk Customers
CUST109686,632.52,1,632.52,6.0,2.0,15.16,260,1118.49,1,0.0,1,Loyal Customers
CUST109687,295.43,1,295.43,2.0,0.0,4.39,339,785.91,1,0.0,2,At-Risk Customers
CUST109688,2539.26,1,2539.26,2.0,0.0,3.82,163,3000.75,1,0.0,0,Potential Customers
CUST109689,4459.67,2,2229.835,2.0,0.0,2.7,269,5942.89,1,0.0,0,Potential Customers
CUST109690,0.0,0,0.0,2.0,0.0,4.71,400,0.0,1,0.0,2,At-Risk Customers
CUST109691,3049.99,2,1524.995,1.0,0.0,1.45,193,3960.37,1,1.0,0,Potential Customers
CUST109692,1517.73,1,1517.73,2.0,0.0,4.34,267,2168.78,1,0.0,0,Potential Customers
CUST109693,1954.04,3,651.3466666666667,0.0,0.0,2.69,241,2938.82,1,0.0,0,Potential Customers
CUST109694,0.0,0,0.0,2.0,0.0,2.61,400,58.2,1,0.0,2,At-Risk Customers
CUST109695,0.0,0,0.0,3.0,0.0,17.15,400,0.88,1,0.0,2,At-Risk Customers
CUST109696,4120.69,3,1373.5633333333333,5.0,0.0,10.83,326,5975.52,1,0.0,3,High Value Customers
CUST109697,1418.42,1,1418.42,4.0,0.0,11.27,76,1839.25,1,0.0,0,Potential Customers
CUST109698,328.97,1,328.97,5.0,0.0,7.35,214,873.46,1,0.0,2,At-Risk Customers
CUST109699,2548.95,2,1274.475,1.0,0.0,5.4,290,3504.52,1,0.0,0,Potential Customers
CUST109700,1609.33,1,1609.33,4.0,0.0,11.33,215,2243.38,1,0.0,0,Potential Customers
CUST109701,314.03,1,314.03,2.0,1.0,5.1,96,825.19,1,0.0,0,Potential Customers
CUST109702,3111.14,1,3111.14,3.0,0.0,6.25,146,4044.91,1,0.0,0,Potential Customers
CUST109703,2384.41,1,2384.41,2.0,0.0,10.71,230,3071.68,1,0.0,0,Potential Customers
CUST109704,2805.15,1,2805.15,1.0,0.0,7.18,234,3815.95,1,1.0,0,Potential Customers
CUST109705,734.52,1,734.52,1.0,0.0,5.53,96,1061.22,1,0.0,0,Potential Customers
CUST109706,5585.18,2,2792.59,2.0,0.0,7.08,321,7473.77,1,0.0,3,High Value Customers
CUST109707,1171.35,1,1171.35,0.0,0.0,4.38,293,1960.22,1,0.0,0,Potential Customers
CUST109708,3208.96,1,3208.96,3.0,0.0,5.79,273,4124.27,1,0.0,0,Potential Customers
CUST109709,6990.83,4,1747.7075,2.0,0.0,6.19,53,9797.28,1,0.0,3,High Value Customers
CUST109710,2102.13,2,1051.065,2.0,0.0,1.71,55,3417.35,1,1.0,0,Potential Customers
CUST109711,1019.29,1,1019.29,3.0,0.0,2.42,330,1352.22,1,0.0,2,At-Risk Customers
CUST109712,0.0,0,0.0,2.0,0.0,6.75,400,0.0,1,0.0,2,At-Risk Customers
CUST109713,2393.71,1,2393.71,3.0,0.0,4.45,363,3161.73,1,0.0,0,Potential Customers
CUST109714,2038.66,3,679.5533333333334,2.0,0.0,4.01,73,3891.24,1,0.0,0,Potential Customers
CUST109715,3031.78,2,1515.89,0.0,0.0,4.98,22,3775.57,1,0.0,0,Potential Customers
CUST109716,1685.8,3,561.9333333333333,3.0,0.0,1.01,356,3055.82,1,0.0,0,Potential Customers
CUST109717,2349.38,1,2349.38,4.0,0.0,3.6,212,3169.22,1,0.0,0,Potential Customers
CUST109718,0.0,0,0.0,2.0,0.0,3.62,400,28.11,1,0.0,2,At-Risk Customers
CUST109719,1335.5,1,1335.5,4.0,0.0,4.6,55,1766.21,1,0.0,0,Potential Customers
CUST109720,0.0,0,0.0,5.0,0.0,7.38,400,0.0,1,0.0,2,At-Risk Customers
CUST109721,11589.14840000001,4,2897.2871000000023,3.0,0.0,3.14,280,18028.92,1,0.0,3,High Value Customers
CUST109722,992.69,2,496.345,3.0,0.0,10.39,246,1650.38,1,0.0,0,Potential Customers
CUST109723,1554.58,1,1554.58,1.0,0.0,2.05,109,1963.16,1,0.0,0,Potential Customers
CUST109724,4224.7,2,2112.35,4.0,0.0,6.59,173,5561.65,1,1.0,0,Potential Customers
CUST109725,6879.59,3,2293.1966666666667,0.0,0.0,2.82,341,9747.5,1,0.0,3,High Value Customers
CUST109726,0.0,0,0.0,2.0,0.0,9.18,400,172.96,1,0.0,2,At-Risk Customers
CUST109727,0.0,0,0.0,1.0,0.0,4.73,400,0.0,1,0.0,2,At-Risk Customers
CUST109728,0.0,0,0.0,2.0,0.0,1.74,400,0.0,1,0.0,2,At-Risk Customers
CUST109729,4702.95,2,2351.475,1.0,0.0,4.36,330,6107.44,1,1.0,3,High Value Customers
CUST109730,0.0,0,0.0,6.0,0.0,5.37,400,0.0,1,0.0,2,At-Risk Customers
CUST109731,2469.87,2,1234.935,1.0,0.0,4.75,76,3232.96,1,0.0,0,Potential Customers
CUST109732,1251.68,2,625.84,4.0,0.0,5.1,69,2128.24,1,0.0,0,Potential Customers
CUST109733,0.0,0,0.0,6.0,0.0,3.46,400,0.0,1,0.0,2,At-Risk Customers
CUST109734,1360.73,1,1360.73,1.0,0.0,2.74,67,1558.45,1,0.0,0,Potential Customers
CUST109735,1778.95,1,1778.95,1.0,0.0,1.28,264,2367.51,1,1.0,0,Potential Customers
CUST109736,9307.7,4,2326.925,1.0,0.0,6.1,130,12329.54,1,0.0,3,High Value Customers
CUST109737,3834.6,2,1917.3,3.0,0.0,5.79,189,4525.56,1,0.0,0,Potential Customers
CUST109738,0.0,0,0.0,3.0,0.0,15.44,400,0.0,1,0.0,2,At-Risk Customers
CUST109739,343.48,1,343.48,4.0,0.0,3.94,185,642.35,1,0.0,0,Potential Customers
CUST109740,0.0,0,0.0,0.0,0.0,4.92,400,0.0,1,0.0,2,At-Risk Customers
CUST109741,2745.51,1,2745.51,1.0,0.0,4.51,362,3470.64,1,0.0,0,Potential Customers
CUST109742,2280.92,1,2280.92,4.0,0.0,7.44,255,2670.83,1,0.0,0,Potential Customers
CUST109743,826.86,2,413.43,4.0,0.0,2.83,286,1625.57,1,0.0,0,Potential Customers
CUST109744,1465.95,1,1465.95,2.0,3.0,4.51,240,1974.82,1,0.0,1,Loyal Customers
CUST109745,5062.2,3,1687.3999999999999,2.0,0.0,4.13,295,7847.71,1,0.0,3,High Value Customers
CUST109746,4569.56,2,2284.78,4.0,0.0,6.82,209,6405.86,1,0.0,3,High Value Customers
CUST109747,0.0,0,0.0,5.0,0.0,19.21,400,0.0,1,0.0,2,At-Risk Customers
CUST109748,7279.85,2,3639.925,4.0,0.0,5.11,11,8023.67,1,0.0,3,High Value Customers
CUST109749,3563.97,2,1781.985,2.0,0.0,1.48,285,4162.71,1,0.0,0,Potential Customers
CUST109750,319.68,1,319.68,3.0,0.0,1.79,162,747.38,1,0.0,0,Potential Customers
CUST109751,0.0,0,0.0,2.0,0.0,8.49,400,0.0,1,0.0,2,At-Risk Customers
CUST109752,4869.48,2,2434.74,0.0,0.0,1.27,280,7240.87,1,0.0,3,High Value Customers
CUST109753,0.0,0,0.0,1.0,0.0,5.06,400,114.48,1,0.0,2,At-Risk Customers
CUST109754,3529.58,2,1764.79,3.0,0.0,2.43,359,4371.95,1,0.0,0,Potential Customers
CUST109755,6997.65,3,2332.5499999999997,4.0,2.0,23.312000000000044,249,9631.25,1,0.0,1,Loyal Customers
CUST109756,0.0,0,0.0,1.0,0.0,1.74,400,0.0,1,0.0,2,At-Risk Customers
CUST109757,2079.14,1,2079.14,0.0,0.0,2.55,221,2763.47,1,0.0,0,Potential Customers
CUST109758,0.0,0,0.0,3.0,0.0,7.01,400,183.46,1,0.0,2,At-Risk Customers
CUST109759,686.62,1,686.62,3.0,2.0,3.45,336,1160.05,1,1.0,1,Loyal Customers
CUST109760,0.0,0,0.0,3.0,0.0,2.45,400,64.74,1,0.0,2,At-Risk Customers
CUST109761,4953.4,5,990.68,2.0,0.0,2.06,100,7211.19,1,0.0,3,High Value Customers
CUST109762,8898.3,3,2966.1,0.0,0.0,2.56,154,10399.13,1,0.0,3,High Value Customers
CUST109763,1857.27,1,1857.27,3.0,0.0,2.15,188,2671.0,1,0.0,0,Potential Customers
CUST109764,2548.48,1,2548.48,1.0,0.0,4.02,60,3689.32,1,0.0,0,Potential Customers
CUST109765,0.0,0,0.0,4.0,0.0,15.6,400,97.08,1,1.0,2,At-Risk Customers
CUST109766,0.0,0,0.0,4.0,0.0,17.18,400,20.73,1,1.0,2,At-Risk Customers
CUST109767,2886.61,1,2886.61,4.0,0.0,16.97,285,3214.15,1,0.0,0,Potential Customers
CUST109768,591.1,1,591.1,1.0,0.0,3.7,21,1076.63,1,0.0,0,Potential Customers
CUST109769,0.0,0,0.0,2.0,0.0,6.69,400,0.0,1,0.0,2,At-Risk Customers
CUST109770,1184.87,1,1184.87,3.0,0.0,4.43,333,1819.18,1,0.0,0,Potential Customers
CUST109771,5313.39,3,1771.13,3.0,0.0,2.28,279,7998.31,1,1.0,3,High Value Customers
CUST109772,1079.86,1,1079.86,1.0,0.0,1.15,129,1588.0,1,0.0,0,Potential Customers
CUST109773,7538.27,3,2512.7566666666667,1.0,0.0,1.18,343,9672.52,1,1.0,3,High Value Customers
CUST109774,3866.2,2,1933.1,1.0,0.0,4.52,224,5266.96,1,0.0,0,Potential Customers
CUST109775,4198.14,2,2099.07,1.0,0.0,1.56,16,5677.86,1,1.0,0,Potential Customers
CUST109776,555.55,1,555.55,2.0,0.0,2.32,314,633.76,1,0.0,2,At-Risk Customers
CUST109777,4935.07,2,2467.535,2.0,0.0,5.25,44,6191.7,1,0.0,3,High Value Customers
CUST109778,828.36,1,828.36,1.0,0.0,0.79,16,1569.52,1,0.0,0,Potential Customers
CUST109779,6569.79,3,2189.93,2.0,0.0,4.02,348,9171.56,1,0.0,3,High Value Customers
CUST109780,3065.52,1,3065.52,1.0,0.0,4.21,50,3937.17,1,1.0,0,Potential Customers
CUST109781,2186.31,2,1093.155,1.0,3.0,3.12,149,3326.29,1,1.0,1,Loyal Customers
CUST109782,3332.3,2,1666.15,3.0,1.0,2.59,64,4066.74,1,1.0,0,Potential Customers
CUST109783,2777.81,2,1388.905,3.0,0.0,5.65,167,3836.8,1,0.0,0,Potential Customers
CUST109784,560.58,2,280.29,4.0,0.0,2.06,213,1359.75,1,0.0,0,Potential Customers
CUST109785,8151.46,3,2717.153333333333,2.0,0.0,10.22,264,12075.33,1,0.0,3,High Value Customers
CUST109786,4253.5,3,1417.8333333333333,1.0,0.0,7.44,91,6257.41,1,0.0,3,High Value Customers
CUST109787,1652.48,1,1652.48,2.0,0.0,2.44,248,1998.9,1,0.0,0,Potential Customers
CUST109788,5074.93,2,2537.465,5.0,0.0,3.53,215,6037.2,1,0.0,3,High Value Customers
CUST109789,3537.22,2,1768.61,3.0,0.0,9.48,140,4722.01,1,0.0,0,Potential Customers
CUST109790,0.0,0,0.0,4.0,0.0,5.39,400,0.0,1,0.0,2,At-Risk Customers
CUST109791,11589.14840000001,3,3863.0494666666696,1.0,0.0,3.46,209,15866.14,1,0.0,3,High Value Customers
CUST109792,5248.7,2,2624.35,1.0,0.0,2.41,91,6754.56,1,0.0,3,High Value Customers
CUST109793,2578.38,1,2578.38,1.0,0.0,3.75,86,3345.98,1,0.0,0,Potential Customers
CUST109794,3580.53,2,1790.265,1.0,0.0,3.04,68,4643.06,1,0.0,0,Potential Customers
CUST109795,0.0,0,0.0,3.0,0.0,5.03,400,0.0,1,0.0,2,At-Risk Customers
CUST109796,2698.34,1,2698.34,2.0,0.0,3.26,4,3467.9,1,0.0,0,Potential Customers
CUST109797,3377.09,2,1688.545,1.0,0.0,2.06,216,4857.33,1,0.0,0,Potential Customers
CUST109798,701.21,1,701.21,3.0,0.0,8.74,258,1060.64,1,0.0,0,Potential Customers
CUST109799,4197.12,2,2098.56,2.0,0.0,5.93,163,5102.19,1,0.0,0,Potential Customers
CUST109800,2747.31,1,2747.31,0.0,0.0,2.02,192,3295.15,1,0.0,0,Potential Customers
CUST109801,0.0,0,0.0,2.0,0.0,2.68,400,18.71,1,0.0,2,At-Risk Customers
CUST109802,0.0,0,0.0,3.0,0.0,6.67,400,0.0,1,0.0,2,At-Risk Customers
CUST109803,2028.89,2,1014.445,2.0,0.0,2.25,244,2850.6,1,0.0,0,Potential Customers
CUST109804,0.0,0,0.0,1.0,0.0,3.6,400,0.0,1,0.0,2,At-Risk Customers
CUST109805,0.0,0,0.0,1.0,0.0,3.31,400,40.66,1,0.0,2,At-Risk Customers
CUST109806,2886.72,2,1443.36,0.0,0.0,2.44,197,4132.57,1,0.0,0,Potential Customers
CUST109807,1706.02,1,1706.02,3.0,2.0,1.93,172,2025.04,1,0.0,1,Loyal Customers
CUST109808,4584.73,2,2292.365,1.0,0.0,3.9,332,5537.37,1,0.0,0,Potential Customers
CUST109809,2857.84,1,2857.84,3.0,0.0,2.11,280,3441.02,1,0.0,0,Potential Customers
CUST109810,4379.76,2,2189.88,0.0,0.0,2.67,202,5597.7,1,0.0,0,Potential Customers
CUST109811,0.0,0,0.0,2.0,0.0,7.35,400,0.0,1,0.0,2,At-Risk Customers
CUST109812,4020.89,3,1340.2966666666666,0.0,0.0,2.45,248,5861.08,1,0.0,3,High Value Customers
CUST109813,0.0,0,0.0,1.0,0.0,5.59,400,42.26,1,0.0,2,At-Risk Customers
CUST109814,1528.18,1,1528.18,1.0,0.0,7.93,324,2097.97,1,0.0,0,Potential Customers
CUST109815,5148.33,2,2574.165,2.0,2.0,3.76,249,7119.38,1,1.0,1,Loyal Customers
CUST109816,2585.45,1,2585.45,1.0,0.0,5.79,34,2967.92,1,0.0,0,Potential Customers
CUST109817,2296.64,1,2296.64,2.0,0.0,2.23,8,2648.16,1,0.0,0,Potential Customers
CUST109818,7477.71,2,3738.855,5.0,0.0,6.81,210,9323.46,1,0.0,3,High Value Customers
CUST109819,3367.58,1,3367.58,3.0,1.0,6.37,133,4570.5,1,0.0,0,Potential Customers
CUST109820,1957.6,1,1957.6,1.0,0.0,11.23,98,2475.54,1,1.0,0,Potential Customers
CUST109821,4320.06,2,2160.03,1.0,0.0,9.21,26,5637.84,1,0.0,0,Potential Customers
CUST109822,4282.6,2,2141.3,3.0,0.0,4.88,215,5313.06,1,0.0,0,Potential Customers
CUST109823,0.0,0,0.0,4.0,0.0,23.312000000000044,400,83.46,1,0.0,2,At-Risk Customers
CUST109824,1347.76,1,1347.76,2.0,0.0,7.53,218,1764.86,1,0.0,0,Potential Customers
CUST109825,0.0,0,0.0,2.0,0.0,9.89,400,61.16,1,0.0,2,At-Risk Customers
CUST109826,3824.22,3,1274.74,2.0,0.0,2.94,240,4923.95,1,0.0,0,Potential Customers
CUST109827,0.0,0,0.0,4.0,0.0,3.13,400,0.0,1,0.0,2,At-Risk Customers
CUST109828,3112.07,1,3112.07,2.0,0.0,4.27,120,4016.79,1,1.0,0,Potential Customers
CUST109829,1385.96,1,1385.96,2.0,0.0,2.01,340,1993.88,1,0.0,0,Potential Customers
CUST109830,2127.9,1,2127.9,3.0,0.0,4.16,100,3000.25,1,0.0,0,Potential Customers
CUST109831,0.0,0,0.0,2.0,0.0,3.95,400,0.0,1,0.0,2,At-Risk Customers
CUST109832,3669.59,2,1834.795,3.0,0.0,8.72,152,5310.02,1,0.0,0,Potential Customers
CUST109833,0.0,0,0.0,3.0,0.0,9.18,400,0.0,1,0.0,2,At-Risk Customers
CUST109834,5860.98,2,2930.49,3.0,0.0,4.41,19,7615.76,1,1.0,3,High Value Customers
CUST109835,2835.55,2,1417.775,3.0,0.0,3.12,53,3706.95,1,0.0,0,Potential Customers
CUST109836,7894.15,2,3947.075,4.0,3.0,14.2,12,9271.12,1,0.0,1,Loyal Customers
CUST109837,7015.99,2,3507.995,2.0,0.0,1.4,225,8576.8,1,0.0,3,High Value Customers
CUST109838,0.0,0,0.0,0.0,0.0,1.37,400,0.0,1,0.0,2,At-Risk Customers
CUST109839,2242.22,2,1121.11,6.0,3.0,5.68,134,3153.74,1,0.0,1,Loyal Customers
CUST109840,0.0,0,0.0,1.0,0.0,3.86,400,0.0,1,0.0,2,At-Risk Customers
CUST109841,2082.89,2,1041.445,2.0,0.0,3.27,358,3233.63,1,0.0,0,Potential Customers
CUST109842,0.0,0,0.0,2.0,0.0,1.13,400,220.63,1,0.0,2,At-Risk Customers
CUST109843,1601.72,2,800.86,1.0,0.0,2.19,178,2402.92,1,0.0,0,Potential Customers
CUST109844,2816.59,2,1408.295,3.0,0.0,11.41,73,3912.05,1,1.0,0,Potential Customers
CUST109845,0.0,0,0.0,3.0,0.0,10.13,400,0.0,1,0.0,2,At-Risk Customers
CUST109846,0.0,0,0.0,1.0,0.0,7.05,400,0.0,1,0.0,2,At-Risk Customers
CUST109847,5825.98,2,2912.99,0.0,0.0,2.29,158,8212.03,1,0.0,3,High Value Customers
CUST109848,1701.58,1,1701.58,3.0,0.0,3.21,98,2236.96,1,0.0,0,Potential Customers
CUST109849,1656.57,1,1656.57,5.0,0.0,3.06,345,2445.89,1,0.0,0,Potential Customers
CUST109850,1989.88,2,994.94,2.0,0.0,2.52,170,3244.04,1,0.0,0,Potential Customers
CUST109851,4488.42,2,2244.21,3.0,0.0,2.77,362,6367.54,1,0.0,3,High Value Customers
CUST109852,1284.81,2,642.405,3.0,0.0,3.78,283,2236.5,1,1.0,0,Potential Customers
CUST109853,6028.25,4,1507.0625,4.0,0.0,1.44,171,7871.51,1,0.0,3,High Value Customers
CUST109854,1293.26,1,1293.26,1.0,0.0,9.27,85,1921.06,1,0.0,0,Potential Customers
CUST109855,8663.18,2,4331.59,2.0,0.0,3.69,49,10587.92,1,0.0,3,High Value Customers
CUST109856,4384.34,2,2192.17,4.0,0.0,2.85,163,6026.97,1,0.0,0,Potential Customers
CUST109857,8958.08,3,2986.0266666666666,2.0,0.0,1.35,155,12037.51,1,0.0,3,High Value Customers
CUST109858,0.0,0,0.0,2.0,0.0,7.01,400,0.0,1,0.0,2,At-Risk Customers
CUST109859,0.0,0,0.0,1.0,0.0,1.96,400,0.0,1,0.0,2,At-Risk Customers
CUST109860,1882.41,1,1882.41,5.0,0.0,5.68,24,2603.54,1,1.0,0,Potential Customers
CUST109861,1204.15,1,1204.15,2.0,0.0,2.19,300,1704.62,1,0.0,0,Potential Customers
CUST109862,1667.01,2,833.505,5.0,0.0,4.39,21,2508.51,1,0.0,0,Potential Customers
CUST109863,0.0,0,0.0,1.0,0.0,1.65,400,114.39,1,0.0,2,At-Risk Customers
CUST109864,2230.47,1,2230.47,2.0,0.0,3.6,76,3019.81,1,0.0,0,Potential Customers
CUST109865,3996.77,1,3996.77,1.0,0.0,3.84,286,4556.13,1,0.0,0,Potential Customers
CUST109866,1301.78,2,650.89,4.0,0.0,4.54,306,2006.42,1,0.0,0,Potential Customers
CUST109867,0.0,0,0.0,3.0,0.0,7.53,400,0.0,1,0.0,2,At-Risk Customers
CUST109868,2672.58,1,2672.58,2.0,0.0,5.82,86,3901.51,1,1.0,0,Potential Customers
CUST109869,1889.46,1,1889.46,3.0,0.0,12.11,127,2339.3,1,0.0,0,Potential Customers
CUST109870,0.0,0,0.0,4.0,0.0,1.49,400,1.89,1,0.0,2,At-Risk Customers
CUST109871,2268.01,1,2268.01,3.0,0.0,17.53,216,3172.85,1,0.0,0,Potential Customers
CUST109872,331.01,1,331.01,4.0,0.0,7.83,355,1009.72,1,0.0,2,At-Risk Customers
CUST109873,6530.45,4,1632.6125,2.0,0.0,2.98,100,8150.66,1,0.0,3,High Value Customers
CUST109874,0.0,0,0.0,2.0,0.0,8.1,400,0.0,1,0.0,2,At-Risk Customers
CUST109875,3348.43,2,1674.215,5.0,0.0,13.96,339,5021.77,1,1.0,0,Potential Customers
CUST109876,4911.97,2,2455.985,3.0,0.0,8.84,65,6405.69,1,0.0,3,High Value Customers
CUST109877,0.0,0,0.0,2.0,0.0,2.03,400,77.5,1,0.0,2,At-Risk Customers
CUST109878,0.0,0,0.0,3.0,0.0,4.17,400,0.0,1,0.0,2,At-Risk Customers
CUST109879,0.0,0,0.0,1.0,0.0,6.88,400,53.52,1,0.0,2,At-Risk Customers
CUST109880,651.97,2,325.985,1.0,0.0,3.97,246,1406.4,1,0.0,0,Potential Customers
CUST109881,862.72,1,862.72,3.0,0.0,5.52,189,1263.2,1,1.0,0,Potential Customers
CUST109882,3126.48,2,1563.24,2.0,0.0,5.79,120,4766.97,1,0.0,0,Potential Customers
CUST109883,3299.08,2,1649.54,3.0,0.0,2.03,279,4981.34,1,0.0,0,Potential Customers
CUST109884,0.0,0,0.0,4.0,0.0,9.79,400,0.0,1,0.0,2,At-Risk Customers
CUST109885,0.0,0,0.0,3.0,3.0,4.32,400,192.88,1,1.0,1,Loyal Customers
CUST109886,4495.01,2,2247.505,2.0,0.0,3.93,227,6356.82,1,0.0,3,High Value Customers
CUST109887,0.0,0,0.0,1.0,0.0,2.16,400,0.0,1,0.0,2,At-Risk Customers
CUST109888,289.28,1,289.28,1.0,0.0,3.42,22,776.01,1,0.0,0,Potential Customers
CUST109889,1013.95,1,1013.95,1.0,0.0,7.81,72,1511.6,1,0.0,0,Potential Customers
CUST109890,7169.24,2,3584.62,3.0,0.0,4.8,210,9035.07,1,0.0,3,High Value Customers
CUST109891,0.0,0,0.0,3.0,0.0,6.65,400,0.0,1,0.0,2,At-Risk Customers
CUST109892,1893.28,2,946.64,2.0,0.0,3.96,329,2594.46,1,0.0,0,Potential Customers
CUST109893,4460.05,2,2230.025,4.0,0.0,4.31,357,6246.35,1,0.0,3,High Value Customers
CUST109894,4920.21,2,2460.105,2.0,0.0,1.29,93,6532.09,1,0.0,3,High Value Customers
CUST109895,322.27,1,322.27,1.0,0.0,5.33,128,530.82,1,0.0,0,Potential Customers
CUST109896,1821.6,1,1821.6,2.0,0.0,3.54,269,2245.02,1,0.0,0,Potential Customers
CUST109897,1126.09,1,1126.09,1.0,0.0,5.06,294,1805.7,1,0.0,0,Potential Customers
CUST109898,4124.17,2,2062.085,1.0,0.0,0.9,218,5298.11,1,0.0,0,Potential Customers
CUST109899,1694.12,1,1694.12,5.0,0.0,23.312000000000044,44,2054.06,1,1.0,0,Potential Customers
CUST109900,0.0,0,0.0,2.0,1.0,4.27,400,39.28,1,0.0,2,At-Risk Customers
CUST109901,0.0,0,0.0,2.0,0.0,5.6,400,0.0,1,0.0,2,At-Risk Customers
CUST109902,3518.04,1,3518.04,3.0,0.0,5.32,60,5052.36,1,0.0,0,Potential Customers
CUST109903,2184.01,1,2184.01,1.0,0.0,3.25,189,2676.01,1,0.0,0,Potential Customers
CUST109904,2822.88,1,2822.88,1.0,0.0,5.45,87,3959.35,1,0.0,0,Potential Customers
CUST109905,1311.84,2,655.92,1.0,1.0,9.31,238,2316.98,1,1.0,0,Potential Customers
CUST109906,0.0,0,0.0,0.0,0.0,4.59,400,0.0,1,0.0,2,At-Risk Customers
CUST109907,2782.25,1,2782.25,2.0,0.0,7.4,84,3676.7,1,1.0,0,Potential Customers
CUST109908,6632.1,2,3316.05,3.0,0.0,6.95,297,7824.26,1,0.0,3,High Value Customers
CUST109909,5915.95,2,2957.975,3.0,0.0,6.65,345,7584.78,1,0.0,3,High Value Customers
CUST109910,0.0,0,0.0,6.0,0.0,14.81,400,6.67,1,0.0,2,At-Risk Customers
CUST109911,7478.7,3,2492.9,5.0,0.0,5.19,94,9220.24,1,0.0,3,High Value Customers
CUST109912,4779.91,2,2389.955,1.0,0.0,3.84,228,6817.14,1,0.0,3,High Value Customers
CUST109913,1931.02,1,1931.02,1.0,0.0,3.94,210,2681.49,1,0.0,0,Potential Customers
CUST109914,0.0,0,0.0,1.0,0.0,5.4,400,9.67,1,0.0,2,At-Risk Customers
CUST109915,8631.95,3,2877.316666666667,3.0,0.0,1.57,151,9772.14,1,0.0,3,High Value Customers
CUST109916,0.0,0,0.0,3.0,0.0,10.8,400,67.51,1,0.0,2,At-Risk Customers
CUST109917,3140.5,2,1570.25,2.0,0.0,3.42,89,4067.59,1,1.0,0,Potential Customers
CUST109918,3956.55,2,1978.275,4.0,0.0,3.8,317,5691.33,1,0.0,0,Potential Customers
CUST109919,8760.07,4,2190.0175,0.0,0.0,1.63,40,11530.02,1,0.0,3,High Value Customers
CUST109920,0.0,0,0.0,2.0,0.0,4.38,400,109.16,1,0.0,2,At-Risk Customers
CUST109921,0.0,0,0.0,2.0,0.0,1.57,400,24.17,1,0.0,2,At-Risk Customers
CUST109922,1184.21,1,1184.21,4.0,0.0,1.25,271,1618.86,1,0.0,0,Potential Customers
CUST109923,0.0,0,0.0,0.0,0.0,2.43,400,102.83,1,0.0,2,At-Risk Customers
CUST109924,6373.29,3,2124.43,2.0,0.0,3.41,9,8782.02,1,0.0,3,High Value Customers
CUST109925,0.0,0,0.0,2.0,0.0,2.22,400,0.0,1,0.0,2,At-Risk Customers
CUST109926,0.0,0,0.0,1.0,0.0,4.95,400,0.0,1,0.0,2,At-Risk Customers
CUST109927,1647.14,2,823.57,2.0,0.0,9.57,195,2610.98,1,0.0,0,Potential Customers
CUST109928,1328.14,1,1328.14,1.0,0.0,4.72,227,1896.58,1,0.0,0,Potential Customers
CUST109929,1039.28,1,1039.28,2.0,0.0,0.86,26,1612.54,1,0.0,0,Potential Customers
CUST109930,1871.84,1,1871.84,4.0,0.0,4.0,29,2607.49,1,0.0,0,Potential Customers
CUST109931,4634.04,2,2317.02,2.0,0.0,6.09,182,7072.85,1,1.0,3,High Value Customers
CUST109932,0.0,0,0.0,1.0,0.0,3.13,400,0.0,1,0.0,2,At-Risk Customers
CUST109933,4657.56,2,2328.78,0.0,0.0,5.06,361,5418.98,1,0.0,0,Potential Customers
CUST109934,2675.97,1,2675.97,2.0,0.0,4.88,267,3137.35,1,0.0,0,Potential Customers
CUST109935,0.0,0,0.0,3.0,0.0,1.88,400,0.0,1,0.0,2,At-Risk Customers
CUST109936,2530.78,1,2530.78,2.0,0.0,9.42,171,3734.5,1,0.0,0,Potential Customers
CUST109937,2322.32,1,2322.32,2.0,0.0,3.31,1,2475.78,1,0.0,0,Potential Customers
CUST109938,2493.72,1,2493.72,0.0,0.0,3.22,56,3289.76,1,0.0,0,Potential Customers
CUST109939,2220.79,1,2220.79,5.0,0.0,5.56,57,3002.25,1,0.0,0,Potential Customers
CUST109940,1668.11,1,1668.11,1.0,0.0,1.32,336,2399.56,1,0.0,0,Potential Customers
CUST109941,0.0,0,0.0,5.0,0.0,9.84,400,36.02,1,0.0,2,At-Risk Customers
CUST109942,3768.47,2,1884.235,1.0,0.0,2.04,142,4576.12,1,0.0,0,Potential Customers
CUST109943,1421.22,1,1421.22,4.0,0.0,14.39,188,1681.5,1,0.0,0,Potential Customers
CUST109944,2237.2,2,1118.6,3.0,0.0,8.92,356,3302.35,1,0.0,0,Potential Customers
CUST109945,922.38,1,922.38,2.0,0.0,2.0,138,1115.79,1,1.0,0,Potential Customers
CUST109946,1039.59,2,519.795,3.0,0.0,5.12,176,1623.48,1,0.0,0,Potential Customers
CUST109947,0.0,0,0.0,3.0,0.0,2.08,400,0.0,1,0.0,2,At-Risk Customers
CUST109948,0.0,0,0.0,1.0,0.0,1.89,400,0.0,1,0.0,2,At-Risk Customers
CUST109949,3781.72,2,1890.86,1.0,0.0,0.76,312,5540.37,1,0.0,0,Potential Customers
CUST109950,7105.17,3,2368.39,1.0,0.0,6.32,147,8417.99,1,0.0,3,High Value Customers
CUST109951,2003.57,2,1001.785,1.0,0.0,2.95,286,2596.73,1,0.0,0,Potential Customers
CUST109952,3195.96,1,3195.96,2.0,0.0,7.03,314,4363.51,1,0.0,0,Potential Customers
CUST109953,11589.14840000001,5,2317.8296800000016,1.0,0.0,4.75,189,24070.19,1,0.0,3,High Value Customers
CUST109954,549.52,1,549.52,1.0,0.0,1.73,222,1032.34,1,0.0,0,Potential Customers
CUST109955,2547.2,2,1273.6,1.0,0.0,7.31,115,3057.08,1,0.0,0,Potential Customers
CUST109956,2754.27,2,1377.135,4.0,0.0,5.83,40,3597.26,1,0.0,0,Potential Customers
CUST109957,2231.36,1,2231.36,2.0,0.0,2.9,19,3093.51,1,0.0,0,Potential Customers
CUST109958,2910.62,1,2910.62,3.0,0.0,8.03,205,3884.06,1,0.0,0,Potential Customers
CUST109959,2589.09,1,2589.09,1.0,0.0,3.36,362,3136.06,1,0.0,0,Potential Customers
CUST109960,1655.75,2,827.875,0.0,0.0,2.34,249,2618.4,1,0.0,0,Potential Customers
CUST109961,0.0,0,0.0,2.0,0.0,3.55,400,0.0,1,0.0,2,At-Risk Customers
CUST109962,4642.44,2,2321.22,2.0,0.0,3.13,354,5897.91,1,1.0,3,High Value Customers
CUST109963,0.0,0,0.0,3.0,2.0,1.44,400,34.54,1,0.0,1,Loyal Customers
CUST109964,887.4,2,443.7,4.0,0.0,0.76,282,1487.55,1,0.0,0,Potential Customers
CUST109965,4807.01,3,1602.3366666666668,3.0,0.0,12.84,148,5915.72,1,1.0,3,High Value Customers
CUST109966,1582.45,2,791.225,3.0,0.0,8.96,125,2576.08,1,0.0,0,Potential Customers
CUST109967,4399.11,2,2199.555,2.0,0.0,11.41,143,6305.76,1,0.0,0,Potential Customers
CUST109968,1330.29,1,1330.29,1.0,3.0,7.62,292,1619.9,1,0.0,1,Loyal Customers
CUST109969,0.0,0,0.0,1.0,0.0,3.04,400,0.0,1,0.0,2,At-Risk Customers
CUST109970,330.67,1,330.67,1.0,0.0,3.59,263,412.53,1,0.0,2,At-Risk Customers
CUST109971,0.0,0,0.0,1.0,0.0,2.63,400,0.0,1,0.0,2,At-Risk Customers
CUST109972,0.0,0,0.0,1.0,0.0,5.92,400,25.95,1,0.0,2,At-Risk Customers
CUST109973,0.0,0,0.0,1.0,0.0,5.65,400,123.71,1,0.0,2,At-Risk Customers
CUST109974,2314.45,1,2314.45,3.0,0.0,3.19,263,3141.61,1,0.0,0,Potential Customers
CUST109975,4027.29,2,2013.645,2.0,0.0,5.51,193,5239.51,1,1.0,0,Potential Customers
CUST109976,971.49,3,323.83,3.0,0.0,9.13,184,2036.58,1,0.0,0,Potential Customers
CUST109977,1559.49,1,1559.49,2.0,0.0,4.05,35,1998.17,1,1.0,0,Potential Customers
CUST109978,2986.02,2,1493.01,2.0,0.0,1.8,346,4113.65,1,0.0,0,Potential Customers
CUST109979,0.0,0,0.0,2.0,0.0,5.58,400,0.0,1,0.0,2,At-Risk Customers
CUST109980,3363.27,2,1681.635,1.0,0.0,1.72,154,5302.64,1,0.0,0,Potential Customers
CUST109981,634.71,1,634.71,1.0,0.0,2.3,216,990.52,1,0.0,0,Potential Customers
CUST109982,5394.85,3,1798.2833333333335,5.0,0.0,4.92,300,7820.16,1,0.0,3,High Value Customers
CUST109983,1711.4,2,855.7,5.0,0.0,6.25,224,2908.28,1,0.0,0,Potential Customers
CUST109984,6688.69,4,1672.1725,0.0,0.0,4.34,288,8399.91,1,0.0,3,High Value Customers
CUST109985,341.85,1,341.85,0.0,0.0,2.0,213,842.28,1,0.0,2,At-Risk Customers
CUST109986,0.0,0,0.0,8.0,0.0,23.312000000000044,400,0.0,1,1.0,2,At-Risk Customers
CUST109987,4441.99,2,2220.995,3.0,0.0,2.81,38,6135.81,1,0.0,0,Potential Customers
CUST109988,0.0,0,0.0,5.0,0.0,5.58,400,0.0,1,0.0,2,At-Risk Customers
CUST109989,3122.53,1,3122.53,2.0,0.0,2.69,167,3806.26,1,0.0,0,Potential Customers
CUST109990,332.11,1,332.11,0.0,0.0,2.1,219,677.1,1,0.0,2,At-Risk Customers
CUST109991,1060.07,1,1060.07,5.0,3.0,4.21,146,1787.4,1,1.0,1,Loyal Customers
CUST109992,0.0,0,0.0,1.0,0.0,2.98,400,0.0,1,0.0,2,At-Risk Customers
CUST109993,881.46,1,881.46,4.0,0.0,4.33,87,1292.35,1,0.0,0,Potential Customers
CUST109994,4964.31,1,4964.31,2.0,0.0,2.56,250,6354.18,1,1.0,3,High Value Customers
CUST109995,1544.52,1,1544.52,4.0,0.0,4.46,234,1807.95,1,0.0,0,Potential Customers
CUST109996,3838.08,1,3838.08,3.0,3.0,2.4,1,4759.53,1,0.0,1,Loyal Customers
CUST109997,8287.5,2,4143.75,3.0,0.0,8.62,276,11288.39,1,0.0,3,High Value Customers
CUST109998,8142.73,4,2035.6825,4.0,0.0,5.0,101,11474.45,1,0.0,3,High Value Customers
CUST109999,11201.62,3,3733.8733333333334,2.0,0.0,3.71,44,12856.39,1,0.0,3,High Value Customers
CUST110000,1229.89,1,1229.89,2.0,0.0,4.01,31,1717.65,1,0.0,0,Potential Customers
CUST110001,0.0,0,0.0,2.0,0.0,3.11,400,70.76,1,0.0,2,At-Risk Customers
CUST110002,3821.32,2,1910.66,2.0,0.0,4.41,84,5284.52,1,0.0,0,Potential Customers
CUST110003,5216.18,2,2608.09,2.0,0.0,11.57,272,7058.72,1,0.0,3,High Value Customers
CUST110004,4670.81,2,2335.405,1.0,0.0,2.72,55,6361.69,1,0.0,3,High Value Customers
CUST110005,1235.17,1,1235.17,1.0,0.0,4.54,356,2010.39,1,0.0,2,At-Risk Customers
CUST110006,8888.88,3,2962.9599999999996,0.0,0.0,2.37,124,11828.33,1,0.0,3,High Value Customers
CUST110007,3094.14,2,1547.07,0.0,0.0,0.76,124,4224.76,1,0.0,0,Potential Customers
CUST110008,0.0,0,0.0,2.0,0.0,6.23,400,14.78,1,1.0,2,At-Risk Customers
CUST110009,7436.12,2,3718.06,4.0,0.0,8.63,230,9608.05,1,0.0,3,High Value Customers
CUST110010,0.0,0,0.0,1.0,0.0,5.5,400,91.5,1,0.0,2,At-Risk Customers
CUST110011,1637.74,1,1637.74,6.0,0.0,20.79,70,2201.71,1,0.0,0,Potential Customers
CUST110012,1515.85,1,1515.85,2.0,0.0,3.15,314,2027.93,1,0.0,0,Potential Customers
CUST110013,3022.19,4,755.5475,1.0,0.0,2.17,273,5423.48,1,0.0,0,Potential Customers
CUST110014,0.0,0,0.0,2.0,0.0,9.29,400,0.0,1,0.0,2,At-Risk Customers
CUST110015,1997.52,1,1997.52,6.0,0.0,9.7,55,2631.95,1,0.0,0,Potential Customers
CUST110016,4238.41,2,2119.205,3.0,0.0,8.75,363,5412.08,1,0.0,0,Potential Customers
CUST110017,704.25,1,704.25,1.0,0.0,1.9,268,1039.08,1,0.0,2,At-Risk Customers
CUST110018,0.0,0,0.0,2.0,0.0,2.49,400,0.0,1,0.0,2,At-Risk Customers
CUST110019,0.0,0,0.0,1.0,0.0,1.28,400,0.0,1,0.0,2,At-Risk Customers
CUST110020,6915.66,3,2305.22,4.0,0.0,16.14,289,8898.9,1,0.0,3,High Value Customers
CUST110021,1882.6,1,1882.6,0.0,0.0,2.13,177,2589.99,1,0.0,0,Potential Customers
CUST110022,0.0,0,0.0,2.0,0.0,1.74,400,0.0,1,0.0,2,At-Risk Customers
CUST110023,1808.85,3,602.9499999999999,1.0,0.0,3.77,125,3344.29,1,0.0,0,Potential Customers
CUST110024,5289.74,3,1763.2466666666667,2.0,0.0,4.4,320,7169.9,1,0.0,3,High Value Customers
CUST110025,1500.53,1,1500.53,1.0,0.0,6.46,357,1926.57,1,0.0,0,Potential Customers
CUST110026,0.0,0,0.0,3.0,0.0,3.7,400,11.61,1,0.0,2,At-Risk Customers
CUST110027,5930.78,2,2965.39,0.0,0.0,2.52,247,7292.57,1,0.0,3,High Value Customers
CUST110028,2012.15,1,2012.15,3.0,0.0,3.07,42,2745.02,1,1.0,0,Potential Customers
CUST110029,667.79,2,333.895,3.0,0.0,2.66,180,1313.09,1,0.0,0,Potential Customers
CUST110030,0.0,0,0.0,3.0,0.0,10.76,400,0.0,1,0.0,2,At-Risk Customers
CUST110031,0.0,0,0.0,3.0,1.0,4.04,400,0.0,1,1.0,2,At-Risk Customers
CUST110032,3767.9,2,1883.95,2.0,0.0,6.32,294,4571.15,1,0.0,0,Potential Customers
CUST110033,11589.14840000001,5,2317.8296800000016,3.0,0.0,3.5,111,17934.06,1,1.0,3,High Value Customers
CUST110034,3622.54,1,3622.54,2.0,0.0,1.13,89,4543.95,1,0.0,0,Potential Customers
CUST110035,4655.46,2,2327.73,6.0,0.0,12.81,279,6518.88,1,0.0,3,High Value Customers
CUST110036,1699.03,1,1699.03,2.0,0.0,6.09,236,2374.02,1,0.0,0,Potential Customers
CUST110037,3253.22,2,1626.61,1.0,0.0,5.32,80,3809.59,1,0.0,0,Potential Customers
CUST110038,0.0,0,0.0,0.0,0.0,0.92,400,110.61,1,0.0,2,At-Risk Customers
CUST110039,0.0,0,0.0,2.0,0.0,3.68,400,173.43,1,0.0,2,At-Risk Customers
CUST110040,2596.44,2,1298.22,3.0,0.0,11.94,41,3184.1,1,0.0,0,Potential Customers
CUST110041,7692.87,4,1923.2175,1.0,0.0,10.04,140,9972.82,1,0.0,3,High Value Customers
CUST110042,0.0,0,0.0,2.0,0.0,3.48,400,0.0,1,0.0,2,At-Risk Customers
CUST110043,1496.67,1,1496.67,6.0,0.0,9.52,82,1937.22,1,0.0,0,Potential Customers
CUST110044,468.39,1,468.39,3.0,0.0,12.17,94,1063.72,1,0.0,0,Potential Customers
CUST110045,1350.93,1,1350.93,3.0,0.0,3.64,247,1486.67,1,0.0,0,Potential Customers
CUST110046,6287.88,3,2095.96,1.0,3.0,10.2,186,9237.73,1,1.0,1,Loyal Customers
CUST110047,2547.05,2,1273.525,5.0,0.0,9.89,1,3207.59,1,0.0,0,Potential Customers
CUST110048,0.0,0,0.0,2.0,0.0,7.29,400,165.78,1,0.0,2,At-Risk Customers
CUST110049,3274.48,3,1091.4933333333333,3.0,0.0,7.81,161,5225.94,1,0.0,0,Potential Customers
CUST110050,5895.81,3,1965.2700000000002,1.0,0.0,2.2,262,7624.25,1,0.0,3,High Value Customers
CUST110051,0.0,0,0.0,2.0,0.0,7.02,400,0.0,1,0.0,2,At-Risk Customers
CUST110052,1214.46,2,607.23,5.0,0.0,3.71,201,2007.37,1,0.0,0,Potential Customers
CUST110053,2940.06,1,2940.06,1.0,0.0,2.15,229,4026.3,1,1.0,0,Potential Customers
CUST110054,7049.01,2,3524.505,3.0,0.0,11.76,293,8890.84,1,0.0,3,High Value Customers
CUST110055,0.0,0,0.0,2.0,0.0,3.73,400,87.45,1,0.0,2,At-Risk Customers
CUST110056,0.0,0,0.0,3.0,0.0,4.78,400,0.0,1,1.0,2,At-Risk Customers
CUST110057,0.0,0,0.0,1.0,0.0,4.02,400,44.17,1,0.0,2,At-Risk Customers
CUST110058,1993.45,1,1993.45,1.0,0.0,1.36,352,2484.58,1,0.0,0,Potential Customers
CUST110059,0.0,0,0.0,4.0,1.0,3.3,400,94.56,1,0.0,2,At-Risk Customers
CUST110060,2539.0,1,2539.0,5.0,0.0,6.97,79,3424.26,1,0.0,0,Potential Customers
CUST110061,4530.39,2,2265.195,1.0,0.0,4.1,180,6270.88,1,0.0,3,High Value Customers
CUST110062,2971.01,3,990.3366666666667,2.0,3.0,3.17,125,4399.54,1,1.0,1,Loyal Customers
CUST110063,518.93,2,259.465,3.0,0.0,5.12,136,1345.59,1,0.0,0,Potential Customers
CUST110064,5041.88,3,1680.6266666666668,2.0,0.0,8.6,246,7520.37,1,0.0,3,High Value Customers
CUST110065,829.87,1,829.87,2.0,0.0,1.29,207,1093.62,1,0.0,0,Potential Customers
CUST110066,0.0,0,0.0,1.0,0.0,3.77,400,0.0,1,0.0,2,At-Risk Customers
CUST110067,0.0,0,0.0,2.0,0.0,4.11,400,63.85,1,0.0,2,At-Risk Customers
CUST110068,1588.55,1,1588.55,4.0,1.0,13.99,22,2063.33,1,1.0,0,Potential Customers
CUST110069,0.0,0,0.0,3.0,0.0,9.44,400,0.0,1,0.0,2,At-Risk Customers
CUST110070,659.72,2,329.86,1.0,0.0,1.54,23,1067.36,1,0.0,0,Potential Customers
CUST110071,1630.62,1,1630.62,2.0,0.0,10.36,207,2071.27,1,1.0,0,Potential Customers
CUST110072,0.0,0,0.0,3.0,0.0,3.65,400,105.83,1,0.0,2,At-Risk Customers
CUST110073,5146.36,2,2573.18,0.0,0.0,1.31,154,6732.78,1,0.0,3,High Value Customers
CUST110074,4411.5,1,4411.5,0.0,0.0,1.58,62,5960.5,1,0.0,3,High Value Customers
CUST110075,11589.14840000001,4,2897.2871000000023,3.0,0.0,10.55,349,22252.88,1,0.0,3,High Value Customers
CUST110076,1494.17,1,1494.17,1.0,0.0,5.57,331,1819.94,1,0.0,0,Potential Customers
CUST110077,8414.06,3,2804.6866666666665,7.0,0.0,2.04,165,10845.68,1,0.0,3,High Value Customers
CUST110078,1765.05,1,1765.05,4.0,0.0,12.28,212,2290.68,1,0.0,0,Potential Customers
CUST110079,2971.89,1,2971.89,2.0,0.0,6.67,82,4128.09,1,0.0,0,Potential Customers
CUST110080,809.13,1,809.13,2.0,0.0,3.39,201,1046.02,1,0.0,0,Potential Customers
CUST110081,0.0,0,0.0,1.0,0.0,5.0,400,13.7,1,0.0,2,At-Risk Customers
CUST110082,0.0,0,0.0,1.0,0.0,2.19,400,0.0,1,0.0,2,At-Risk Customers
CUST110083,0.0,0,0.0,2.0,0.0,16.43,400,0.0,1,1.0,2,At-Risk Customers
CUST110084,1656.77,1,1656.77,2.0,0.0,1.77,342,2200.8,1,0.0,0,Potential Customers
CUST110085,2861.11,2,1430.555,5.0,0.0,1.65,31,3773.61,1,0.0,0,Potential Customers
CUST110086,3136.36,2,1568.18,1.0,0.0,4.65,300,3876.42,1,0.0,0,Potential Customers
CUST110087,0.0,0,0.0,10.0,3.0,23.312000000000044,400,41.8,1,1.0,1,Loyal Customers
CUST110088,4957.03,2,2478.515,2.0,0.0,1.52,252,6579.47,1,0.0,3,High Value Customers
CUST110089,0.0,0,0.0,1.0,0.0,7.18,400,0.0,1,0.0,2,At-Risk Customers
CUST110090,0.0,0,0.0,4.0,0.0,4.26,400,111.36,1,0.0,2,At-Risk Customers
CUST110091,0.0,0,0.0,2.0,0.0,5.36,400,0.0,1,0.0,2,At-Risk Customers
CUST110092,0.0,0,0.0,2.0,0.0,9.02,400,121.47,1,0.0,2,At-Risk Customers
CUST110093,0.0,0,0.0,3.0,0.0,2.51,400,52.92,1,0.0,2,At-Risk Customers
CUST110094,5236.51,2,2618.255,4.0,0.0,3.39,275,6597.98,1,0.0,3,High Value Customers
CUST110095,0.0,0,0.0,1.0,0.0,2.5,400,0.0,1,1.0,2,At-Risk Customers
CUST110096,1395.24,1,1395.24,2.0,0.0,10.82,177,1819.94,1,0.0,0,Potential Customers
CUST110097,1578.47,2,789.235,2.0,0.0,9.88,220,2624.14,1,0.0,0,Potential Customers
CUST110098,0.0,0,0.0,1.0,0.0,1.85,400,0.0,1,0.0,2,At-Risk Customers
CUST110099,1233.15,1,1233.15,3.0,0.0,5.29,362,1766.99,1,0.0,2,At-Risk Customers
CUST110100,5587.87,3,1862.6233333333332,2.0,0.0,8.45,178,6617.25,1,1.0,3,High Value Customers
CUST110101,2520.41,2,1260.205,0.0,0.0,1.33,84,3711.77,1,0.0,0,Potential Customers
CUST110102,0.0,0,0.0,2.0,0.0,10.72,400,51.87,1,0.0,2,At-Risk Customers
CUST110103,3712.8,3,1237.6000000000001,3.0,0.0,3.87,115,5208.9,1,0.0,0,Potential Customers
CUST110104,1721.26,1,1721.26,4.0,0.0,2.95,105,2601.17,1,0.0,0,Potential Customers
CUST110105,1788.79,2,894.395,5.0,0.0,10.78,127,2533.18,1,0.0,0,Potential Customers
CUST110106,6608.83,2,3304.415,4.0,1.0,8.95,346,8938.53,1,1.0,3,High Value Customers
CUST110107,11589.14840000001,3,3863.0494666666696,1.0,0.0,1.56,41,13637.35,1,1.0,3,High Value Customers
CUST110108,0.0,0,0.0,5.0,0.0,6.72,400,0.0,1,0.0,2,At-Risk Customers
CUST110109,2872.87,1,2872.87,2.0,3.0,6.53,323,3313.32,1,0.0,1,Loyal Customers
CUST110110,0.0,0,0.0,1.0,0.0,0.88,400,0.0,1,0.0,2,At-Risk Customers
CUST110111,0.0,0,0.0,3.0,0.0,6.01,400,0.0,1,0.0,2,At-Risk Customers
CUST110112,3580.64,1,3580.64,2.0,0.0,3.04,70,4280.88,1,0.0,0,Potential Customers
CUST110113,0.0,0,0.0,6.0,0.0,8.94,400,43.09,1,0.0,2,At-Risk Customers
CUST110114,6710.9,4,1677.725,1.0,0.0,2.23,302,10036.01,1,0.0,3,High Value Customers
CUST110115,0.0,0,0.0,3.0,0.0,4.42,400,0.0,1,0.0,2,At-Risk Customers
CUST110116,1391.16,1,1391.16,2.0,0.0,2.79,78,1675.96,1,0.0,0,Potential Customers
CUST110117,3315.91,4,828.9775,0.0,0.0,2.6,340,5846.94,1,0.0,3,High Value Customers
CUST110118,0.0,0,0.0,2.0,0.0,0.88,400,0.0,1,0.0,2,At-Risk Customers
CUST110119,1226.25,1,1226.25,2.0,0.0,8.55,47,1743.06,1,0.0,0,Potential Customers
CUST110120,0.0,0,0.0,7.0,0.0,9.14,400,0.0,1,0.0,2,At-Risk Customers
CUST110121,0.0,0,0.0,2.0,0.0,4.27,400,0.0,1,1.0,2,At-Risk Customers
CUST110122,5299.36,2,2649.68,1.0,0.0,5.26,335,6562.81,1,0.0,3,High Value Customers
CUST110123,2273.16,2,1136.58,2.0,2.0,2.43,204,2976.07,1,0.0,1,Loyal Customers
CUST110124,857.15,2,428.575,2.0,0.0,8.61,72,1950.2,1,0.0,0,Potential Customers
CUST110125,5789.46,2,2894.73,0.0,0.0,4.82,239,8092.65,1,0.0,3,High Value Customers
CUST110126,1617.89,1,1617.89,3.0,0.0,4.24,117,2730.41,1,1.0,0,Potential Customers
CUST110127,0.0,0,0.0,3.0,0.0,11.36,400,0.0,1,0.0,2,At-Risk Customers
CUST110128,3008.44,2,1504.22,3.0,0.0,1.63,248,4156.19,1,0.0,0,Potential Customers
CUST110129,5428.33,3,1809.4433333333334,2.0,0.0,1.04,235,7049.1,1,0.0,3,High Value Customers
CUST110130,0.0,0,0.0,5.0,0.0,5.54,400,0.0,1,0.0,2,At-Risk Customers
CUST110131,1987.6,2,993.8,4.0,0.0,3.5,68,3122.33,1,0.0,0,Potential Customers
CUST110132,2348.52,1,2348.52,0.0,0.0,1.83,232,3067.47,1,0.0,0,Potential Customers
CUST110133,4491.63,2,2245.815,1.0,0.0,4.57,196,5587.27,1,1.0,0,Potential Customers
CUST110134,779.98,1,779.98,0.0,2.0,5.23,347,1097.42,1,0.0,1,Loyal Customers
CUST110135,5306.33,2,2653.165,3.0,0.0,7.5,148,7166.86,1,1.0,3,High Value Customers
CUST110136,644.22,2,322.11,3.0,0.0,1.87,266,1689.69,1,0.0,0,Potential Customers
CUST110137,1102.24,1,1102.24,4.0,0.0,3.05,7,1428.96,1,0.0,0,Potential Customers
CUST110138,0.0,0,0.0,3.0,0.0,5.0,400,1.53,1,0.0,2,At-Risk Customers
CUST110139,1213.99,1,1213.99,2.0,0.0,8.81,315,1448.68,1,0.0,0,Potential Customers
CUST110140,0.0,0,0.0,4.0,0.0,7.67,400,0.0,1,0.0,2,At-Risk Customers
CUST110141,0.0,0,0.0,2.0,0.0,2.87,400,0.0,1,0.0,2,At-Risk Customers
CUST110142,2993.09,2,1496.545,3.0,0.0,4.02,131,4490.21,1,0.0,0,Potential Customers
CUST110143,0.0,0,0.0,3.0,0.0,2.82,400,211.48,1,0.0,2,At-Risk Customers
CUST110144,0.0,0,0.0,2.0,0.0,3.04,400,0.0,1,0.0,2,At-Risk Customers
CUST110145,4484.3,2,2242.15,5.0,0.0,3.26,250,5142.19,1,0.0,0,Potential Customers
CUST110146,0.0,0,0.0,2.0,0.0,2.59,400,75.83,1,0.0,2,At-Risk Customers
CUST110147,1142.8,1,1142.8,2.0,0.0,6.78,350,1581.65,1,0.0,2,At-Risk Customers
CUST110148,0.0,0,0.0,3.0,0.0,7.78,400,0.0,1,0.0,2,At-Risk Customers
CUST110149,3604.7,1,3604.7,3.0,0.0,3.06,194,4735.37,1,0.0,0,Potential Customers
CUST110150,0.0,0,0.0,3.0,0.0,4.58,400,0.0,1,0.0,2,At-Risk Customers
CUST110151,0.0,0,0.0,2.0,0.0,3.1,400,0.0,1,0.0,2,At-Risk Customers
CUST110152,618.79,1,618.79,1.0,0.0,2.1,163,941.39,1,0.0,0,Potential Customers
CUST110153,0.0,0,0.0,2.0,0.0,1.89,400,0.0,1,0.0,2,At-Risk Customers
CUST110154,3175.3,4,793.825,2.0,0.0,13.79,28,4386.93,1,0.0,0,Potential Customers
CUST110155,3238.59,2,1619.295,2.0,0.0,2.41,343,4062.35,1,0.0,0,Potential Customers
CUST110156,9140.23,3,3046.7433333333333,2.0,0.0,6.33,287,12528.52,1,0.0,3,High Value Customers
CUST110157,3170.23,1,3170.23,2.0,0.0,5.33,77,3903.83,1,0.0,0,Potential Customers
CUST110158,0.0,0,0.0,2.0,0.0,1.76,400,77.13,1,0.0,2,At-Risk Customers
CUST110159,6776.6,3,2258.866666666667,1.0,0.0,5.46,24,8389.73,1,0.0,3,High Value Customers
CUST110160,947.83,3,315.9433333333333,1.0,0.0,4.99,333,2076.39,1,0.0,0,Potential Customers
CUST110161,935.5,1,935.5,1.0,0.0,3.99,78,1358.33,1,0.0,0,Potential Customers
CUST110162,0.0,0,0.0,0.0,0.0,2.99,400,161.8,1,0.0,2,At-Risk Customers
CUST110163,1799.55,1,1799.55,2.0,0.0,4.05,296,2544.16,1,0.0,0,Potential Customers
CUST110164,4985.87,2,2492.935,2.0,0.0,5.65,300,6682.6,1,0.0,3,High Value Customers
CUST110165,3315.96,2,1657.98,0.0,0.0,2.22,333,4799.26,1,0.0,0,Potential Customers
CUST110166,7893.59,3,2631.1966666666667,5.0,0.0,11.09,327,9587.41,1,0.0,3,High Value Customers
CUST110167,5892.28,2,2946.14,5.0,0.0,6.56,139,7581.03,1,1.0,3,High Value Customers
CUST110168,0.0,0,0.0,4.0,0.0,0.76,400,0.0,1,0.0,2,At-Risk Customers
CUST110169,4163.69,2,2081.845,4.0,3.0,3.47,61,5215.98,1,0.0,1,Loyal Customers
CUST110170,0.0,0,0.0,6.0,0.0,18.01,400,0.0,1,0.0,2,At-Risk Customers
CUST110171,2372.04,1,2372.04,1.0,0.0,5.21,20,3000.66,1,1.0,0,Potential Customers
CUST110172,2388.1,1,2388.1,1.0,3.0,2.44,5,2777.75,1,1.0,1,Loyal Customers
CUST110173,6337.17,3,2112.39,1.0,0.0,6.35,79,9359.84,1,0.0,3,High Value Customers
CUST110174,2751.91,1,2751.91,2.0,0.0,0.92,228,3252.94,1,0.0,0,Potential Customers
CUST110175,2293.67,2,1146.835,0.0,0.0,4.9,257,3053.75,1,0.0,0,Potential Customers
CUST110176,3305.08,1,3305.08,0.0,0.0,2.85,147,4554.92,1,0.0,0,Potential Customers
CUST110177,2650.64,3,883.5466666666666,4.0,0.0,4.18,291,4558.56,1,0.0,0,Potential Customers
CUST110178,5120.72,2,2560.36,4.0,0.0,1.6,123,7138.43,1,0.0,3,High Value Customers
CUST110179,4188.0,2,2094.0,4.0,0.0,3.0,78,5928.26,1,0.0,0,Potential Customers
CUST110180,9046.4,4,2261.6,0.0,0.0,0.76,171,10924.17,1,0.0,3,High Value Customers
CUST110181,0.0,0,0.0,1.0,0.0,2.63,400,0.0,1,0.0,2,At-Risk Customers
CUST110182,7946.11,3,2648.7033333333334,4.0,0.0,4.41,302,9759.32,1,1.0,3,High Value Customers
CUST110183,3614.56,1,3614.56,3.0,0.0,8.84,57,4840.21,1,0.0,0,Potential Customers
CUST110184,0.0,0,0.0,7.0,0.0,22.76,400,125.32,1,0.0,2,At-Risk Customers
CUST110185,7777.36,3,2592.4533333333334,4.0,0.0,2.29,68,9257.47,1,0.0,3,High Value Customers
CUST110186,0.0,0,0.0,1.0,0.0,5.78,400,0.0,1,0.0,2,At-Risk Customers
CUST110187,3829.2,1,3829.2,2.0,0.0,3.21,43,4793.52,1,0.0,0,Potential Customers
CUST110188,5671.28,2,2835.64,5.0,0.0,3.29,33,7186.11,1,0.0,3,High Value Customers
CUST110189,1934.48,1,1934.48,2.0,0.0,4.32,77,2396.39,1,0.0,0,Potential Customers
CUST110190,335.38,1,335.38,3.0,0.0,3.63,81,770.39,1,0.0,0,Potential Customers
CUST110191,2169.72,2,1084.86,2.0,0.0,14.99,236,2905.08,1,1.0,0,Potential Customers
CUST110192,3033.75,1,3033.75,5.0,0.0,3.29,70,3974.54,1,0.0,0,Potential Customers
CUST110193,2674.03,2,1337.015,6.0,0.0,1.82,89,4055.55,1,1.0,0,Potential Customers
CUST110194,0.0,0,0.0,1.0,0.0,4.61,400,40.48,1,0.0,2,At-Risk Customers
CUST110195,2642.9,1,2642.9,2.0,0.0,1.91,92,3605.13,1,0.0,0,Potential Customers
CUST110196,0.0,0,0.0,2.0,0.0,3.13,400,0.0,1,0.0,2,At-Risk Customers
CUST110197,4042.39,2,2021.195,1.0,0.0,8.52,115,5987.51,1,0.0,0,Potential Customers
CUST110198,10352.45,4,2588.1125,1.0,3.0,3.41,142,13690.21,1,1.0,1,Loyal Customers
CUST110199,0.0,0,0.0,2.0,0.0,5.84,400,71.92,1,0.0,2,At-Risk Customers
CUST110200,1128.09,1,1128.09,1.0,0.0,3.5,95,1584.26,1,0.0,0,Potential Customers
CUST110201,0.0,0,0.0,1.0,0.0,4.87,400,153.79,1,0.0,2,At-Risk Customers
CUST110202,0.0,0,0.0,2.0,0.0,2.49,400,81.64,1,0.0,2,At-Risk Customers
CUST110203,827.42,1,827.42,4.0,0.0,7.16,343,1275.9,1,0.0,2,At-Risk Customers
CUST110204,3460.03,2,1730.015,3.0,0.0,1.61,307,4870.9,1,0.0,0,Potential Customers
CUST110205,0.0,0,0.0,2.0,0.0,2.32,400,0.0,1,0.0,2,At-Risk Customers
CUST110206,4026.97,2,2013.485,1.0,0.0,4.29,263,5289.1,1,0.0,0,Potential Customers
CUST110207,7818.03,3,2606.0099999999998,3.0,0.0,7.22,95,8807.31,1,0.0,3,High Value Customers
CUST110208,3454.02,2,1727.01,3.0,0.0,4.7,114,4156.64,1,0.0,0,Potential Customers
CUST110209,5464.15,2,2732.075,1.0,0.0,5.81,77,7292.98,1,0.0,3,High Value Customers
CUST110210,0.0,0,0.0,1.0,0.0,1.73,400,84.85,1,0.0,2,At-Risk Customers
CUST110211,6095.48,2,3047.74,2.0,1.0,3.25,129,8396.09,1,1.0,3,High Value Customers
CUST110212,0.0,0,0.0,5.0,0.0,4.79,400,24.52,1,1.0,2,At-Risk Customers
CUST110213,2874.44,1,2874.44,5.0,0.0,4.22,358,3658.01,1,0.0,0,Potential Customers
CUST110214,0.0,0,0.0,1.0,0.0,1.9,400,5.74,1,0.0,2,At-Risk Customers
CUST110215,0.0,0,0.0,3.0,0.0,2.25,400,159.01,1,0.0,2,At-Risk Customers
CUST110216,1440.37,1,1440.37,2.0,0.0,3.7,173,1542.13,1,0.0,0,Potential Customers
CUST110217,0.0,0,0.0,2.0,0.0,6.84,400,0.0,1,0.0,2,At-Risk Customers
CUST110218,876.54,1,876.54,6.0,0.0,17.64,330,1221.9,1,0.0,2,At-Risk Customers
CUST110219,2192.57,1,2192.57,1.0,0.0,1.89,48,3012.08,1,0.0,0,Potential Customers
CUST110220,0.0,0,0.0,1.0,0.0,4.2,400,168.05,1,0.0,2,At-Risk Customers
CUST110221,0.0,0,0.0,3.0,0.0,1.99,400,84.97,1,0.0,2,At-Risk Customers
CUST110222,0.0,0,0.0,1.0,0.0,3.99,400,11.24,1,0.0,2,At-Risk Customers
CUST110223,8102.1,3,2700.7000000000003,3.0,0.0,3.1,329,11314.72,1,0.0,3,High Value Customers
CUST110224,2495.31,2,1247.655,3.0,0.0,5.4,145,3117.24,1,1.0,0,Potential Customers
CUST110225,6671.6,2,3335.8,4.0,0.0,1.01,191,9048.63,1,1.0,3,High Value Customers
CUST110226,0.0,0,0.0,3.0,0.0,3.21,400,0.0,1,0.0,2,At-Risk Customers
CUST110227,958.44,3,319.48,2.0,0.0,4.38,147,1839.46,1,0.0,0,Potential Customers
CUST110228,2712.22,1,2712.22,2.0,0.0,4.68,139,3334.61,1,0.0,0,Potential Customers
CUST110229,1355.94,1,1355.94,3.0,0.0,5.1,319,1738.52,1,0.0,0,Potential Customers
CUST110230,599.05,1,599.05,2.0,0.0,4.53,101,696.26,1,1.0,0,Potential Customers
CUST110231,479.92,1,479.92,2.0,0.0,9.78,272,901.8,1,0.0,2,At-Risk Customers
CUST110232,1818.64,3,606.2133333333334,2.0,0.0,4.02,336,3522.42,1,0.0,0,Potential Customers
CUST110233,1002.44,1,1002.44,1.0,0.0,3.5,323,1473.24,1,1.0,2,At-Risk Customers
CUST110234,3072.26,1,3072.26,3.0,0.0,2.82,306,4126.79,1,0.0,0,Potential Customers
CUST110235,299.59,1,299.59,1.0,0.0,4.67,66,812.57,1,1.0,0,Potential Customers
CUST110236,0.0,0,0.0,1.0,0.0,7.14,400,0.0,1,0.0,2,At-Risk Customers
CUST110237,4879.48,1,4879.48,6.0,0.0,4.17,183,6987.32,1,0.0,3,High Value Customers
CUST110238,2218.66,1,2218.66,1.0,1.0,1.89,77,2916.75,1,0.0,0,Potential Customers
CUST110239,0.0,0,0.0,4.0,0.0,7.94,400,0.0,1,0.0,2,At-Risk Customers
CUST110240,1754.77,1,1754.77,4.0,0.0,5.35,61,2234.98,1,0.0,0,Potential Customers
CUST110241,2660.51,1,2660.51,3.0,0.0,13.89,226,3215.68,1,1.0,0,Potential Customers
CUST110242,0.0,0,0.0,2.0,0.0,2.4,400,0.0,1,0.0,2,At-Risk Customers
CUST110243,0.0,0,0.0,2.0,0.0,4.79,400,0.0,1,0.0,2,At-Risk Customers
CUST110244,11513.75,3,3837.9166666666665,5.0,0.0,5.49,206,13396.7,1,0.0,3,High Value Customers
CUST110245,3166.36,2,1583.18,0.0,0.0,3.47,221,4788.15,1,0.0,0,Potential Customers
CUST110246,4124.05,3,1374.6833333333334,3.0,0.0,2.09,208,5659.27,1,0.0,3,High Value Customers
CUST110247,6053.59,2,3026.795,3.0,0.0,4.94,220,7365.96,1,0.0,3,High Value Customers
CUST110248,0.0,0,0.0,3.0,0.0,3.0,400,122.35,1,0.0,2,At-Risk Customers
CUST110249,1276.71,1,1276.71,3.0,0.0,4.13,81,2285.44,1,1.0,0,Potential Customers
CUST110250,0.0,0,0.0,1.0,0.0,4.17,400,0.0,1,0.0,2,At-Risk Customers
CUST110251,0.0,0,0.0,1.0,0.0,1.93,400,33.47,1,0.0,2,At-Risk Customers
CUST110252,0.0,0,0.0,1.0,0.0,2.99,400,49.53,1,0.0,2,At-Risk Customers
CUST110253,9551.21,4,2387.8025,5.0,0.0,3.05,186,12131.64,1,1.0,3,High Value Customers
CUST110254,2424.64,5,484.928,2.0,0.0,4.25,122,4894.55,1,0.0,3,High Value Customers
CUST110255,4639.27,3,1546.4233333333334,2.0,2.0,5.65,327,6296.75,1,0.0,1,Loyal Customers
CUST110256,2712.92,2,1356.46,1.0,0.0,5.08,362,3825.2,1,0.0,0,Potential Customers
CUST110257,2403.2,1,2403.2,5.0,0.0,7.46,36,3420.4,1,0.0,0,Potential Customers
CUST110258,0.0,0,0.0,2.0,0.0,4.52,400,165.92,1,0.0,2,At-Risk Customers
CUST110259,3282.09,2,1641.045,12.0,1.0,16.42,118,4603.71,1,1.0,1,Loyal Customers
CUST110260,6009.33,3,2003.11,1.0,0.0,5.33,168,9112.42,1,0.0,3,High Value Customers
CUST110261,10986.53,3,3662.1766666666667,3.0,0.0,1.59,349,15287.6,1,0.0,3,High Value Customers
CUST110262,5214.26,4,1303.565,1.0,0.0,3.09,147,7537.77,1,1.0,3,High Value Customers
CUST110263,2613.63,1,2613.63,7.0,0.0,23.312000000000044,23,3531.03,1,0.0,0,Potential Customers
CUST110264,1035.24,1,1035.24,1.0,0.0,1.59,259,1347.39,1,0.0,0,Potential Customers
CUST110265,1621.75,1,1621.75,2.0,0.0,5.67,327,2532.62,1,0.0,0,Potential Customers
CUST110266,0.0,0,0.0,5.0,0.0,19.72,400,0.0,1,0.0,2,At-Risk Customers
CUST110267,3867.94,2,1933.97,2.0,1.0,1.72,9,5239.11,1,0.0,0,Potential Customers
CUST110268,5223.55,2,2611.775,4.0,0.0,12.33,363,6956.21,1,0.0,3,High Value Customers
CUST110269,0.0,0,0.0,5.0,0.0,12.31,400,0.0,1,0.0,2,At-Risk Customers
CUST110270,0.0,0,0.0,1.0,0.0,3.37,400,0.0,1,0.0,2,At-Risk Customers
CUST110271,6425.36,3,2141.7866666666664,1.0,0.0,1.1,287,8579.97,1,0.0,3,High Value Customers
CUST110272,9411.87,4,2352.9675,3.0,0.0,6.3,73,12306.64,1,0.0,3,High Value Customers
CUST110273,601.98,1,601.98,1.0,0.0,3.87,268,940.06,1,0.0,2,At-Risk Customers
CUST110274,3156.0,1,3156.0,2.0,0.0,3.61,238,3888.09,1,0.0,0,Potential Customers
CUST110275,1536.94,1,1536.94,2.0,0.0,6.59,223,2004.42,1,0.0,0,Potential Customers
CUST110276,0.0,0,0.0,1.0,0.0,4.15,400,0.0,1,0.0,2,At-Risk Customers
CUST110277,1482.08,1,1482.08,0.0,0.0,1.36,263,2115.7,1,0.0,0,Potential Customers
CUST110278,796.94,1,796.94,5.0,0.0,3.8,283,1304.77,1,0.0,2,At-Risk Customers
CUST110279,6293.3,3,2097.766666666667,2.0,0.0,5.31,11,8909.94,1,0.0,3,High Value Customers
CUST110280,2184.96,1,2184.96,1.0,0.0,5.82,99,2687.66,1,0.0,0,Potential Customers
CUST110281,5963.95,2,2981.975,2.0,0.0,10.07,48,8375.12,1,0.0,3,High Value Customers
CUST110282,7324.86,3,2441.62,2.0,0.0,1.06,313,10447.61,1,0.0,3,High Value Customers
CUST110283,0.0,0,0.0,4.0,0.0,8.35,400,0.0,1,0.0,2,At-Risk Customers
CUST110284,2446.59,1,2446.59,3.0,2.0,3.15,53,3540.67,1,0.0,1,Loyal Customers
CUST110285,0.0,0,0.0,1.0,0.0,4.69,400,55.26,1,0.0,2,At-Risk Customers
CUST110286,5534.54,2,2767.27,4.0,0.0,7.56,122,7500.8,1,0.0,3,High Value Customers
CUST110287,0.0,0,0.0,2.0,0.0,2.42,400,0.0,1,0.0,2,At-Risk Customers
CUST110288,1962.28,2,981.14,1.0,0.0,3.14,177,3248.78,1,0.0,0,Potential Customers
CUST110289,0.0,0,0.0,4.0,0.0,6.1,400,0.0,1,0.0,2,At-Risk Customers
CUST110290,0.0,0,0.0,5.0,0.0,2.72,400,0.0,1,0.0,2,At-Risk Customers
CUST110291,1104.41,1,1104.41,1.0,0.0,5.18,308,1831.96,1,0.0,0,Potential Customers
CUST110292,2295.11,1,2295.11,0.0,0.0,1.93,316,3184.7,1,0.0,0,Potential Customers
CUST110293,0.0,0,0.0,5.0,0.0,9.59,400,0.0,1,0.0,2,At-Risk Customers
CUST110294,1194.36,1,1194.36,2.0,0.0,6.96,205,1864.81,1,0.0,0,Potential Customers
CUST110295,2138.01,1,2138.01,1.0,0.0,2.41,121,2667.95,1,0.0,0,Potential Customers
CUST110296,0.0,0,0.0,2.0,0.0,8.81,400,0.0,1,1.0,2,At-Risk Customers
CUST110297,1226.23,1,1226.23,2.0,0.0,5.52,140,1823.38,1,0.0,0,Potential Customers
CUST110298,0.0,0,0.0,0.0,0.0,2.1,400,49.47,1,0.0,2,At-Risk Customers
CUST110299,2972.09,1,2972.09,2.0,0.0,6.63,329,4219.3,1,1.0,0,Potential Customers
CUST110300,1566.55,1,1566.55,2.0,0.0,6.76,296,2130.28,1,0.0,0,Potential Customers
CUST110301,4210.52,2,2105.26,1.0,0.0,1.35,224,5422.11,1,1.0,0,Potential Customers
CUST110302,2011.91,1,2011.91,1.0,0.0,0.76,358,2623.62,1,0.0,0,Potential Customers
CUST110303,4456.19,2,2228.095,5.0,0.0,3.09,104,5317.58,1,1.0,0,Potential Customers
CUST110304,1730.45,2,865.225,0.0,0.0,2.44,135,2545.58,1,0.0,0,Potential Customers
CUST110305,6419.13,2,3209.565,4.0,2.0,6.39,269,7737.47,1,0.0,1,Loyal Customers
CUST110306,1134.45,1,1134.45,1.0,0.0,2.57,317,1616.35,1,0.0,0,Potential Customers
CUST110307,0.0,0,0.0,2.0,0.0,2.69,400,0.0,1,0.0,2,At-Risk Customers
CUST110308,0.0,0,0.0,4.0,0.0,14.57,400,45.46,1,0.0,2,At-Risk Customers
CUST110309,5035.71,2,2517.855,4.0,0.0,9.89,158,6460.41,1,0.0,3,High Value Customers
CUST110310,4803.48,2,2401.74,4.0,0.0,4.02,294,6165.96,1,1.0,3,High Value Customers
CUST110311,1832.14,1,1832.14,2.0,0.0,10.56,101,2963.21,1,1.0,0,Potential Customers
CUST110312,1342.41,1,1342.41,2.0,0.0,12.3,69,1875.27,1,0.0,0,Potential Customers
CUST110313,2263.31,1,2263.31,0.0,0.0,3.73,154,2875.55,1,0.0,0,Potential Customers
CUST110314,1032.87,1,1032.87,2.0,0.0,3.13,280,1327.47,1,0.0,0,Potential Customers
CUST110315,2760.07,1,2760.07,0.0,0.0,1.09,303,3818.25,1,0.0,0,Potential Customers
CUST110316,0.0,0,0.0,3.0,0.0,1.61,400,206.22,1,0.0,2,At-Risk Customers
CUST110317,7907.91,5,1581.5819999999999,2.0,0.0,3.81,254,9901.05,1,0.0,3,High Value Customers
CUST110318,8402.94,2,4201.47,2.0,0.0,2.96,134,11452.05,1,0.0,3,High Value Customers
CUST110319,0.0,0,0.0,1.0,0.0,3.24,400,0.0,1,1.0,2,At-Risk Customers
CUST110320,2622.48,4,655.62,3.0,0.0,5.29,257,4292.56,1,0.0,0,Potential Customers
CUST110321,3918.85,2,1959.425,2.0,0.0,14.27,29,4837.44,1,0.0,0,Potential Customers
CUST110322,2308.88,1,2308.88,2.0,0.0,2.72,275,3229.36,1,1.0,0,Potential Customers
CUST110323,4656.6,2,2328.3,2.0,0.0,2.73,291,6823.69,1,0.0,3,High Value Customers
CUST110324,1364.0,1,1364.0,3.0,0.0,3.75,23,2020.14,1,0.0,0,Potential Customers
CUST110325,0.0,0,0.0,1.0,0.0,3.43,400,0.0,1,0.0,2,At-Risk Customers
CUST110326,2185.65,1,2185.65,5.0,0.0,13.48,43,3233.11,1,0.0,0,Potential Customers
CUST110327,3473.99,3,1157.9966666666667,2.0,0.0,3.59,97,5546.21,1,0.0,0,Potential Customers
CUST110328,0.0,0,0.0,3.0,0.0,7.79,400,0.0,1,0.0,2,At-Risk Customers
CUST110329,4208.39,2,2104.195,8.0,0.0,23.312000000000044,303,5626.39,1,0.0,0,Potential Customers
CUST110330,2928.73,1,2928.73,3.0,1.0,13.89,162,3783.47,1,1.0,0,Potential Customers
CUST110331,3863.93,2,1931.965,2.0,0.0,3.63,348,5552.96,1,0.0,0,Potential Customers
CUST110332,4657.09,2,2328.545,3.0,0.0,2.97,262,5985.02,1,0.0,3,High Value Customers
CUST110333,3236.97,2,1618.485,2.0,0.0,2.11,185,4193.76,1,1.0,0,Potential Customers
CUST110334,3066.45,1,3066.45,0.0,0.0,4.43,164,4179.62,1,0.0,0,Potential Customers
CUST110335,4582.32,2,2291.16,2.0,0.0,1.37,2,6264.56,1,0.0,3,High Value Customers
CUST110336,7078.54,3,2359.5133333333333,3.0,0.0,19.75,95,9601.35,1,1.0,3,High Value Customers
CUST110337,2332.89,1,2332.89,2.0,0.0,2.81,324,3492.09,1,1.0,0,Potential Customers
CUST110338,0.0,0,0.0,2.0,0.0,4.23,400,121.25,1,0.0,2,At-Risk Customers
CUST110339,6657.25,3,2219.0833333333335,3.0,0.0,4.99,344,9043.26,1,0.0,3,High Value Customers
CUST110340,278.74,1,278.74,0.0,0.0,1.78,24,488.48,1,0.0,0,Potential Customers
CUST110341,0.0,0,0.0,4.0,0.0,8.31,400,0.0,1,0.0,2,At-Risk Customers
CUST110342,5030.1,2,2515.05,2.0,0.0,5.74,168,6446.52,1,0.0,3,High Value Customers
CUST110343,1480.67,1,1480.67,2.0,0.0,3.4,113,2216.04,1,1.0,0,Potential Customers
CUST110344,0.0,0,0.0,3.0,0.0,5.38,400,0.0,1,0.0,2,At-Risk Customers
CUST110345,2223.26,1,2223.26,4.0,0.0,3.89,310,3483.37,1,0.0,0,Potential Customers
CUST110346,1590.2,1,1590.2,0.0,0.0,4.09,28,2024.16,1,0.0,0,Potential Customers
CUST110347,3161.86,1,3161.86,2.0,0.0,2.58,98,3965.02,1,0.0,0,Potential Customers
CUST110348,1610.17,1,1610.17,1.0,0.0,4.49,240,2213.27,1,0.0,0,Potential Customers
CUST110349,4466.9,2,2233.45,4.0,0.0,5.54,321,6236.5,1,1.0,3,High Value Customers
CUST110350,8195.25,3,2731.75,0.0,0.0,2.32,321,11616.21,1,0.0,3,High Value Customers
CUST110351,3002.64,3,1000.88,3.0,0.0,5.05,205,4396.61,1,0.0,0,Potential Customers
CUST110352,0.0,0,0.0,3.0,0.0,1.07,400,176.75,1,0.0,2,At-Risk Customers
CUST110353,5560.02,2,2780.01,2.0,0.0,9.85,291,6840.49,1,0.0,3,High Value Customers
CUST110354,0.0,0,0.0,2.0,0.0,1.75,400,163.78,1,0.0,2,At-Risk Customers
CUST110355,0.0,0,0.0,3.0,0.0,1.24,400,39.87,1,0.0,2,At-Risk Customers
CUST110356,2631.42,3,877.14,2.0,0.0,2.91,284,4374.9,1,1.0,0,Potential Customers
CUST110357,0.0,0,0.0,2.0,0.0,4.85,400,0.0,1,0.0,2,At-Risk Customers
CUST110358,6982.16,3,2327.3866666666668,1.0,0.0,3.36,206,10129.27,1,0.0,3,High Value Customers
CUST110359,3019.23,1,3019.23,3.0,0.0,7.32,176,3337.57,1,0.0,0,Potential Customers
CUST110360,1516.51,1,1516.51,5.0,0.0,3.51,54,1890.13,1,1.0,0,Potential Customers
CUST110361,10312.29,3,3437.4300000000003,1.0,0.0,3.61,221,14257.57,1,0.0,3,High Value Customers
CUST110362,0.0,0,0.0,1.0,0.0,3.79,400,45.33,1,0.0,2,At-Risk Customers
CUST110363,961.53,2,480.765,3.0,0.0,13.82,155,1654.69,1,0.0,0,Potential Customers
CUST110364,489.45,1,489.45,4.0,0.0,3.14,78,704.27,1,0.0,0,Potential Customers
CUST110365,0.0,0,0.0,4.0,0.0,23.312000000000044,400,0.0,1,0.0,2,At-Risk Customers
CUST110366,3424.61,2,1712.305,4.0,3.0,16.9,59,4394.89,1,1.0,1,Loyal Customers
CUST110367,1699.35,1,1699.35,2.0,0.0,1.84,9,2424.9,1,0.0,0,Potential Customers
CUST110368,2957.55,2,1478.775,3.0,0.0,8.09,128,3978.64,1,1.0,0,Potential Customers
CUST110369,1683.51,1,1683.51,2.0,0.0,2.75,178,2351.73,1,0.0,0,Potential Customers
CUST110370,4851.92,2,2425.96,2.0,2.0,4.69,209,5794.3,1,1.0,1,Loyal Customers
CUST110371,0.0,0,0.0,4.0,0.0,1.38,400,62.99,1,0.0,2,At-Risk Customers
CUST110372,1714.15,2,857.075,1.0,0.0,4.0,273,2267.26,1,0.0,0,Potential Customers
CUST110373,0.0,0,0.0,6.0,0.0,23.312000000000044,400,16.81,1,0.0,2,At-Risk Customers
CUST110374,6440.2,3,2146.733333333333,1.0,0.0,2.47,324,9363.79,1,0.0,3,High Value Customers
CUST110375,1002.81,2,501.405,2.0,0.0,7.27,34,1601.18,1,0.0,0,Potential Customers
CUST110376,0.0,0,0.0,1.0,0.0,4.73,400,30.46,1,0.0,2,At-Risk Customers
CUST110377,693.84,1,693.84,0.0,0.0,2.99,105,1202.53,1,0.0,0,Potential Customers
CUST110378,10402.0,4,2600.5,2.0,0.0,10.17,168,12606.1,1,0.0,3,High Value Customers
CUST110379,1394.22,1,1394.22,2.0,0.0,3.15,223,1900.09,1,0.0,0,Potential Customers
CUST110380,0.0,0,0.0,4.0,3.0,4.23,400,0.0,1,1.0,1,Loyal Customers
CUST110381,1994.47,2,997.235,1.0,0.0,5.14,31,3045.41,1,0.0,0,Potential Customers
CUST110382,3191.42,2,1595.71,1.0,0.0,10.22,325,4851.02,1,0.0,0,Potential Customers
CUST110383,2840.98,1,2840.98,2.0,0.0,3.31,213,3674.59,1,0.0,0,Potential Customers
CUST110384,5757.01,2,2878.505,8.0,0.0,21.18,117,7488.32,1,0.0,3,High Value Customers
CUST110385,0.0,0,0.0,1.0,0.0,1.24,400,6.78,1,0.0,2,At-Risk Customers
CUST110386,0.0,0,0.0,5.0,0.0,2.86,400,60.65,1,0.0,2,At-Risk Customers
CUST110387,0.0,0,0.0,4.0,0.0,10.33,400,0.0,1,0.0,2,At-Risk Customers
CUST110388,2009.1,1,2009.1,3.0,0.0,2.92,152,2681.05,1,0.0,0,Potential Customers
CUST110389,2130.78,1,2130.78,1.0,0.0,4.9,142,2942.84,1,0.0,0,Potential Customers
CUST110390,962.79,1,962.79,1.0,0.0,2.21,195,1605.41,1,0.0,0,Potential Customers
CUST110391,3317.04,3,1105.68,3.0,0.0,1.61,42,5047.59,1,1.0,0,Potential Customers
CUST110392,11589.14840000001,5,2317.8296800000016,1.0,0.0,3.02,11,17260.03,1,0.0,3,High Value Customers
CUST110393,1236.33,1,1236.33,2.0,0.0,7.37,35,1674.14,1,0.0,0,Potential Customers
CUST110394,1401.89,1,1401.89,2.0,0.0,2.84,300,2045.22,1,0.0,0,Potential Customers
CUST110395,5452.25,2,2726.125,3.0,0.0,4.08,331,7579.4,1,0.0,3,High Value Customers
CUST110396,2560.6,1,2560.6,3.0,0.0,3.05,206,3480.99,1,0.0,0,Potential Customers
CUST110397,2250.04,2,1125.02,1.0,0.0,6.99,113,3507.78,1,0.0,0,Potential Customers
CUST110398,5442.26,2,2721.13,0.0,0.0,1.41,205,7710.76,1,1.0,3,High Value Customers
CUST110399,6480.32,3,2160.1066666666666,4.0,0.0,4.01,185,8235.18,1,0.0,3,High Value Customers
CUST110400,0.0,0,0.0,0.0,0.0,3.4,400,0.0,1,0.0,2,At-Risk Customers
CUST110401,4925.32,2,2462.66,4.0,0.0,23.312000000000044,164,6063.94,1,0.0,3,High Value Customers
CUST110402,5233.03,3,1744.3433333333332,4.0,0.0,10.17,35,7371.48,1,0.0,3,High Value Customers
CUST110403,1661.05,1,1661.05,2.0,0.0,1.29,189,2195.33,1,1.0,0,Potential Customers
CUST110404,0.0,0,0.0,1.0,0.0,5.59,400,0.0,1,0.0,2,At-Risk Customers
CUST110405,0.0,0,0.0,2.0,0.0,5.96,400,0.0,1,0.0,2,At-Risk Customers
CUST110406,2034.82,1,2034.82,1.0,0.0,3.29,40,2859.94,1,1.0,0,Potential Customers
CUST110407,0.0,0,0.0,5.0,0.0,16.94,400,221.86,1,1.0,2,At-Risk Customers
CUST110408,0.0,0,0.0,2.0,0.0,5.87,400,0.0,1,0.0,2,At-Risk Customers
CUST110409,2522.32,2,1261.16,2.0,0.0,2.62,77,3526.27,1,0.0,0,Potential Customers
CUST110410,4941.73,3,1647.243333333333,5.0,0.0,6.67,332,7371.58,1,0.0,3,High Value Customers
CUST110411,0.0,0,0.0,1.0,0.0,3.12,400,0.0,1,0.0,2,At-Risk Customers
CUST110412,314.43,1,314.43,2.0,0.0,3.27,279,722.77,1,1.0,2,At-Risk Customers
CUST110413,0.0,0,0.0,1.0,0.0,9.54,400,17.38,1,0.0,2,At-Risk Customers
CUST110414,0.0,0,0.0,2.0,0.0,6.34,400,115.52,1,0.0,2,At-Risk Customers
CUST110415,1351.77,1,1351.77,3.0,0.0,9.2,166,1801.93,1,0.0,0,Potential Customers
CUST110416,1364.99,5,272.998,2.0,0.0,0.76,46,2911.17,1,0.0,0,Potential Customers
CUST110417,1677.86,1,1677.86,4.0,0.0,5.58,63,2208.13,1,0.0,0,Potential Customers
CUST110418,2703.64,1,2703.64,4.0,0.0,12.61,13,3666.7,1,0.0,0,Potential Customers
CUST110419,0.0,0,0.0,0.0,0.0,1.99,400,0.0,1,0.0,2,At-Risk Customers
CUST110420,0.0,0,0.0,1.0,0.0,4.92,400,137.78,1,0.0,2,At-Risk Customers
CUST110421,0.0,0,0.0,2.0,0.0,3.73,400,140.49,1,0.0,2,At-Risk Customers
CUST110422,0.0,0,0.0,4.0,0.0,7.23,400,0.0,1,0.0,2,At-Risk Customers
CUST110423,2174.44,1,2174.44,1.0,0.0,2.99,7,2742.34,1,1.0,0,Potential Customers
CUST110424,1857.19,2,928.595,1.0,0.0,7.63,37,3164.69,1,0.0,0,Potential Customers
CUST110425,1652.43,1,1652.43,5.0,0.0,3.58,140,2192.21,1,0.0,0,Potential Customers
CUST110426,3885.71,3,1295.2366666666667,6.0,0.0,23.312000000000044,327,6091.29,1,1.0,0,Potential Customers
CUST110427,6071.11,4,1517.7775,6.0,3.0,5.65,176,7496.79,1,0.0,1,Loyal Customers
CUST110428,0.0,0,0.0,7.0,0.0,21.78,400,43.36,1,0.0,2,At-Risk Customers
CUST110429,0.0,0,0.0,2.0,3.0,6.91,400,108.55,1,0.0,1,Loyal Customers
CUST110430,1456.07,1,1456.07,2.0,0.0,3.37,235,1923.97,1,0.0,0,Potential Customers
CUST110431,5026.58,3,1675.5266666666666,1.0,0.0,4.52,331,7002.66,1,0.0,3,High Value Customers
CUST110432,5156.76,3,1718.92,2.0,0.0,5.76,99,6849.66,1,0.0,3,High Value Customers
CUST110433,0.0,0,0.0,3.0,0.0,0.88,400,0.0,1,0.0,2,At-Risk Customers
CUST110434,3084.69,1,3084.69,2.0,0.0,8.61,314,3498.62,1,0.0,0,Potential Customers
CUST110435,1969.65,1,1969.65,5.0,0.0,4.94,256,2329.54,1,0.0,0,Potential Customers
CUST110436,1396.25,2,698.125,2.0,0.0,6.44,2,2536.75,1,0.0,0,Potential Customers
CUST110437,949.15,1,949.15,3.0,0.0,6.77,64,1300.64,1,0.0,0,Potential Customers
CUST110438,2386.55,1,2386.55,0.0,0.0,1.77,242,3323.79,1,0.0,0,Potential Customers
CUST110439,1821.97,1,1821.97,1.0,0.0,4.67,311,2451.02,1,0.0,0,Potential Customers
CUST110440,1255.41,1,1255.41,4.0,0.0,4.41,216,1884.13,1,0.0,0,Potential Customers
CUST110441,3270.03,1,3270.03,1.0,0.0,1.84,126,3740.66,1,0.0,0,Potential Customers
CUST110442,546.24,1,546.24,3.0,0.0,12.12,226,1233.07,1,0.0,0,Potential Customers
CUST110443,2124.94,1,2124.94,8.0,1.0,16.27,116,3142.38,1,1.0,1,Loyal Customers
CUST110444,0.0,0,0.0,1.0,0.0,3.34,400,79.92,1,0.0,2,At-Risk Customers
CUST110445,11589.14840000001,4,2897.2871000000023,3.0,0.0,6.26,105,13960.99,1,0.0,3,High Value Customers
CUST110446,1122.95,1,1122.95,4.0,0.0,4.2,289,1593.81,1,0.0,0,Potential Customers
CUST110447,3451.57,4,862.8925,2.0,0.0,3.39,141,5923.01,1,0.0,3,High Value Customers
CUST110448,1268.38,3,422.79333333333335,3.0,0.0,3.19,62,2630.48,1,1.0,0,Potential Customers
CUST110449,0.0,0,0.0,1.0,0.0,1.8,400,0.0,1,0.0,2,At-Risk Customers
CUST110450,0.0,0,0.0,1.0,0.0,5.62,400,0.0,1,0.0,2,At-Risk Customers
CUST110451,1448.62,1,1448.62,3.0,1.0,2.78,363,1994.3,1,0.0,0,Potential Customers
CUST110452,3097.85,3,1032.6166666666666,6.0,0.0,6.61,73,3923.82,1,0.0,0,Potential Customers
CUST110453,1712.05,1,1712.05,2.0,0.0,3.17,93,1952.04,1,1.0,0,Potential Customers
CUST110454,11589.14840000001,5,2317.8296800000016,1.0,0.0,1.9,315,16118.68,1,1.0,3,High Value Customers
CUST110455,1811.77,1,1811.77,2.0,0.0,2.66,73,2211.02,1,0.0,0,Potential Customers
CUST110456,3539.98,2,1769.99,1.0,0.0,5.51,69,4279.67,1,1.0,0,Potential Customers
CUST110457,0.0,0,0.0,1.0,0.0,3.36,400,6.68,1,0.0,2,At-Risk Customers
CUST110458,2170.86,1,2170.86,1.0,0.0,2.24,234,3297.38,1,0.0,0,Potential Customers
CUST110459,3200.66,2,1600.33,6.0,2.0,13.17,190,4366.21,1,1.0,1,Loyal Customers
CUST110460,0.0,0,0.0,4.0,0.0,1.65,400,0.0,1,0.0,2,At-Risk Customers
CUST110461,0.0,0,0.0,4.0,0.0,10.62,400,0.0,1,0.0,2,At-Risk Customers
CUST110462,0.0,0,0.0,5.0,0.0,9.39,400,27.82,1,1.0,2,At-Risk Customers
CUST110463,3067.69,2,1533.845,4.0,0.0,7.92,286,4502.05,1,0.0,0,Potential Customers
CUST110464,2794.39,2,1397.195,1.0,0.0,7.28,54,3938.91,1,0.0,0,Potential Customers
CUST110465,0.0,0,0.0,2.0,0.0,2.48,400,37.49,1,1.0,2,At-Risk Customers
CUST110466,2635.01,1,2635.01,2.0,0.0,2.9,15,3716.48,1,0.0,0,Potential Customers
CUST110467,1834.62,1,1834.62,3.0,0.0,16.4,347,2181.16,1,0.0,0,Potential Customers
CUST110468,2806.76,1,2806.76,1.0,0.0,8.94,250,3287.47,1,0.0,0,Potential Customers
CUST110469,2507.3,1,2507.3,4.0,0.0,6.07,222,3237.79,1,0.0,0,Potential Customers
CUST110470,4691.2,3,1563.7333333333333,0.0,0.0,2.87,20,5995.76,1,0.0,3,High Value Customers
CUST110471,7747.79,3,2582.596666666667,1.0,0.0,2.3,104,10414.08,1,0.0,3,High Value Customers
CUST110472,0.0,0,0.0,0.0,0.0,1.9,400,0.0,1,0.0,2,At-Risk Customers
CUST110473,288.09,1,288.09,3.0,0.0,2.64,79,716.79,1,0.0,0,Potential Customers
CUST110474,2351.35,2,1175.675,2.0,0.0,3.56,143,3414.32,1,1.0,0,Potential Customers
CUST110475,0.0,0,0.0,2.0,0.0,4.83,400,0.0,1,0.0,2,At-Risk Customers
CUST110476,0.0,0,0.0,6.0,2.0,9.99,400,0.0,1,1.0,1,Loyal Customers
CUST110477,4353.24,3,1451.08,2.0,0.0,19.21,214,6180.06,1,0.0,3,High Value Customers
CUST110478,0.0,0,0.0,1.0,0.0,12.35,400,109.33,1,0.0,2,At-Risk Customers
CUST110479,758.22,1,758.22,2.0,0.0,1.78,351,1094.93,1,0.0,2,At-Risk Customers
CUST110480,2082.32,1,2082.32,1.0,0.0,2.53,143,2741.27,1,0.0,0,Potential Customers
CUST110481,1990.71,1,1990.71,1.0,0.0,2.21,352,2364.36,1,0.0,0,Potential Customers
CUST110482,3390.46,2,1695.23,1.0,0.0,9.32,308,4720.77,1,0.0,0,Potential Customers
CUST110483,11589.14840000001,4,2897.2871000000023,6.0,0.0,7.53,286,21118.93,1,0.0,3,High Value Customers
CUST110484,789.57,1,789.57,6.0,0.0,3.09,28,1480.25,1,0.0,0,Potential Customers
CUST110485,0.0,0,0.0,2.0,0.0,4.06,400,157.84,1,0.0,2,At-Risk Customers
CUST110486,6631.95,2,3315.975,2.0,0.0,5.14,146,8229.36,1,0.0,3,High Value Customers
CUST110487,2593.2,2,1296.6,2.0,0.0,6.48,253,3155.81,1,0.0,0,Potential Customers
CUST110488,1938.67,1,1938.67,3.0,0.0,10.54,32,2273.89,1,0.0,0,Potential Customers
CUST110489,1007.17,1,1007.17,4.0,0.0,5.11,287,1567.15,1,0.0,0,Potential Customers
CUST110490,4661.51,2,2330.755,0.0,0.0,3.83,116,6475.19,1,0.0,3,High Value Customers
CUST110491,826.84,2,413.42,1.0,0.0,5.91,334,1834.9,1,0.0,2,At-Risk Customers
CUST110492,0.0,0,0.0,3.0,0.0,3.82,400,0.0,1,0.0,2,At-Risk Customers
CUST110493,2262.74,1,2262.74,2.0,0.0,5.86,76,3053.49,1,0.0,0,Potential Customers
CUST110494,2954.01,1,2954.01,0.0,0.0,3.89,135,3186.28,1,0.0,0,Potential Customers
CUST110495,1499.63,1,1499.63,1.0,0.0,10.21,193,2004.12,1,0.0,0,Potential Customers
CUST110496,0.0,0,0.0,2.0,0.0,10.84,400,24.48,1,0.0,2,At-Risk Customers
CUST110497,1111.17,1,1111.17,2.0,0.0,3.86,206,1347.59,1,0.0,0,Potential Customers
CUST110498,1646.77,1,1646.77,2.0,0.0,18.97,245,2077.54,1,1.0,0,Potential Customers
CUST110499,1943.35,2,971.675,1.0,0.0,5.1,280,3004.91,1,0.0,0,Potential Customers
CUST110500,5413.14,2,2706.57,1.0,0.0,5.94,254,7337.94,1,1.0,3,High Value Customers
CUST110501,3324.92,1,3324.92,5.0,0.0,12.11,167,3786.59,1,0.0,0,Potential Customers
CUST110502,2608.17,1,2608.17,7.0,0.0,18.23,313,3809.47,1,0.0,0,Potential Customers
CUST110503,2017.15,1,2017.15,5.0,0.0,10.09,43,3068.96,1,0.0,0,Potential Customers
CUST110504,0.0,0,0.0,3.0,0.0,5.57,400,0.0,1,0.0,2,At-Risk Customers
CUST110505,5237.54,2,2618.77,2.0,3.0,3.39,8,7178.47,1,0.0,1,Loyal Customers
CUST110506,4500.84,3,1500.28,2.0,0.0,5.52,263,6144.25,1,1.0,3,High Value Customers
CUST110507,0.0,0,0.0,2.0,0.0,6.73,400,0.0,1,1.0,2,At-Risk Customers
CUST110508,7727.63,2,3863.815,2.0,0.0,5.92,311,8865.05,1,0.0,3,High Value Customers
CUST110509,2228.36,1,2228.36,2.0,0.0,3.77,66,3053.46,1,0.0,0,Potential Customers
CUST110510,9527.68,3,3175.8933333333334,3.0,0.0,2.6,73,12614.28,1,1.0,3,High Value Customers
CUST110511,8811.54,3,2937.1800000000003,2.0,0.0,5.08,50,10592.81,1,1.0,3,High Value Customers
CUST110512,3915.77,3,1305.2566666666667,3.0,3.0,2.76,95,6229.1,1,0.0,1,Loyal Customers
CUST110513,2087.66,1,2087.66,0.0,0.0,1.35,103,3067.71,1,0.0,0,Potential Customers
CUST110514,2040.23,2,1020.115,1.0,0.0,2.33,137,3212.43,1,0.0,0,Potential Customers
CUST110515,270.67,1,270.67,2.0,0.0,3.16,120,643.93,1,0.0,0,Potential Customers
CUST110516,2479.93,2,1239.965,2.0,0.0,2.48,230,3730.07,1,0.0,0,Potential Customers
CUST110517,8505.5,2,4252.75,1.0,0.0,5.0,116,11705.65,1,0.0,3,High Value Customers
CUST110518,0.0,0,0.0,1.0,0.0,1.77,400,0.0,1,0.0,2,At-Risk Customers
CUST110519,5386.28,2,2693.14,1.0,0.0,1.9,7,7029.53,1,0.0,3,High Value Customers
CUST110520,3053.78,2,1526.89,1.0,0.0,10.23,177,4329.32,1,0.0,0,Potential Customers
CUST110521,3774.67,1,3774.67,2.0,0.0,8.13,152,4770.33,1,0.0,0,Potential Customers
CUST110522,0.0,0,0.0,4.0,0.0,5.23,400,8.34,1,0.0,2,At-Risk Customers
CUST110523,6347.87,3,2115.9566666666665,5.0,0.0,11.24,328,7982.12,1,0.0,3,High Value Customers
CUST110524,3883.34,1,3883.34,0.0,0.0,2.56,276,4838.9,1,0.0,0,Potential Customers
CUST110525,6325.72,4,1581.43,3.0,0.0,7.04,352,8199.67,1,0.0,3,High Value Customers
CUST110526,3083.77,1,3083.77,2.0,0.0,3.67,79,4073.22,1,0.0,0,Potential Customers
CUST110527,2333.57,1,2333.57,1.0,0.0,11.85,261,3200.37,1,1.0,0,Potential Customers
CUST110528,1394.9,1,1394.9,2.0,3.0,4.91,5,2196.52,1,0.0,1,Loyal Customers
CUST110529,678.85,2,339.425,1.0,0.0,2.25,217,1751.12,1,0.0,0,Potential Customers
CUST110530,0.0,0,0.0,5.0,0.0,10.83,400,122.63,1,0.0,2,At-Risk Customers
CUST110531,1955.56,1,1955.56,1.0,0.0,3.16,61,3063.85,1,0.0,0,Potential Customers
CUST110532,681.21,1,681.21,1.0,0.0,1.82,33,1109.01,1,0.0,0,Potential Customers
CUST110533,6918.75,4,1729.6875,2.0,0.0,12.08,70,10128.17,1,0.0,3,High Value Customers
CUST110534,1514.4,1,1514.4,7.0,0.0,6.5,114,2321.81,1,0.0,0,Potential Customers
CUST110535,0.0,0,0.0,2.0,0.0,2.27,400,0.0,1,0.0,2,At-Risk Customers
CUST110536,1631.12,1,1631.12,1.0,0.0,3.86,74,2118.8,1,0.0,0,Potential Customers
CUST110537,0.0,0,0.0,1.0,0.0,3.78,400,0.0,1,0.0,2,At-Risk Customers
CUST110538,2438.46,2,1219.23,3.0,2.0,2.22,239,3013.92,1,1.0,1,Loyal Customers
CUST110539,1329.1,1,1329.1,1.0,3.0,2.28,325,1764.44,1,1.0,1,Loyal Customers
CUST110540,8433.46,3,2811.153333333333,2.0,0.0,3.87,172,11470.58,1,0.0,3,High Value Customers
CUST110541,3040.1,1,3040.1,2.0,0.0,8.26,30,4009.87,1,0.0,0,Potential Customers
CUST110542,1911.97,1,1911.97,3.0,0.0,7.44,98,2458.9,1,0.0,0,Potential Customers
CUST110543,2064.58,2,1032.29,2.0,0.0,2.82,324,2915.8,1,0.0,0,Potential Customers
CUST110544,0.0,0,0.0,2.0,1.0,7.43,400,63.01,1,1.0,2,At-Risk Customers
CUST110545,0.0,0,0.0,3.0,0.0,11.78,400,92.16,1,0.0,2,At-Risk Customers
CUST110546,1210.89,1,1210.89,1.0,0.0,2.28,2,1839.01,1,0.0,0,Potential Customers
CUST110547,2184.83,2,1092.415,4.0,0.0,6.94,89,2630.79,1,0.0,0,Potential Customers
CUST110548,3471.0,2,1735.5,1.0,0.0,4.19,106,4564.57,1,0.0,0,Potential Customers
CUST110549,2577.2,1,2577.2,5.0,0.0,3.43,306,3131.41,1,0.0,0,Potential Customers
CUST110550,9124.76,3,3041.5866666666666,4.0,0.0,4.19,25,12426.03,1,1.0,3,High Value Customers
CUST110551,9373.11,3,3124.3700000000003,3.0,0.0,7.32,44,13100.78,1,0.0,3,High Value Customers
CUST110552,3312.39,3,1104.1299999999999,0.0,0.0,1.71,183,5148.78,1,0.0,0,Potential Customers
CUST110553,304.26,1,304.26,2.0,3.0,4.15,270,594.25,1,1.0,1,Loyal Customers
CUST110554,1150.93,1,1150.93,3.0,0.0,3.21,361,1701.55,1,0.0,2,At-Risk Customers
CUST110555,0.0,0,0.0,1.0,0.0,4.21,400,0.0,1,1.0,2,At-Risk Customers
CUST110556,0.0,0,0.0,4.0,0.0,3.64,400,46.25,1,0.0,2,At-Risk Customers
CUST110557,2486.82,2,1243.41,3.0,2.0,2.45,9,3859.91,1,1.0,1,Loyal Customers
CUST110558,0.0,0,0.0,4.0,0.0,15.52,400,101.98,1,0.0,2,At-Risk Customers
CUST110559,4248.93,2,2124.465,1.0,0.0,0.76,17,5840.82,1,0.0,0,Potential Customers
CUST110560,314.97,1,314.97,5.0,0.0,6.18,298,696.32,1,0.0,2,At-Risk Customers
CUST110561,1883.72,1,1883.72,4.0,0.0,6.22,45,2380.52,1,0.0,0,Potential Customers
CUST110562,3271.69,1,3271.69,5.0,0.0,4.38,281,4443.08,1,0.0,0,Potential Customers
CUST110563,0.0,0,0.0,1.0,0.0,5.04,400,279.51,1,0.0,2,At-Risk Customers
CUST110564,0.0,0,0.0,5.0,0.0,6.47,400,0.0,1,0.0,2,At-Risk Customers
CUST110565,1445.88,1,1445.88,2.0,0.0,2.87,45,2019.32,1,0.0,0,Potential Customers
CUST110566,0.0,0,0.0,1.0,0.0,3.21,400,39.93,1,0.0,2,At-Risk Customers
CUST110567,0.0,0,0.0,2.0,0.0,3.33,400,0.0,1,0.0,2,At-Risk Customers
CUST110568,4443.85,2,2221.925,4.0,0.0,5.8,276,5295.9,1,0.0,0,Potential Customers
CUST110569,956.6,1,956.6,5.0,3.0,5.95,128,1322.63,1,0.0,1,Loyal Customers
CUST110570,1314.85,1,1314.85,2.0,0.0,1.99,336,1608.85,1,0.0,0,Potential Customers
CUST110571,2894.48,1,2894.48,1.0,0.0,3.99,205,3699.07,1,0.0,0,Potential Customers
CUST110572,4419.02,2,2209.51,1.0,0.0,2.71,14,6380.63,1,0.0,3,High Value Customers
CUST110573,0.0,0,0.0,0.0,0.0,2.16,400,66.95,1,0.0,2,At-Risk Customers
CUST110574,1508.45,1,1508.45,3.0,0.0,3.0,3,1865.73,1,0.0,0,Potential Customers
CUST110575,0.0,0,0.0,1.0,0.0,1.91,400,0.0,1,0.0,2,At-Risk Customers
CUST110576,2424.78,1,2424.78,1.0,0.0,1.18,74,3269.4,1,1.0,0,Potential Customers
CUST110577,5822.89,2,2911.445,2.0,0.0,4.43,168,7525.51,1,0.0,3,High Value Customers
CUST110578,5798.07,3,1932.6899999999998,1.0,0.0,8.08,335,8585.13,1,0.0,3,High Value Customers
CUST110579,8064.38,4,2016.095,1.0,0.0,3.37,291,10588.41,1,0.0,3,High Value Customers
CUST110580,0.0,0,0.0,2.0,0.0,7.97,400,0.0,1,0.0,2,At-Risk Customers
CUST110581,0.0,0,0.0,2.0,0.0,7.17,400,150.7,1,0.0,2,At-Risk Customers
CUST110582,1088.38,4,272.095,2.0,0.0,2.27,82,2258.15,1,0.0,0,Potential Customers
CUST110583,3582.46,2,1791.23,0.0,0.0,2.34,310,4783.5,1,0.0,0,Potential Customers
CUST110584,1666.51,1,1666.51,1.0,0.0,1.53,330,1967.64,1,0.0,0,Potential Customers
CUST110585,0.0,0,0.0,3.0,0.0,4.92,400,350.76,1,0.0,2,At-Risk Customers
CUST110586,4865.24,2,2432.62,1.0,0.0,5.96,67,5514.27,1,1.0,3,High Value Customers
CUST110587,10195.64,3,3398.5466666666666,5.0,0.0,4.15,123,12772.1,1,0.0,3,High Value Customers
CUST110588,0.0,0,0.0,2.0,0.0,2.42,400,123.14,1,0.0,2,At-Risk Customers
CUST110589,0.0,0,0.0,1.0,0.0,3.93,400,13.22,1,0.0,2,At-Risk Customers
CUST110590,2239.1,2,1119.55,1.0,0.0,6.75,165,3187.72,1,0.0,0,Potential Customers
CUST110591,5529.99,2,2764.995,2.0,0.0,6.28,18,7455.97,1,0.0,3,High Value Customers
CUST110592,1665.68,1,1665.68,0.0,0.0,5.94,56,2430.61,1,0.0,0,Potential Customers
CUST110593,2311.4,1,2311.4,3.0,0.0,5.17,166,2932.95,1,0.0,0,Potential Customers
CUST110594,1824.56,1,1824.56,5.0,0.0,9.23,120,2341.38,1,0.0,0,Potential Customers
CUST110595,0.0,0,0.0,0.0,0.0,2.09,400,108.38,1,0.0,2,At-Risk Customers
CUST110596,469.39,1,469.39,1.0,0.0,2.71,328,795.47,1,1.0,2,At-Risk Customers
CUST110597,3180.0,2,1590.0,1.0,0.0,2.15,103,4567.06,1,0.0,0,Potential Customers
CUST110598,1441.46,1,1441.46,3.0,0.0,3.11,76,1701.14,1,0.0,0,Potential Customers
CUST110599,0.0,0,0.0,5.0,0.0,11.51,400,0.0,1,0.0,2,At-Risk Customers
CUST110600,0.0,0,0.0,2.0,0.0,2.42,400,119.74,1,0.0,2,At-Risk Customers
CUST110601,0.0,0,0.0,1.0,0.0,2.45,400,19.21,1,0.0,2,At-Risk Customers
CUST110602,7838.35,3,2612.7833333333333,2.0,0.0,1.25,22,10976.87,1,0.0,3,High Value Customers
CUST110603,4126.68,2,2063.34,2.0,0.0,6.43,76,5196.26,1,0.0,0,Potential Customers
CUST110604,3428.53,1,3428.53,2.0,0.0,4.01,224,4770.5,1,0.0,0,Potential Customers
CUST110605,11589.14840000001,3,3863.0494666666696,2.0,0.0,10.85,122,15974.96,1,1.0,3,High Value Customers
CUST110606,2307.39,1,2307.39,3.0,0.0,10.9,156,3180.99,1,0.0,0,Potential Customers
CUST110607,0.0,0,0.0,0.0,0.0,1.87,400,0.0,1,0.0,2,At-Risk Customers
CUST110608,3018.6,2,1509.3,3.0,0.0,3.89,330,3648.14,1,0.0,0,Potential Customers
CUST110609,0.0,0,0.0,3.0,0.0,9.93,400,8.46,1,0.0,2,At-Risk Customers
CUST110610,9564.64,3,3188.213333333333,3.0,0.0,2.44,297,12525.05,1,0.0,3,High Value Customers
CUST110611,1893.4,1,1893.4,4.0,0.0,8.12,141,2261.71,1,1.0,0,Potential Customers
CUST110612,3394.06,2,1697.03,2.0,0.0,0.76,216,4754.71,1,1.0,0,Potential Customers
CUST110613,2616.38,1,2616.38,3.0,0.0,3.91,234,3431.27,1,1.0,0,Potential Customers
CUST110614,3094.28,2,1547.14,2.0,0.0,2.63,206,4466.94,1,0.0,0,Potential Customers
CUST110615,0.0,0,0.0,3.0,2.0,8.58,400,13.1,1,0.0,1,Loyal Customers
CUST110616,2442.86,2,1221.43,2.0,0.0,3.13,337,3576.34,1,0.0,0,Potential Customers
CUST110617,0.0,0,0.0,2.0,0.0,7.23,400,0.0,1,0.0,2,At-Risk Customers
CUST110618,2674.76,1,2674.76,2.0,0.0,5.88,12,3115.43,1,0.0,0,Potential Customers
CUST110619,1929.05,2,964.525,2.0,0.0,2.4,329,3232.07,1,0.0,0,Potential Customers
CUST110620,5956.85,2,2978.425,2.0,0.0,7.59,164,7848.9,1,0.0,3,High Value Customers
CUST110621,0.0,0,0.0,1.0,0.0,5.97,400,43.53,1,0.0,2,At-Risk Customers
CUST110622,0.0,0,0.0,3.0,0.0,1.42,400,174.05,1,0.0,2,At-Risk Customers
CUST110623,1111.92,1,1111.92,2.0,0.0,5.88,179,1577.52,1,0.0,0,Potential Customers
CUST110624,0.0,0,0.0,2.0,0.0,2.93,400,0.0,1,0.0,2,At-Risk Customers
CUST110625,2404.38,1,2404.38,5.0,0.0,5.65,241,3030.72,1,0.0,0,Potential Customers
CUST110626,4270.25,4,1067.5625,0.0,0.0,4.87,360,5560.84,1,1.0,3,High Value Customers
CUST110627,3086.25,1,3086.25,3.0,0.0,8.28,344,3903.19,1,0.0,0,Potential Customers
CUST110628,0.0,0,0.0,2.0,0.0,7.93,400,44.16,1,1.0,2,At-Risk Customers
CUST110629,2882.8,1,2882.8,1.0,0.0,2.36,254,3724.25,1,1.0,0,Potential Customers
CUST110630,7058.71,2,3529.355,2.0,3.0,2.84,67,9340.24,1,1.0,1,Loyal Customers
CUST110631,6144.42,3,2048.14,1.0,0.0,3.42,151,8941.19,1,0.0,3,High Value Customers
CUST110632,0.0,0,0.0,3.0,0.0,8.61,400,0.0,1,0.0,2,At-Risk Customers
CUST110633,1635.2,2,817.6,3.0,0.0,3.08,222,2564.86,1,0.0,0,Potential Customers
CUST110634,2723.55,1,2723.55,2.0,0.0,5.11,150,3192.73,1,0.0,0,Potential Customers
CUST110635,1946.3,1,1946.3,4.0,0.0,7.68,90,2812.3,1,0.0,0,Potential Customers
CUST110636,0.0,0,0.0,3.0,0.0,4.21,400,0.0,1,0.0,2,At-Risk Customers
CUST110637,2087.76,2,1043.88,2.0,0.0,13.69,197,2724.69,1,0.0,0,Potential Customers
CUST110638,2380.18,1,2380.18,1.0,0.0,2.79,99,3029.49,1,0.0,0,Potential Customers
CUST110639,6219.08,2,3109.54,1.0,0.0,5.94,163,8150.95,1,0.0,3,High Value Customers
CUST110640,6466.67,2,3233.335,4.0,0.0,5.37,345,8888.02,1,0.0,3,High Value Customers
CUST110641,0.0,0,0.0,2.0,0.0,4.44,400,10.33,1,0.0,2,At-Risk Customers
CUST110642,0.0,0,0.0,1.0,0.0,0.91,400,43.7,1,0.0,2,At-Risk Customers
CUST110643,1358.01,2,679.005,0.0,0.0,3.35,19,1991.39,1,0.0,0,Potential Customers
CUST110644,1314.21,1,1314.21,2.0,0.0,1.2,132,1876.55,1,0.0,0,Potential Customers
CUST110645,4053.87,2,2026.935,2.0,0.0,2.87,135,4997.32,1,0.0,0,Potential Customers
CUST110646,1224.54,1,1224.54,2.0,0.0,3.85,163,1499.1,1,0.0,0,Potential Customers
CUST110647,0.0,0,0.0,4.0,3.0,20.35,400,116.99,1,0.0,1,Loyal Customers
CUST110648,932.51,1,932.51,3.0,0.0,6.88,352,1630.43,1,0.0,2,At-Risk Customers
CUST110649,6231.35,2,3115.675,0.0,0.0,1.97,205,8078.07,1,0.0,3,High Value Customers
CUST110650,774.33,1,774.33,2.0,0.0,4.67,55,1157.02,1,0.0,0,Potential Customers
CUST110651,6319.66,4,1579.915,0.0,0.0,5.45,223,8915.55,1,1.0,3,High Value Customers
CUST110652,4353.43,2,2176.715,2.0,0.0,4.35,312,5353.13,1,0.0,0,Potential Customers
CUST110653,3773.5,2,1886.75,4.0,0.0,4.11,124,5722.52,1,0.0,0,Potential Customers
CUST110654,1666.33,1,1666.33,1.0,0.0,2.75,340,2327.85,1,0.0,0,Potential Customers
CUST110655,2694.98,1,2694.98,2.0,3.0,5.22,194,3522.19,1,0.0,1,Loyal Customers
CUST110656,8963.55,3,2987.85,2.0,0.0,4.87,206,11166.88,1,0.0,3,High Value Customers
CUST110657,2179.39,1,2179.39,3.0,0.0,6.53,135,2799.73,1,0.0,0,Potential Customers
CUST110658,503.97,1,503.97,2.0,0.0,7.3,137,763.75,1,1.0,0,Potential Customers
CUST110659,1631.2,1,1631.2,5.0,0.0,7.13,324,2298.35,1,0.0,0,Potential Customers
CUST110660,2355.51,1,2355.51,2.0,0.0,4.37,85,3554.24,1,0.0,0,Potential Customers
CUST110661,6554.99,3,2184.9966666666664,4.0,0.0,3.62,59,8200.19,1,0.0,3,High Value Customers
CUST110662,0.0,0,0.0,2.0,0.0,6.81,400,0.0,1,0.0,2,At-Risk Customers
CUST110663,5845.81,2,2922.905,2.0,0.0,2.28,336,7736.04,1,0.0,3,High Value Customers
CUST110664,3291.52,1,3291.52,2.0,0.0,0.76,127,4294.55,1,0.0,0,Potential Customers
CUST110665,6777.85,2,3388.925,1.0,0.0,1.2,111,9316.57,1,0.0,3,High Value Customers
CUST110666,1519.83,1,1519.83,1.0,0.0,1.09,250,1899.69,1,0.0,0,Potential Customers
CUST110667,4555.2,2,2277.6,5.0,0.0,6.01,266,5912.69,1,0.0,0,Potential Customers
CUST110668,6350.44,2,3175.22,1.0,0.0,4.45,245,8747.22,1,0.0,3,High Value Customers
CUST110669,6443.61,3,2147.87,1.0,0.0,7.04,249,8952.17,1,0.0,3,High Value Customers
CUST110670,2972.81,1,2972.81,4.0,3.0,5.83,222,3866.98,1,1.0,1,Loyal Customers
CUST110671,3095.63,2,1547.815,3.0,0.0,8.39,148,4236.57,1,0.0,0,Potential Customers
CUST110672,2043.04,1,2043.04,4.0,1.0,8.95,112,2423.72,1,0.0,0,Potential Customers
CUST110673,0.0,0,0.0,4.0,0.0,7.86,400,99.52,1,0.0,2,At-Risk Customers
CUST110674,2072.22,2,1036.11,1.0,0.0,7.98,211,3348.42,1,0.0,0,Potential Customers
CUST110675,1617.54,1,1617.54,5.0,0.0,12.77,70,1969.68,1,0.0,0,Potential Customers
CUST110676,1652.62,1,1652.62,7.0,0.0,17.42,271,2394.25,1,0.0,0,Potential Customers
CUST110677,3104.56,1,3104.56,1.0,1.0,4.27,114,4235.62,1,1.0,0,Potential Customers
CUST110678,0.0,0,0.0,6.0,0.0,11.89,400,8.14,1,0.0,2,At-Risk Customers
CUST110679,2165.59,1,2165.59,0.0,0.0,2.7,25,2739.87,1,0.0,0,Potential Customers
CUST110680,688.97,1,688.97,1.0,1.0,2.8,5,1055.33,1,1.0,0,Potential Customers
CUST110681,3438.7,2,1719.35,6.0,0.0,12.95,295,4368.89,1,1.0,0,Potential Customers
CUST110682,379.93,1,379.93,2.0,0.0,4.35,9,636.04,1,0.0,0,Potential Customers
CUST110683,0.0,0,0.0,1.0,0.0,1.26,400,0.0,1,0.0,2,At-Risk Customers
CUST110684,2205.55,1,2205.55,0.0,0.0,1.75,205,2942.3,1,0.0,0,Potential Customers
CUST110685,7992.77,3,2664.2566666666667,2.0,0.0,2.36,94,9554.96,1,0.0,3,High Value Customers
CUST110686,0.0,0,0.0,0.0,0.0,1.78,400,21.27,1,0.0,2,At-Risk Customers
CUST110687,2775.45,2,1387.725,2.0,0.0,5.9,312,3610.34,1,0.0,0,Potential Customers
CUST110688,2142.96,1,2142.96,1.0,0.0,2.22,347,2657.33,1,0.0,0,Potential Customers
CUST110689,3539.81,2,1769.905,2.0,0.0,3.33,201,4375.6,1,1.0,0,Potential Customers
CUST110690,0.0,0,0.0,2.0,0.0,2.65,400,157.23,1,0.0,2,At-Risk Customers
CUST110691,0.0,0,0.0,0.0,0.0,1.56,400,127.09,1,0.0,2,At-Risk Customers
CUST110692,1259.16,1,1259.16,1.0,0.0,1.61,213,1883.11,1,0.0,0,Potential Customers
CUST110693,4325.4,2,2162.7,5.0,0.0,7.68,308,5790.05,1,0.0,0,Potential Customers
CUST110694,1932.45,1,1932.45,3.0,0.0,5.1,163,2304.53,1,0.0,0,Potential Customers
CUST110695,2924.46,1,2924.46,2.0,0.0,0.76,29,3831.24,1,0.0,0,Potential Customers
CUST110696,3915.17,3,1305.0566666666666,4.0,0.0,2.6,337,5598.09,1,1.0,0,Potential Customers
CUST110697,2149.0,1,2149.0,1.0,0.0,7.58,349,2920.06,1,0.0,0,Potential Customers
CUST110698,2578.43,1,2578.43,2.0,0.0,6.02,29,3079.82,1,1.0,0,Potential Customers
CUST110699,5734.56,2,2867.28,5.0,0.0,17.95,71,8003.44,1,1.0,3,High Value Customers
CUST110700,0.0,0,0.0,7.0,0.0,3.39,400,0.0,1,0.0,2,At-Risk Customers
CUST110701,0.0,0,0.0,1.0,0.0,5.27,400,0.0,1,0.0,2,At-Risk Customers
CUST110702,4331.58,2,2165.79,1.0,0.0,2.19,117,5869.2,1,0.0,0,Potential Customers
CUST110703,1187.26,1,1187.26,0.0,0.0,1.37,356,1924.71,1,0.0,2,At-Risk Customers
CUST110704,5768.53,2,2884.265,2.0,0.0,5.23,120,6864.06,1,1.0,3,High Value Customers
CUST110705,6719.3,2,3359.65,1.0,0.0,3.08,31,9794.26,1,0.0,3,High Value Customers
CUST110706,666.93,2,333.465,5.0,0.0,23.312000000000044,204,1401.7,1,0.0,0,Potential Customers
CUST110707,0.0,0,0.0,1.0,0.0,2.69,400,0.0,1,0.0,2,At-Risk Customers
CUST110708,3064.41,2,1532.205,0.0,0.0,3.02,132,4277.05,1,0.0,0,Potential Customers
CUST110709,6807.44,4,1701.86,4.0,0.0,4.29,258,9097.8,1,0.0,3,High Value Customers
CUST110710,0.0,0,0.0,2.0,0.0,7.83,400,0.0,1,0.0,2,At-Risk Customers
CUST110711,10140.24,3,3380.08,2.0,0.0,7.38,19,14069.48,1,1.0,3,High Value Customers
CUST110712,1820.0,2,910.0,1.0,0.0,1.27,30,2789.37,1,0.0,0,Potential Customers
CUST110713,987.66,1,987.66,3.0,0.0,4.02,294,1705.61,1,0.0,0,Potential Customers
CUST110714,5296.85,2,2648.425,3.0,0.0,3.62,290,7755.85,1,0.0,3,High Value Customers
CUST110715,0.0,0,0.0,2.0,0.0,0.76,400,0.0,1,0.0,2,At-Risk Customers
CUST110716,4536.35,2,2268.175,4.0,0.0,4.06,287,5575.83,1,0.0,0,Potential Customers
CUST110717,3980.31,2,1990.155,3.0,2.0,1.99,39,5405.83,1,0.0,1,Loyal Customers
CUST110718,5344.44,2,2672.22,5.0,0.0,9.28,345,7457.45,1,0.0,3,High Value Customers
CUST110719,1106.75,1,1106.75,2.0,0.0,5.16,293,1567.93,1,0.0,0,Potential Customers
CUST110720,3953.22,2,1976.61,2.0,0.0,8.61,30,5465.57,1,0.0,0,Potential Customers
CUST110721,2039.08,1,2039.08,3.0,0.0,9.35,100,2812.48,1,1.0,0,Potential Customers
CUST110722,10578.47,3,3526.1566666666663,4.0,0.0,2.95,230,13018.78,1,1.0,3,High Value Customers
CUST110723,3074.65,2,1537.325,4.0,0.0,23.312000000000044,27,4504.88,1,0.0,0,Potential Customers
CUST110724,3189.92,1,3189.92,2.0,0.0,8.99,34,4610.45,1,0.0,0,Potential Customers
CUST110725,603.48,1,603.48,1.0,0.0,4.74,51,1188.54,1,0.0,0,Potential Customers
CUST110726,7899.06,3,2633.02,2.0,0.0,2.28,311,11235.65,1,0.0,3,High Value Customers
CUST110727,605.61,1,605.61,1.0,0.0,11.15,245,1154.52,1,0.0,0,Potential Customers
CUST110728,1031.44,1,1031.44,1.0,0.0,4.13,156,1358.46,1,1.0,0,Potential Customers
CUST110729,0.0,0,0.0,0.0,0.0,2.34,400,0.0,1,0.0,2,At-Risk Customers
CUST110730,1435.29,1,1435.29,5.0,0.0,15.5,249,2060.51,1,0.0,0,Potential Customers
CUST110731,0.0,0,0.0,1.0,0.0,14.355770082597331,400,88.19,1,0.0,2,At-Risk Customers
CUST110732,0.0,0,0.0,2.0,1.0,2.54,400,30.68,1,0.0,2,At-Risk Customers
CUST110733,545.35,2,272.675,0.0,0.0,2.71,168,1509.13,1,0.0,0,Potential Customers
CUST110734,9048.03,4,2262.0075,5.0,0.0,7.5,212,11189.67,1,1.0,3,High Value Customers
CUST110735,2665.33,1,2665.33,2.0,0.0,3.17,129,3039.96,1,0.0,0,Potential Customers
CUST110736,9084.32,3,3028.1066666666666,2.0,0.0,2.51,64,11392.31,1,1.0,3,High Value Customers
CUST110737,1332.96,1,1332.96,4.0,0.0,8.42,244,1853.78,1,0.0,0,Potential Customers
CUST110738,0.0,0,0.0,3.0,0.0,7.01,400,125.45,1,0.0,2,At-Risk Customers
CUST110739,2504.18,1,2504.18,1.0,0.0,3.32,264,3297.59,1,0.0,0,Potential Customers
CUST110740,0.0,0,0.0,2.0,0.0,4.77,400,0.0,1,0.0,2,At-Risk Customers
CUST110741,0.0,0,0.0,4.0,0.0,1.84,400,32.84,1,0.0,2,At-Risk Customers
CUST110742,2026.47,1,2026.47,3.0,0.0,3.45,162,3033.2,1,0.0,0,Potential Customers
CUST110743,3281.42,2,1640.71,4.0,0.0,3.86,251,4380.94,1,0.0,0,Potential Customers
CUST110744,3272.62,2,1636.31,2.0,0.0,1.64,8,4396.82,1,0.0,0,Potential Customers
CUST110745,0.0,0,0.0,2.0,0.0,1.27,400,0.0,1,0.0,2,At-Risk Customers
CUST110746,0.0,0,0.0,1.0,0.0,3.07,400,91.62,1,0.0,2,At-Risk Customers
CUST110747,0.0,0,0.0,3.0,0.0,8.49,400,0.0,1,0.0,2,At-Risk Customers
CUST110748,273.89,1,273.89,1.0,0.0,6.09,281,497.07,1,0.0,2,At-Risk Customers
CUST110749,0.0,0,0.0,0.0,0.0,2.67,400,0.0,1,0.0,2,At-Risk Customers
CUST110750,3107.07,2,1553.535,2.0,0.0,23.312000000000044,89,4137.24,1,1.0,0,Potential Customers
CUST110751,3028.8,2,1514.4,1.0,0.0,1.91,306,4348.21,1,1.0,0,Potential Customers
CUST110752,1752.73,2,876.365,4.0,0.0,5.96,118,2844.42,1,0.0,0,Potential Customers
CUST110753,0.0,0,0.0,2.0,0.0,2.8,400,60.84,1,0.0,2,At-Risk Customers
CUST110754,2650.92,2,1325.46,3.0,0.0,9.48,199,3525.83,1,0.0,0,Potential Customers
CUST110755,2786.06,2,1393.03,3.0,1.0,3.74,195,3906.74,1,1.0,0,Potential Customers
CUST110756,0.0,0,0.0,1.0,0.0,3.43,400,0.0,1,0.0,2,At-Risk Customers
CUST110757,4340.62,2,2170.31,7.0,0.0,7.96,89,4826.43,1,0.0,0,Potential Customers
CUST110758,4091.19,3,1363.73,1.0,0.0,3.61,198,5154.6,1,1.0,0,Potential Customers
CUST110759,3175.53,1,3175.53,3.0,0.0,6.8,227,3859.84,1,0.0,0,Potential Customers
CUST110760,2450.67,1,2450.67,1.0,0.0,3.76,264,3304.27,1,1.0,0,Potential Customers
CUST110761,5215.47,2,2607.735,2.0,0.0,0.76,191,6524.02,1,0.0,3,High Value Customers
CUST110762,3813.59,2,1906.795,3.0,0.0,18.34,88,5286.94,1,1.0,0,Potential Customers
CUST110763,1389.0,1,1389.0,3.0,0.0,5.83,64,2074.72,1,0.0,0,Potential Customers
CUST110764,4664.94,2,2332.47,1.0,0.0,3.27,272,5340.12,1,0.0,0,Potential Customers
CUST110765,1970.04,1,1970.04,4.0,0.0,10.54,72,2342.19,1,0.0,0,Potential Customers
CUST110766,1341.11,1,1341.11,4.0,0.0,2.06,111,1669.49,1,1.0,0,Potential Customers
CUST110767,0.0,0,0.0,0.0,0.0,2.14,400,76.07,1,0.0,2,At-Risk Customers
CUST110768,7530.7,3,2510.233333333333,1.0,0.0,1.51,203,10614.26,1,0.0,3,High Value Customers
CUST110769,5088.37,2,2544.185,3.0,0.0,3.52,57,5894.89,1,0.0,3,High Value Customers
CUST110770,1327.25,1,1327.25,1.0,0.0,23.312000000000044,213,2233.73,1,0.0,0,Potential Customers
CUST110771,1257.4,1,1257.4,2.0,0.0,3.31,265,1592.4,1,0.0,0,Potential Customers
CUST110772,0.0,0,0.0,2.0,0.0,1.45,400,83.42,1,0.0,2,At-Risk Customers
CUST110773,8170.08,4,2042.52,3.0,1.0,2.51,15,11045.7,1,1.0,3,High Value Customers
CUST110774,0.0,0,0.0,2.0,0.0,5.58,400,227.22,1,0.0,2,At-Risk Customers
CUST110775,311.12,1,311.12,5.0,0.0,10.55,156,480.76,1,0.0,0,Potential Customers
CUST110776,2793.51,2,1396.755,4.0,0.0,4.02,125,3943.66,1,0.0,0,Potential Customers
CUST110777,1934.38,1,1934.38,0.0,0.0,2.86,288,2544.23,1,0.0,0,Potential Customers
CUST110778,0.0,0,0.0,3.0,0.0,6.3,400,0.0,1,0.0,2,At-Risk Customers
CUST110779,0.0,0,0.0,2.0,0.0,9.25,400,0.0,1,0.0,2,At-Risk Customers
CUST110780,0.0,0,0.0,4.0,0.0,8.9,400,0.0,1,0.0,2,At-Risk Customers
CUST110781,1118.88,1,1118.88,4.0,0.0,5.8,342,1546.85,1,0.0,2,At-Risk Customers
CUST110782,7403.67,3,2467.89,2.0,0.0,2.39,363,10389.16,1,0.0,3,High Value Customers
CUST110783,3288.26,1,3288.26,2.0,0.0,3.9,46,4831.81,1,0.0,0,Potential Customers
CUST110784,1312.12,1,1312.12,2.0,0.0,4.81,115,1895.58,1,0.0,0,Potential Customers
CUST110785,0.0,0,0.0,1.0,0.0,0.76,400,6.49,1,0.0,2,At-Risk Customers
CUST110786,1194.38,1,1194.38,2.0,0.0,4.13,8,1987.71,1,0.0,0,Potential Customers
CUST110787,0.0,0,0.0,3.0,0.0,13.56,400,0.0,1,0.0,2,At-Risk Customers
CUST110788,4529.97,3,1509.99,2.0,0.0,2.59,226,5882.1,1,0.0,3,High Value Customers
CUST110789,5815.29,2,2907.645,5.0,0.0,1.14,173,8271.02,1,0.0,3,High Value Customers
CUST110790,6934.55,4,1733.6375,1.0,0.0,2.54,214,9282.84,1,0.0,3,High Value Customers
CUST110791,0.0,0,0.0,2.0,0.0,2.48,400,0.0,1,0.0,2,At-Risk Customers
CUST110792,2151.17,1,2151.17,5.0,0.0,8.77,155,2632.75,1,0.0,0,Potential Customers
CUST110793,8702.97,3,2900.99,4.0,1.0,23.312000000000044,294,11624.38,1,1.0,3,High Value Customers
CUST110794,0.0,0,0.0,3.0,0.0,4.52,400,0.0,1,0.0,2,At-Risk Customers
CUST110795,2184.22,1,2184.22,1.0,0.0,2.23,165,3251.81,1,0.0,0,Potential Customers
CUST110796,0.0,0,0.0,2.0,0.0,1.74,400,0.0,1,0.0,2,At-Risk Customers
CUST110797,0.0,0,0.0,1.0,0.0,8.35,400,0.0,1,0.0,2,At-Risk Customers
CUST110798,3975.45,2,1987.725,3.0,0.0,6.73,189,5461.84,1,0.0,0,Potential Customers
CUST110799,1590.92,1,1590.92,5.0,0.0,9.21,242,1902.77,1,0.0,0,Potential Customers
CUST110800,0.0,0,0.0,2.0,0.0,2.8,400,52.99,1,0.0,2,At-Risk Customers
CUST110801,0.0,0,0.0,1.0,1.0,12.71,400,0.0,1,0.0,2,At-Risk Customers
CUST110802,11498.56,3,3832.853333333333,2.0,0.0,4.58,158,14102.76,1,0.0,3,High Value Customers
CUST110803,6037.49,2,3018.745,1.0,0.0,2.46,215,7834.47,1,0.0,3,High Value Customers
CUST110804,6020.17,3,2006.7233333333334,6.0,0.0,0.96,170,7755.52,1,0.0,3,High Value Customers
CUST110805,1045.6,1,1045.6,0.0,0.0,2.83,290,1734.32,1,0.0,0,Potential Customers
CUST110806,0.0,0,0.0,3.0,1.0,2.81,400,0.0,1,0.0,2,At-Risk Customers
CUST110807,2341.16,1,2341.16,0.0,0.0,1.92,69,3139.45,1,0.0,0,Potential Customers
CUST110808,0.0,0,0.0,9.0,0.0,5.55,400,0.0,1,0.0,2,At-Risk Customers
CUST110809,2952.1,2,1476.05,1.0,0.0,2.5,66,4921.65,1,0.0,0,Potential Customers
CUST110810,0.0,0,0.0,3.0,0.0,2.08,400,237.9,1,0.0,2,At-Risk Customers
CUST110811,4940.68,2,2470.34,4.0,0.0,2.13,233,6840.14,1,0.0,3,High Value Customers
CUST110812,5481.07,2,2740.535,4.0,0.0,1.5,223,6673.41,1,0.0,3,High Value Customers
CUST110813,6590.45,3,2196.8166666666666,2.0,0.0,2.72,83,8675.13,1,0.0,3,High Value Customers
CUST110814,8648.58,3,2882.86,2.0,0.0,2.77,87,10966.88,1,0.0,3,High Value Customers
CUST110815,0.0,0,0.0,3.0,0.0,3.42,400,166.37,1,0.0,2,At-Risk Customers
CUST110816,3173.0,2,1586.5,2.0,0.0,5.3,90,4522.22,1,0.0,0,Potential Customers
CUST110817,2060.37,2,1030.185,3.0,0.0,11.84,204,2914.02,1,0.0,0,Potential Customers
CUST110818,1006.4,1,1006.4,5.0,0.0,8.23,145,1771.61,1,0.0,0,Potential Customers
CUST110819,1649.85,1,1649.85,1.0,0.0,1.36,58,2050.88,1,0.0,0,Potential Customers
CUST110820,2342.24,1,2342.24,6.0,0.0,7.58,207,2784.51,1,0.0,0,Potential Customers
CUST110821,1711.0,1,1711.0,3.0,0.0,8.65,346,2522.19,1,0.0,0,Potential Customers
CUST110822,263.38,1,263.38,2.0,0.0,6.89,99,891.22,1,0.0,0,Potential Customers
CUST110823,0.0,0,0.0,1.0,0.0,2.96,400,174.72,1,0.0,2,At-Risk Customers
CUST110824,720.48,1,720.48,2.0,0.0,11.3,137,1176.2,1,0.0,0,Potential Customers
CUST110825,0.0,0,0.0,1.0,0.0,2.16,400,0.0,1,0.0,2,At-Risk Customers
CUST110826,1172.69,1,1172.69,1.0,0.0,8.56,9,1292.12,1,0.0,0,Potential Customers
CUST110827,2388.89,1,2388.89,2.0,0.0,8.38,269,3127.42,1,0.0,0,Potential Customers
CUST110828,0.0,0,0.0,3.0,0.0,5.75,400,0.0,1,0.0,2,At-Risk Customers
CUST110829,1143.84,2,571.92,2.0,0.0,1.15,79,2070.46,1,0.0,0,Potential Customers
CUST110830,0.0,0,0.0,1.0,0.0,4.67,400,229.42,1,0.0,2,At-Risk Customers
CUST110831,11589.14840000001,5,2317.8296800000016,1.0,0.0,7.26,264,16944.49,1,0.0,3,High Value Customers
CUST110832,4204.89,2,2102.445,1.0,0.0,4.19,154,5148.35,1,0.0,0,Potential Customers
CUST110833,9309.44,3,3103.146666666667,4.0,0.0,3.83,154,12909.81,1,0.0,3,High Value Customers
CUST110834,0.0,0,0.0,1.0,0.0,3.12,400,136.3,1,0.0,2,At-Risk Customers
CUST110835,2968.07,1,2968.07,2.0,0.0,2.8,228,4042.44,1,0.0,0,Potential Customers
CUST110836,2793.39,3,931.13,3.0,0.0,3.79,286,4429.89,1,0.0,0,Potential Customers
CUST110837,1619.25,4,404.8125,2.0,0.0,9.38,44,3393.09,1,0.0,0,Potential Customers
CUST110838,2336.7,4,584.175,0.0,0.0,2.48,19,3924.99,1,0.0,0,Potential Customers
CUST110839,11157.87,3,3719.2900000000004,4.0,0.0,5.34,347,15213.14,1,0.0,3,High Value Customers
CUST110840,5329.6,3,1776.5333333333335,1.0,0.0,0.76,119,6504.39,1,0.0,3,High Value Customers
CUST110841,631.41,2,315.705,2.0,0.0,4.02,76,1453.12,1,0.0,0,Potential Customers
CUST110842,0.0,0,0.0,2.0,0.0,6.68,400,0.0,1,0.0,2,At-Risk Customers
CUST110843,0.0,0,0.0,1.0,0.0,8.2,400,0.0,1,0.0,2,At-Risk Customers
CUST110844,1471.05,1,1471.05,0.0,0.0,1.86,246,2260.77,1,0.0,0,Potential Customers
CUST110845,2740.43,1,2740.43,3.0,1.0,4.94,63,3392.07,1,1.0,0,Potential Customers
CUST110846,330.26,1,330.26,3.0,1.0,6.99,207,636.66,1,1.0,2,At-Risk Customers
CUST110847,2912.57,1,2912.57,2.0,0.0,2.3,89,3602.53,1,0.0,0,Potential Customers
CUST110848,0.0,0,0.0,0.0,0.0,1.25,400,0.0,1,0.0,2,At-Risk Customers
CUST110849,5600.97,2,2800.485,1.0,0.0,1.57,62,6883.57,1,1.0,3,High Value Customers
CUST110850,6981.99,2,3490.995,2.0,0.0,1.32,23,9451.91,1,0.0,3,High Value Customers
CUST110851,650.67,1,650.67,4.0,0.0,6.63,288,1009.83,1,0.0,2,At-Risk Customers
CUST110852,3776.4,2,1888.2,3.0,0.0,4.33,105,4408.55,1,0.0,0,Potential Customers
CUST110853,5067.59,2,2533.795,1.0,0.0,2.98,316,6383.34,1,1.0,3,High Value Customers
CUST110854,1128.64,1,1128.64,1.0,0.0,2.16,312,1423.4,1,0.0,0,Potential Customers
CUST110855,5031.61,2,2515.805,1.0,0.0,8.7,170,5651.9,1,1.0,3,High Value Customers
CUST110856,1953.74,1,1953.74,2.0,0.0,3.47,4,2722.24,1,0.0,0,Potential Customers
CUST110857,633.36,2,316.68,5.0,0.0,5.03,232,1286.66,1,0.0,0,Potential Customers
CUST110858,8156.86,2,4078.43,2.0,0.0,2.13,194,10132.56,1,0.0,3,High Value Customers
CUST110859,3016.99,1,3016.99,3.0,0.0,1.76,197,3952.03,1,0.0,0,Potential Customers
CUST110860,2241.23,1,2241.23,3.0,0.0,8.17,145,2990.18,1,0.0,0,Potential Customers
CUST110861,1947.75,1,1947.75,1.0,0.0,4.26,88,2423.69,1,0.0,0,Potential Customers
CUST110862,3820.18,2,1910.09,2.0,0.0,4.53,155,4791.49,1,0.0,0,Potential Customers
CUST110863,0.0,0,0.0,3.0,0.0,5.04,400,72.99,1,0.0,2,At-Risk Customers
CUST110864,1288.53,1,1288.53,5.0,0.0,8.02,320,1589.38,1,0.0,0,Potential Customers
CUST110865,3642.83,2,1821.415,3.0,0.0,9.08,111,5332.45,1,0.0,0,Potential Customers
CUST110866,0.0,0,0.0,3.0,0.0,1.84,400,0.0,1,0.0,2,At-Risk Customers
CUST110867,1900.47,1,1900.47,2.0,0.0,3.35,13,2586.96,1,0.0,0,Potential Customers
CUST110868,621.89,1,621.89,3.0,0.0,1.95,205,976.06,1,0.0,0,Potential Customers
CUST110869,3213.06,2,1606.53,2.0,0.0,4.55,306,4303.9,1,0.0,0,Potential Customers
CUST110870,3080.65,2,1540.325,2.0,0.0,3.06,298,4229.42,1,0.0,0,Potential Customers
CUST110871,0.0,0,0.0,1.0,0.0,3.23,400,119.6,1,0.0,2,At-Risk Customers
CUST110872,4208.72,2,2104.36,3.0,0.0,3.44,64,5105.27,1,0.0,0,Potential Customers
CUST110873,2719.36,1,2719.36,3.0,0.0,3.31,126,3732.97,1,0.0,0,Potential Customers
CUST110874,2745.93,1,2745.93,8.0,0.0,23.312000000000044,324,3714.1,1,0.0,0,Potential Customers
CUST110875,550.54,2,275.27,2.0,2.0,1.04,239,1159.52,1,0.0,1,Loyal Customers
CUST110876,2281.13,1,2281.13,1.0,0.0,3.61,118,3272.73,1,0.0,0,Potential Customers
CUST110877,0.0,0,0.0,6.0,0.0,1.41,400,66.49,1,0.0,2,At-Risk Customers
CUST110878,0.0,0,0.0,1.0,0.0,4.51,400,0.0,1,0.0,2,At-Risk Customers
CUST110879,1652.25,1,1652.25,2.0,0.0,1.49,233,2200.76,1,0.0,0,Potential Customers
CUST110880,1747.02,1,1747.02,2.0,0.0,3.85,243,2267.72,1,0.0,0,Potential Customers
CUST110881,0.0,0,0.0,3.0,0.0,2.41,400,0.0,1,0.0,2,At-Risk Customers
CUST110882,685.95,2,342.975,3.0,0.0,8.55,7,1591.09,1,0.0,0,Potential Customers
CUST110883,1988.98,2,994.49,3.0,0.0,1.42,101,2984.16,1,0.0,0,Potential Customers
CUST110884,0.0,0,0.0,1.0,0.0,1.56,400,0.0,1,0.0,2,At-Risk Customers
CUST110885,4090.13,3,1363.3766666666668,1.0,0.0,1.81,262,6143.03,1,1.0,3,High Value Customers
CUST110886,2694.02,1,2694.02,2.0,0.0,5.23,156,3647.99,1,0.0,0,Potential Customers
CUST110887,2917.29,2,1458.645,2.0,1.0,4.65,252,3559.18,1,0.0,0,Potential Customers
CUST110888,1403.77,1,1403.77,1.0,3.0,3.26,308,1606.45,1,1.0,1,Loyal Customers
CUST110889,5513.47,2,2756.735,6.0,0.0,6.28,201,7769.5,1,0.0,3,High Value Customers
CUST110890,2886.59,2,1443.295,0.0,0.0,0.82,335,3810.72,1,0.0,0,Potential Customers
CUST110891,4220.07,2,2110.035,1.0,0.0,3.38,35,6200.16,1,0.0,0,Potential Customers
CUST110892,0.0,0,0.0,2.0,0.0,3.96,400,0.0,1,0.0,2,At-Risk Customers
CUST110893,6065.24,2,3032.62,1.0,0.0,4.54,81,6948.06,1,0.0,3,High Value Customers
CUST110894,2491.33,2,1245.665,3.0,0.0,4.2,38,3289.78,1,0.0,0,Potential Customers
CUST110895,887.65,1,887.65,3.0,0.0,4.78,276,1489.14,1,0.0,0,Potential Customers
CUST110896,0.0,0,0.0,0.0,0.0,5.49,400,0.0,1,0.0,2,At-Risk Customers
CUST110897,2270.4,5,454.08000000000004,2.0,0.0,15.67,146,4550.68,1,0.0,0,Potential Customers
CUST110898,1660.61,1,1660.61,2.0,0.0,6.62,13,2544.92,1,0.0,0,Potential Customers
CUST110899,3341.9,2,1670.95,0.0,0.0,1.4,281,5117.11,1,0.0,0,Potential Customers
CUST110900,1775.36,1,1775.36,2.0,0.0,7.22,47,2188.1,1,1.0,0,Potential Customers
CUST110901,700.14,1,700.14,1.0,0.0,3.62,251,1033.33,1,0.0,0,Potential Customers
CUST110902,1545.7,1,1545.7,3.0,0.0,2.69,53,2180.45,1,0.0,0,Potential Customers
CUST110903,998.18,1,998.18,3.0,0.0,1.46,51,1457.7,1,0.0,0,Potential Customers
CUST110904,0.0,0,0.0,5.0,0.0,3.27,400,96.39,1,0.0,2,At-Risk Customers
CUST110905,2904.67,2,1452.335,3.0,3.0,4.61,236,3956.48,1,1.0,1,Loyal Customers
CUST110906,581.14,1,581.14,3.0,0.0,6.79,303,828.91,1,0.0,2,At-Risk Customers
CUST110907,3514.51,2,1757.255,1.0,3.0,1.86,67,4721.26,1,0.0,1,Loyal Customers
CUST110908,0.0,0,0.0,2.0,0.0,3.0,400,0.0,1,0.0,2,At-Risk Customers
CUST110909,1048.89,1,1048.89,4.0,0.0,2.84,121,1554.28,1,1.0,0,Potential Customers
CUST110910,0.0,0,0.0,1.0,0.0,2.7,400,0.0,1,0.0,2,At-Risk Customers
CUST110911,0.0,0,0.0,3.0,0.0,1.38,400,11.92,1,0.0,2,At-Risk Customers
CUST110912,2820.14,1,2820.14,3.0,0.0,1.91,155,4024.49,1,0.0,0,Potential Customers
CUST110913,0.0,0,0.0,1.0,0.0,3.25,400,0.0,1,0.0,2,At-Risk Customers
CUST110914,2173.66,1,2173.66,3.0,0.0,6.24,141,3143.34,1,0.0,0,Potential Customers
CUST110915,3076.54,1,3076.54,3.0,0.0,3.42,117,3918.63,1,0.0,0,Potential Customers
CUST110916,2363.13,1,2363.13,2.0,0.0,1.74,166,3116.41,1,0.0,0,Potential Customers
CUST110917,1073.77,1,1073.77,3.0,0.0,3.35,160,1621.38,1,1.0,0,Potential Customers
CUST110918,5175.66,3,1725.22,2.0,0.0,1.68,23,6337.49,1,0.0,3,High Value Customers
CUST110919,2245.29,1,2245.29,1.0,0.0,6.76,181,3173.61,1,0.0,0,Potential Customers
CUST110920,1915.97,1,1915.97,3.0,0.0,11.46,89,2814.24,1,0.0,0,Potential Customers
CUST110921,2927.31,1,2927.31,1.0,0.0,4.29,25,3516.44,1,0.0,0,Potential Customers
CUST110922,7305.71,3,2435.2366666666667,1.0,0.0,6.44,226,10312.4,1,0.0,3,High Value Customers
CUST110923,0.0,0,0.0,2.0,0.0,2.44,400,142.88,1,0.0,2,At-Risk Customers
CUST110924,8057.45,4,2014.3625,3.0,0.0,4.72,264,10962.89,1,0.0,3,High Value Customers
CUST110925,2270.67,1,2270.67,1.0,0.0,3.85,76,2764.32,1,0.0,0,Potential Customers
CUST110926,2156.6,1,2156.6,3.0,3.0,7.89,348,2598.02,1,1.0,1,Loyal Customers
CUST110927,4459.19,2,2229.595,1.0,0.0,2.59,209,5280.55,1,0.0,0,Potential Customers
CUST110928,0.0,0,0.0,1.0,0.0,3.7,400,28.91,1,0.0,2,At-Risk Customers
CUST110929,312.86,1,312.86,2.0,0.0,1.81,171,849.78,1,0.0,0,Potential Customers
CUST110930,2983.19,2,1491.595,2.0,0.0,6.12,354,4087.64,1,0.0,0,Potential Customers
CUST110931,1832.01,1,1832.01,1.0,0.0,2.5,252,2635.11,1,0.0,0,Potential Customers
CUST110932,1045.27,1,1045.27,4.0,0.0,3.12,124,1661.31,1,0.0,0,Potential Customers
CUST110933,1351.63,1,1351.63,1.0,0.0,2.08,246,2012.75,1,0.0,0,Potential Customers
CUST110934,0.0,0,0.0,1.0,0.0,3.4,400,0.0,1,0.0,2,At-Risk Customers
CUST110935,0.0,0,0.0,5.0,0.0,6.41,400,0.0,1,0.0,2,At-Risk Customers
CUST110936,5522.53,4,1380.6325,3.0,2.0,4.98,119,7484.18,1,1.0,1,Loyal Customers
CUST110937,4372.22,3,1457.4066666666668,4.0,0.0,9.49,212,6458.47,1,1.0,3,High Value Customers
CUST110938,0.0,0,0.0,3.0,0.0,2.45,400,0.0,1,0.0,2,At-Risk Customers
CUST110939,2022.16,1,2022.16,1.0,0.0,3.9,337,2461.71,1,0.0,0,Potential Customers
CUST110940,0.0,0,0.0,6.0,0.0,4.02,400,154.64,1,0.0,2,At-Risk Customers
CUST110941,2259.99,2,1129.995,5.0,0.0,2.01,149,3647.86,1,0.0,0,Potential Customers
CUST110942,1462.94,1,1462.94,1.0,0.0,9.02,91,2251.82,1,0.0,0,Potential Customers
CUST110943,2674.9,1,2674.9,6.0,0.0,11.34,47,3685.89,1,1.0,0,Potential Customers
CUST110944,1304.38,1,1304.38,1.0,0.0,1.8,2,1789.62,1,0.0,0,Potential Customers
CUST110945,11589.14840000001,5,2317.8296800000016,6.0,0.0,21.51,303,23842.79,1,0.0,3,High Value Customers
CUST110946,5015.66,2,2507.83,1.0,0.0,3.22,89,6461.22,1,0.0,3,High Value Customers
CUST110947,8193.52,2,4096.76,2.0,0.0,1.2,73,10581.97,1,0.0,3,High Value Customers
CUST110948,2169.9,1,2169.9,2.0,0.0,1.81,48,2971.58,1,0.0,0,Potential Customers
CUST110949,1804.07,1,1804.07,1.0,0.0,3.5,163,2538.27,1,0.0,0,Potential Customers
CUST110950,3686.25,2,1843.125,3.0,0.0,2.93,64,5437.02,1,1.0,0,Potential Customers
CUST110951,1705.74,2,852.87,1.0,0.0,2.25,213,2749.38,1,0.0,0,Potential Customers
CUST110952,2814.87,2,1407.435,2.0,0.0,1.64,34,4325.58,1,0.0,0,Potential Customers
CUST110953,0.0,0,0.0,2.0,0.0,1.46,400,9.96,1,0.0,2,At-Risk Customers
CUST110954,2149.12,2,1074.56,6.0,0.0,12.43,244,3074.88,1,0.0,0,Potential Customers
CUST110955,1963.99,2,981.995,2.0,0.0,5.02,315,3075.46,1,0.0,0,Potential Customers
CUST110956,2392.64,1,2392.64,3.0,0.0,7.89,161,3275.78,1,0.0,0,Potential Customers
CUST110957,3897.79,2,1948.895,3.0,0.0,2.03,265,5038.04,1,0.0,0,Potential Customers
CUST110958,5637.53,2,2818.765,1.0,0.0,2.97,188,6644.1,1,0.0,3,High Value Customers
CUST110959,6511.23,3,2170.41,1.0,0.0,1.93,247,9163.7,1,0.0,3,High Value Customers
CUST110960,1145.42,4,286.355,2.0,0.0,2.77,309,2655.74,1,0.0,0,Potential Customers
CUST110961,0.0,0,0.0,2.0,3.0,8.27,400,0.0,1,0.0,1,Loyal Customers
CUST110962,2138.42,2,1069.21,0.0,0.0,2.9,150,3413.94,1,1.0,0,Potential Customers
CUST110963,688.33,2,344.165,4.0,0.0,3.66,165,1155.94,1,0.0,0,Potential Customers
CUST110964,0.0,0,0.0,1.0,0.0,23.312000000000044,400,9.71,1,0.0,2,At-Risk Customers
CUST110965,0.0,0,0.0,5.0,0.0,6.75,400,0.0,1,0.0,2,At-Risk Customers
CUST110966,6450.01,4,1612.5025,1.0,0.0,2.65,41,9421.1,1,0.0,3,High Value Customers
CUST110967,10530.61,4,2632.6525,2.0,3.0,9.57,297,12219.17,1,0.0,1,Loyal Customers
CUST110968,1997.07,1,1997.07,2.0,2.0,3.09,132,2670.57,1,0.0,1,Loyal Customers
CUST110969,6612.82,4,1653.205,8.0,0.0,22.11,201,8478.03,1,1.0,3,High Value Customers
CUST110970,2602.18,2,1301.09,6.0,0.0,9.38,276,4021.56,1,0.0,0,Potential Customers
CUST110971,5644.69,2,2822.345,3.0,0.0,3.91,107,7407.61,1,0.0,3,High Value Customers
CUST110972,0.0,0,0.0,2.0,0.0,4.25,400,0.0,1,0.0,2,At-Risk Customers
CUST110973,0.0,0,0.0,8.0,0.0,10.59,400,0.0,1,0.0,2,At-Risk Customers
CUST110974,0.0,0,0.0,3.0,1.0,5.09,400,0.0,1,1.0,2,At-Risk Customers
CUST110975,5864.6,3,1954.8666666666668,1.0,0.0,6.17,141,7449.2,1,1.0,3,High Value Customers
CUST110976,1635.81,1,1635.81,4.0,0.0,17.81,238,2450.66,1,1.0,0,Potential Customers
CUST110977,847.09,1,847.09,3.0,0.0,4.69,28,1524.59,1,1.0,0,Potential Customers
CUST110978,2347.33,2,1173.665,0.0,0.0,0.93,300,3381.72,1,0.0,0,Potential Customers
CUST110979,0.0,0,0.0,4.0,0.0,4.58,400,61.11,1,0.0,2,At-Risk Customers
CUST110980,6024.34,3,2008.1133333333335,3.0,0.0,9.22,67,8615.08,1,0.0,3,High Value Customers
CUST110981,1078.09,1,1078.09,2.0,0.0,5.05,307,1605.49,1,0.0,0,Potential Customers
CUST110982,4386.06,4,1096.515,2.0,0.0,4.02,121,6573.03,1,1.0,3,High Value Customers
CUST110983,2036.64,1,2036.64,1.0,0.0,4.02,363,3203.15,1,0.0,0,Potential Customers
CUST110984,2546.77,1,2546.77,2.0,0.0,11.46,292,3226.56,1,0.0,0,Potential Customers
CUST110985,1683.02,3,561.0066666666667,8.0,3.0,1.5,231,3513.94,1,0.0,1,Loyal Customers
CUST110986,678.46,2,339.23,3.0,0.0,1.22,34,952.49,1,1.0,0,Potential Customers
CUST110987,0.0,0,0.0,0.0,0.0,2.26,400,0.0,1,0.0,2,At-Risk Customers
CUST110988,1975.62,1,1975.62,4.0,0.0,9.05,179,2667.72,1,0.0,0,Potential Customers
CUST110989,0.0,0,0.0,2.0,0.0,0.97,400,0.0,1,0.0,2,At-Risk Customers
CUST110990,0.0,0,0.0,0.0,0.0,4.41,400,0.0,1,0.0,2,At-Risk Customers
CUST110991,6672.14,3,2224.0466666666666,1.0,0.0,5.74,230,9813.35,1,0.0,3,High Value Customers
CUST110992,0.0,0,0.0,3.0,0.0,4.06,400,0.0,1,0.0,2,At-Risk Customers
CUST110993,0.0,0,0.0,1.0,0.0,1.44,400,0.0,1,0.0,2,At-Risk Customers
CUST110994,3372.03,2,1686.015,1.0,0.0,4.44,186,4459.34,1,0.0,0,Potential Customers
CUST110995,873.59,1,873.59,3.0,0.0,1.89,123,1384.95,1,0.0,0,Potential Customers
CUST110996,3613.59,1,3613.59,1.0,0.0,4.49,147,4664.31,1,0.0,0,Potential Customers
CUST110997,3214.6,1,3214.6,4.0,0.0,2.17,12,4625.13,1,1.0,0,Potential Customers
CUST110998,6358.99,3,2119.6633333333334,1.0,0.0,5.12,140,9219.94,1,0.0,3,High Value Customers
CUST110999,0.0,0,0.0,3.0,0.0,3.92,400,0.0,1,0.0,2,At-Risk Customers
CUST111000,0.0,0,0.0,3.0,0.0,1.67,400,0.0,1,0.0,2,At-Risk Customers
CUST111001,1177.92,2,588.96,3.0,0.0,5.97,1,1711.98,1,0.0,0,Potential Customers
CUST111002,1222.46,1,1222.46,2.0,0.0,3.66,297,1624.32,1,0.0,0,Potential Customers
CUST111003,8515.03,4,2128.7575,2.0,0.0,5.07,150,12248.08,1,0.0,3,High Value Customers
CUST111004,0.0,0,0.0,4.0,0.0,4.65,400,0.0,1,0.0,2,At-Risk Customers
CUST111005,11589.14840000001,4,2897.2871000000023,2.0,0.0,8.18,362,16223.91,1,0.0,3,High Value Customers
CUST111006,6256.89,6,1042.815,2.0,0.0,6.07,119,7991.37,1,0.0,3,High Value Customers
CUST111007,5214.05,2,2607.025,1.0,0.0,5.38,201,6003.82,1,0.0,3,High Value Customers
CUST111008,2715.49,3,905.1633333333333,0.0,0.0,1.07,128,4392.01,1,0.0,0,Potential Customers
CUST111009,0.0,0,0.0,2.0,0.0,2.98,400,0.0,1,0.0,2,At-Risk Customers
CUST111010,849.94,1,849.94,0.0,0.0,0.76,85,1249.33,1,0.0,0,Potential Customers
CUST111011,0.0,0,0.0,3.0,0.0,1.42,400,0.0,1,0.0,2,At-Risk Customers
CUST111012,1895.46,1,1895.46,1.0,0.0,8.42,343,2594.06,1,0.0,0,Potential Customers
CUST111013,1541.94,3,513.98,2.0,0.0,2.69,110,2769.63,1,0.0,0,Potential Customers
CUST111014,6082.22,3,2027.4066666666668,5.0,0.0,23.312000000000044,2,8948.28,1,0.0,3,High Value Customers
CUST111015,685.36,2,342.68,2.0,0.0,2.14,2,1637.71,1,1.0,0,Potential Customers
CUST111016,1244.77,1,1244.77,2.0,0.0,3.37,42,1695.91,1,1.0,0,Potential Customers
CUST111017,2475.08,1,2475.08,3.0,0.0,4.12,137,3641.89,1,1.0,0,Potential Customers
CUST111018,5660.79,4,1415.1975,4.0,0.0,10.97,196,8274.2,1,1.0,3,High Value Customers
CUST111019,1208.34,1,1208.34,2.0,0.0,7.5,80,1313.75,1,0.0,0,Potential Customers
CUST111020,1436.2,2,718.1,4.0,0.0,2.63,238,2458.84,1,1.0,0,Potential Customers
CUST111021,0.0,0,0.0,2.0,0.0,2.64,400,3.13,1,0.0,2,At-Risk Customers
CUST111022,1030.2,1,1030.2,2.0,0.0,4.26,116,1591.24,1,0.0,0,Potential Customers
CUST111023,1351.05,2,675.525,5.0,0.0,19.87,26,2180.28,1,0.0,0,Potential Customers
CUST111024,7248.58,4,1812.145,3.0,0.0,3.96,148,9896.82,1,0.0,3,High Value Customers
CUST111025,0.0,0,0.0,0.0,0.0,2.12,400,61.66,1,0.0,2,At-Risk Customers
CUST111026,817.56,1,817.56,4.0,0.0,2.19,238,1223.08,1,0.0,0,Potential Customers
CUST111027,2460.46,1,2460.46,2.0,0.0,3.32,76,3085.71,1,1.0,0,Potential Customers
CUST111028,3046.34,1,3046.34,1.0,0.0,4.72,305,4120.94,1,0.0,0,Potential Customers
CUST111029,804.4,1,804.4,3.0,0.0,2.01,348,1300.6,1,0.0,2,At-Risk Customers
CUST111030,6728.49,3,2242.83,2.0,0.0,7.35,95,8730.39,1,1.0,3,High Value Customers
CUST111031,6247.8,2,3123.9,2.0,0.0,2.39,64,8350.95,1,0.0,3,High Value Customers
CUST111032,2433.03,2,1216.515,5.0,0.0,9.39,29,3440.3,1,0.0,0,Potential Customers
CUST111033,0.0,0,0.0,3.0,0.0,4.54,400,14.74,1,1.0,2,At-Risk Customers
CUST111034,0.0,0,0.0,1.0,0.0,3.0,400,69.23,1,0.0,2,At-Risk Customers
CUST111035,0.0,0,0.0,1.0,0.0,4.02,400,0.0,1,0.0,2,At-Risk Customers
CUST111036,2321.28,1,2321.28,2.0,0.0,2.96,136,3317.68,1,0.0,0,Potential Customers
CUST111037,2173.26,1,2173.26,1.0,0.0,3.84,68,2678.66,1,0.0,0,Potential Customers
CUST111038,7414.77,2,3707.385,2.0,0.0,3.96,184,10315.04,1,0.0,3,High Value Customers
CUST111039,4317.23,3,1439.0766666666666,2.0,0.0,5.79,290,5852.09,1,0.0,3,High Value Customers
CUST111040,6010.4,2,3005.2,1.0,0.0,2.93,353,7680.92,1,0.0,3,High Value Customers
CUST111041,649.67,2,324.835,5.0,0.0,5.85,248,1128.91,1,1.0,0,Potential Customers
CUST111042,2385.66,2,1192.83,1.0,0.0,2.03,271,3238.65,1,0.0,0,Potential Customers
CUST111043,1033.43,4,258.3575,1.0,0.0,7.78,7,2555.92,1,0.0,0,Potential Customers
CUST111044,3980.54,1,3980.54,2.0,1.0,7.85,279,4699.6,1,0.0,0,Potential Customers
CUST111045,11589.14840000001,5,2317.8296800000016,1.0,0.0,4.87,259,17846.13,1,0.0,3,High Value Customers
CUST111046,0.0,0,0.0,1.0,0.0,6.64,400,0.0,1,0.0,2,At-Risk Customers
CUST111047,1065.6,1,1065.6,3.0,0.0,3.15,348,1597.2,1,0.0,2,At-Risk Customers
CUST111048,1472.45,3,490.81666666666666,3.0,0.0,3.44,217,2923.01,1,0.0,0,Potential Customers
CUST111049,0.0,0,0.0,2.0,0.0,3.3,400,0.0,1,0.0,2,At-Risk Customers
CUST111050,0.0,0,0.0,4.0,0.0,9.69,400,67.38,1,0.0,2,At-Risk Customers
CUST111051,1599.42,2,799.71,5.0,0.0,4.49,4,2237.7,1,0.0,0,Potential Customers
CUST111052,9393.8,4,2348.45,1.0,0.0,2.28,89,12097.65,1,0.0,3,High Value Customers
CUST111053,0.0,0,0.0,3.0,0.0,3.75,400,56.66,1,1.0,2,At-Risk Customers
CUST111054,0.0,0,0.0,2.0,0.0,2.8,400,0.0,1,1.0,2,At-Risk Customers
CUST111055,1940.28,1,1940.28,3.0,0.0,4.43,211,2572.14,1,1.0,0,Potential Customers
CUST111056,771.62,1,771.62,3.0,0.0,3.48,204,1117.67,1,0.0,0,Potential Customers
CUST111057,0.0,0,0.0,2.0,0.0,1.51,400,48.4,1,0.0,2,At-Risk Customers
CUST111058,3993.84,2,1996.92,0.0,0.0,1.84,56,5085.8,1,1.0,0,Potential Customers
CUST111059,2957.1,2,1478.55,2.0,0.0,3.01,206,4070.08,1,0.0,0,Potential Customers
CUST111060,3903.63,1,3903.63,1.0,0.0,10.27,175,4575.99,1,0.0,0,Potential Customers
CUST111061,0.0,0,0.0,1.0,0.0,1.09,400,0.0,1,0.0,2,At-Risk Customers
CUST111062,0.0,0,0.0,4.0,0.0,5.17,400,0.0,1,0.0,2,At-Risk Customers
CUST111063,0.0,0,0.0,3.0,0.0,12.07,400,129.06,1,0.0,2,At-Risk Customers
CUST111064,3059.72,2,1529.86,3.0,0.0,23.312000000000044,327,3587.01,1,0.0,0,Potential Customers
CUST111065,477.53,1,477.53,0.0,0.0,3.98,110,1047.84,1,0.0,0,Potential Customers
CUST111066,1727.07,1,1727.07,0.0,0.0,3.46,20,2574.78,1,0.0,0,Potential Customers
CUST111067,2240.68,3,746.8933333333333,3.0,0.0,6.35,101,3245.56,1,0.0,0,Potential Customers
CUST111068,7875.4,3,2625.133333333333,3.0,0.0,11.65,188,11193.0,1,0.0,3,High Value Customers
CUST111069,2019.3,1,2019.3,1.0,0.0,6.7,177,2687.28,1,0.0,0,Potential Customers
CUST111070,2198.83,1,2198.83,2.0,0.0,4.62,234,3048.18,1,0.0,0,Potential Customers
CUST111071,0.0,0,0.0,2.0,0.0,9.46,400,17.6,1,0.0,2,At-Risk Customers
CUST111072,1521.3,3,507.09999999999997,3.0,0.0,4.59,53,2353.28,1,0.0,0,Potential Customers
CUST111073,0.0,0,0.0,1.0,0.0,4.33,400,0.0,1,0.0,2,At-Risk Customers
CUST111074,0.0,0,0.0,1.0,0.0,6.32,400,107.33,1,0.0,2,At-Risk Customers
CUST111075,3645.43,2,1822.715,4.0,0.0,2.59,334,4806.39,1,0.0,0,Potential Customers
CUST111076,10698.17,4,2674.5425,6.0,3.0,23.312000000000044,56,13823.86,1,1.0,1,Loyal Customers
CUST111077,2747.84,1,2747.84,0.0,0.0,4.53,351,3509.29,1,0.0,0,Potential Customers
CUST111078,2250.57,1,2250.57,2.0,0.0,3.56,311,3447.86,1,0.0,0,Potential Customers
CUST111079,0.0,0,0.0,2.0,0.0,7.32,400,0.0,1,0.0,2,At-Risk Customers
CUST111080,1426.98,1,1426.98,5.0,0.0,8.74,204,1981.56,1,0.0,0,Potential Customers
CUST111081,0.0,0,0.0,4.0,0.0,2.51,400,29.11,1,0.0,2,At-Risk Customers
CUST111082,0.0,0,0.0,3.0,0.0,1.23,400,0.0,1,0.0,2,At-Risk Customers
CUST111083,979.04,1,979.04,0.0,0.0,3.22,28,1305.25,1,1.0,0,Potential Customers
CUST111084,0.0,0,0.0,1.0,0.0,4.95,400,30.76,1,0.0,2,At-Risk Customers
CUST111085,0.0,0,0.0,1.0,1.0,2.41,400,0.0,1,0.0,2,At-Risk Customers
CUST111086,5960.84,2,2980.42,1.0,0.0,3.98,130,6987.21,1,0.0,3,High Value Customers
CUST111087,0.0,0,0.0,1.0,0.0,3.71,400,205.3,1,0.0,2,At-Risk Customers
CUST111088,2641.55,3,880.5166666666668,1.0,0.0,1.29,24,4257.19,1,1.0,0,Potential Customers
CUST111089,1852.49,1,1852.49,2.0,0.0,6.44,213,2185.1,1,0.0,0,Potential Customers
CUST111090,2191.31,1,2191.31,7.0,0.0,7.6,216,3207.78,1,1.0,0,Potential Customers
CUST111091,5263.48,3,1754.493333333333,3.0,0.0,4.65,23,7541.55,1,0.0,3,High Value Customers
CUST111092,1987.39,2,993.695,2.0,0.0,5.32,87,2693.89,1,0.0,0,Potential Customers
CUST111093,0.0,0,0.0,2.0,0.0,2.57,400,0.0,1,0.0,2,At-Risk Customers
CUST111094,3141.57,2,1570.785,2.0,0.0,4.02,316,4774.64,1,0.0,0,Potential Customers
CUST111095,7786.17,2,3893.085,3.0,0.0,4.02,37,9363.94,1,0.0,3,High Value Customers
CUST111096,8315.42,2,4157.71,1.0,0.0,1.56,316,9646.57,1,0.0,3,High Value Customers
CUST111097,1466.09,1,1466.09,0.0,0.0,1.98,238,2498.82,1,0.0,0,Potential Customers
CUST111098,3069.62,1,3069.62,1.0,0.0,1.49,287,3990.11,1,0.0,0,Potential Customers
CUST111099,0.0,0,0.0,4.0,0.0,13.18,400,0.0,1,0.0,2,At-Risk Customers
CUST111100,540.53,1,540.53,3.0,0.0,3.34,351,686.69,1,0.0,2,At-Risk Customers
CUST111101,0.0,0,0.0,2.0,0.0,11.09,400,153.51,1,0.0,2,At-Risk Customers
CUST111102,0.0,0,0.0,0.0,0.0,3.85,400,0.0,1,0.0,2,At-Risk Customers
CUST111103,1522.77,1,1522.77,2.0,0.0,14.23,316,1933.65,1,1.0,0,Potential Customers
CUST111104,2259.81,1,2259.81,6.0,0.0,9.61,71,2973.69,1,0.0,0,Potential Customers
CUST111105,1503.82,1,1503.82,2.0,3.0,2.51,363,1904.65,1,1.0,1,Loyal Customers
CUST111106,2069.11,1,2069.11,3.0,0.0,4.39,340,2972.46,1,0.0,0,Potential Customers
CUST111107,2672.35,1,2672.35,3.0,0.0,2.01,159,3242.11,1,0.0,0,Potential Customers
CUST111108,0.0,0,0.0,5.0,0.0,6.45,400,0.0,1,0.0,2,At-Risk Customers
CUST111109,0.0,0,0.0,3.0,0.0,8.62,400,167.05,1,0.0,2,At-Risk Customers
CUST111110,8178.66,3,2726.22,4.0,0.0,15.12,244,9737.12,1,0.0,3,High Value Customers
CUST111111,6346.18,3,2115.3933333333334,6.0,0.0,10.64,95,7507.0,1,0.0,3,High Value Customers
CUST111112,5660.27,2,2830.135,2.0,0.0,5.49,321,6808.96,1,0.0,3,High Value Customers
CUST111113,0.0,0,0.0,1.0,0.0,5.19,400,44.87,1,0.0,2,At-Risk Customers
CUST111114,0.0,0,0.0,1.0,0.0,3.41,400,0.0,1,0.0,2,At-Risk Customers
CUST111115,0.0,0,0.0,4.0,0.0,14.54,400,0.0,1,0.0,2,At-Risk Customers
CUST111116,520.83,1,520.83,0.0,0.0,2.21,161,1068.36,1,0.0,0,Potential Customers
CUST111117,4131.97,3,1377.3233333333335,2.0,0.0,1.96,202,5631.67,1,0.0,3,High Value Customers
CUST111118,1660.85,1,1660.85,3.0,0.0,1.88,341,2129.63,1,0.0,0,Potential Customers
CUST111119,863.91,1,863.91,3.0,0.0,8.6,90,1218.17,1,0.0,0,Potential Customers
CUST111120,1684.91,1,1684.91,0.0,0.0,7.96,226,2383.81,1,0.0,0,Potential Customers
CUST111121,1321.13,1,1321.13,3.0,0.0,5.54,132,1930.32,1,0.0,0,Potential Customers
CUST111122,10158.33,3,3386.11,2.0,1.0,5.05,122,14054.61,1,0.0,3,High Value Customers
CUST111123,2376.8,1,2376.8,6.0,0.0,1.77,16,2971.36,1,0.0,0,Potential Customers
CUST111124,0.0,0,0.0,3.0,0.0,4.9,400,212.84,1,0.0,2,At-Risk Customers
CUST111125,2708.32,1,2708.32,4.0,0.0,9.61,287,3725.18,1,0.0,0,Potential Customers
CUST111126,2663.51,1,2663.51,1.0,0.0,1.9,333,3170.22,1,0.0,0,Potential Customers
CUST111127,980.86,1,980.86,1.0,0.0,1.73,3,1112.13,1,0.0,0,Potential Customers
CUST111128,5584.17,2,2792.085,4.0,0.0,5.04,46,7189.08,1,0.0,3,High Value Customers
CUST111129,4063.48,2,2031.74,4.0,0.0,6.93,56,5167.72,1,0.0,0,Potential Customers
CUST111130,2777.53,1,2777.53,4.0,0.0,7.18,335,3634.93,1,0.0,0,Potential Customers
CUST111131,618.25,1,618.25,5.0,1.0,9.46,295,875.88,1,1.0,2,At-Risk Customers
CUST111132,2746.13,1,2746.13,0.0,0.0,4.54,140,2980.15,1,0.0,0,Potential Customers
CUST111133,1596.31,2,798.155,0.0,0.0,1.27,35,2249.33,1,0.0,0,Potential Customers
CUST111134,0.0,0,0.0,0.0,0.0,5.82,400,40.93,1,0.0,2,At-Risk Customers
CUST111135,992.5,1,992.5,2.0,2.0,9.32,315,1378.39,1,1.0,1,Loyal Customers
CUST111136,0.0,0,0.0,3.0,0.0,2.62,400,57.95,1,0.0,2,At-Risk Customers
CUST111137,5795.32,4,1448.83,2.0,0.0,3.68,123,8277.36,1,0.0,3,High Value Customers
CUST111138,6956.21,3,2318.7366666666667,1.0,0.0,0.88,191,8233.26,1,0.0,3,High Value Customers
CUST111139,4701.31,2,2350.655,2.0,0.0,3.33,326,6229.92,1,1.0,3,High Value Customers
CUST111140,1438.56,1,1438.56,8.0,0.0,12.41,206,1815.1,1,0.0,0,Potential Customers
CUST111141,6261.16,3,2087.0533333333333,1.0,0.0,2.97,90,7664.79,1,0.0,3,High Value Customers
CUST111142,0.0,0,0.0,0.0,0.0,1.94,400,0.0,1,0.0,2,At-Risk Customers
CUST111143,1347.33,1,1347.33,4.0,0.0,15.99,153,1991.61,1,0.0,0,Potential Customers
CUST111144,5611.97,4,1402.9925,3.0,0.0,6.24,150,8094.2,1,0.0,3,High Value Customers
CUST111145,0.0,0,0.0,3.0,0.0,5.66,400,137.03,1,0.0,2,At-Risk Customers
CUST111146,0.0,0,0.0,4.0,0.0,4.52,400,0.0,1,0.0,2,At-Risk Customers
CUST111147,3527.94,1,3527.94,2.0,0.0,2.53,112,3954.27,1,0.0,0,Potential Customers
CUST111148,1385.22,1,1385.22,1.0,0.0,3.37,184,2308.0,1,1.0,0,Potential Customers
CUST111149,0.0,0,0.0,1.0,0.0,12.97,400,0.0,1,1.0,2,At-Risk Customers
CUST111150,1098.8,2,549.4,4.0,0.0,2.51,274,1738.88,1,0.0,0,Potential Customers
CUST111151,0.0,0,0.0,4.0,0.0,10.55,400,0.0,1,0.0,2,At-Risk Customers
CUST111152,2919.93,1,2919.93,4.0,0.0,5.18,217,3752.33,1,0.0,0,Potential Customers
CUST111153,4519.7,2,2259.85,2.0,3.0,5.2,138,5835.69,1,0.0,1,Loyal Customers
CUST111154,2384.66,1,2384.66,2.0,0.0,1.26,297,3132.27,1,0.0,0,Potential Customers
CUST111155,3690.04,3,1230.0133333333333,2.0,0.0,5.46,16,5322.8,1,0.0,0,Potential Customers
CUST111156,1965.02,2,982.51,2.0,0.0,3.88,81,2872.03,1,0.0,0,Potential Customers
CUST111157,1466.29,1,1466.29,1.0,0.0,1.31,300,1883.57,1,0.0,0,Potential Customers
CUST111158,3316.09,3,1105.3633333333335,1.0,0.0,4.18,264,4551.9,1,0.0,0,Potential Customers
CUST111159,2150.55,1,2150.55,2.0,0.0,3.01,303,2797.18,1,0.0,0,Potential Customers
CUST111160,11064.8,3,3688.2666666666664,6.0,0.0,4.88,227,14946.17,1,0.0,3,High Value Customers
CUST111161,534.39,2,267.195,2.0,0.0,2.23,113,1096.69,1,0.0,0,Potential Customers
CUST111162,0.0,0,0.0,1.0,0.0,1.99,400,132.49,1,0.0,2,At-Risk Customers
CUST111163,0.0,0,0.0,2.0,0.0,4.33,400,95.26,1,0.0,2,At-Risk Customers
CUST111164,1237.62,1,1237.62,1.0,0.0,3.07,353,1588.14,1,0.0,2,At-Risk Customers
CUST111165,2070.84,1,2070.84,2.0,0.0,3.2,286,2836.46,1,0.0,0,Potential Customers
CUST111166,643.95,2,321.975,0.0,0.0,1.73,247,1470.42,1,1.0,0,Potential Customers
CUST111167,0.0,0,0.0,3.0,0.0,3.9,400,101.95,1,0.0,2,At-Risk Customers
CUST111168,1762.23,1,1762.23,5.0,0.0,6.35,260,2144.21,1,0.0,0,Potential Customers
CUST111169,0.0,0,0.0,3.0,0.0,4.91,400,0.0,1,0.0,2,At-Risk Customers
CUST111170,1603.47,3,534.49,1.0,0.0,3.13,148,3046.62,1,0.0,0,Potential Customers
CUST111171,0.0,0,0.0,1.0,0.0,1.29,400,125.99,1,0.0,2,At-Risk Customers
CUST111172,3219.93,2,1609.965,4.0,0.0,2.23,221,5059.32,1,0.0,0,Potential Customers
CUST111173,2469.65,3,823.2166666666667,3.0,0.0,2.41,116,4126.62,1,0.0,0,Potential Customers
CUST111174,0.0,0,0.0,4.0,0.0,7.3,400,116.56,1,0.0,2,At-Risk Customers
CUST111175,2141.3,1,2141.3,4.0,0.0,7.11,92,2363.01,1,0.0,0,Potential Customers
CUST111176,3566.46,1,3566.46,1.0,0.0,5.04,252,4717.95,1,0.0,0,Potential Customers
CUST111177,4473.13,2,2236.565,2.0,0.0,3.18,77,5883.49,1,0.0,0,Potential Customers
CUST111178,5408.12,5,1081.624,2.0,0.0,10.1,208,8500.26,1,0.0,3,High Value Customers
CUST111179,5092.41,2,2546.205,5.0,0.0,6.3,111,6490.44,1,0.0,3,High Value Customers
CUST111180,0.0,0,0.0,3.0,0.0,0.95,400,0.0,1,0.0,2,At-Risk Customers
CUST111181,0.0,0,0.0,8.0,0.0,12.27,400,0.0,1,0.0,2,At-Risk Customers
CUST111182,0.0,0,0.0,2.0,0.0,3.62,400,0.0,1,0.0,2,At-Risk Customers
CUST111183,9505.95,4,2376.4875,2.0,0.0,7.83,287,12630.14,1,0.0,3,High Value Customers
CUST111184,740.66,1,740.66,3.0,0.0,5.64,76,1177.63,1,0.0,0,Potential Customers
CUST111185,2001.77,2,1000.885,2.0,0.0,1.64,85,3357.12,1,0.0,0,Potential Customers
CUST111186,1753.81,2,876.905,0.0,0.0,2.92,306,2297.11,1,0.0,0,Potential Customers
CUST111187,1577.74,1,1577.74,1.0,0.0,1.05,330,2538.16,1,0.0,0,Potential Customers
CUST111188,5240.59,3,1746.8633333333335,1.0,0.0,2.36,212,7397.61,1,0.0,3,High Value Customers
CUST111189,286.54,1,286.54,1.0,0.0,4.48,70,683.11,1,0.0,0,Potential Customers
CUST111190,10012.2,4,2503.05,2.0,0.0,4.25,275,14263.43,1,1.0,3,High Value Customers
CUST111191,3395.75,3,1131.9166666666667,2.0,0.0,2.54,35,4729.15,1,0.0,0,Potential Customers
CUST111192,2860.31,1,2860.31,4.0,0.0,3.4,190,3946.5,1,0.0,0,Potential Customers
CUST111193,5681.22,3,1893.74,0.0,0.0,4.38,69,8163.89,1,1.0,3,High Value Customers
CUST111194,2909.63,1,2909.63,5.0,0.0,6.49,316,3447.56,1,0.0,0,Potential Customers
CUST111195,1645.6,1,1645.6,1.0,0.0,2.62,1,2448.94,1,0.0,0,Potential Customers
CUST111196,7394.51,3,2464.8366666666666,4.0,0.0,3.65,153,10223.15,1,0.0,3,High Value Customers
CUST111197,2475.19,1,2475.19,1.0,1.0,1.69,158,3621.59,1,0.0,0,Potential Customers
CUST111198,928.19,1,928.19,1.0,0.0,1.73,266,1332.36,1,0.0,0,Potential Customers
CUST111199,0.0,0,0.0,2.0,0.0,8.94,400,111.66,1,1.0,2,At-Risk Customers
CUST111200,1943.32,1,1943.32,6.0,0.0,11.83,277,2422.4,1,0.0,0,Potential Customers
CUST111201,969.59,2,484.795,1.0,0.0,4.68,294,1942.87,1,0.0,0,Potential Customers
CUST111202,1808.3,1,1808.3,1.0,0.0,3.23,333,2639.58,1,0.0,0,Potential Customers
CUST111203,0.0,0,0.0,0.0,1.0,2.92,400,0.0,1,0.0,2,At-Risk Customers
CUST111204,3317.53,3,1105.8433333333335,3.0,0.0,4.02,355,4655.18,1,1.0,0,Potential Customers
CUST111205,302.27,1,302.27,0.0,0.0,0.76,306,459.97,1,0.0,2,At-Risk Customers
CUST111206,1377.42,2,688.71,5.0,0.0,19.92,256,1901.22,1,0.0,0,Potential Customers
CUST111207,0.0,0,0.0,1.0,0.0,4.29,400,41.67,1,0.0,2,At-Risk Customers
CUST111208,0.0,0,0.0,1.0,0.0,0.76,400,31.85,1,0.0,2,At-Risk Customers
CUST111209,1777.16,1,1777.16,4.0,0.0,22.7,353,2258.75,1,0.0,0,Potential Customers
CUST111210,0.0,0,0.0,2.0,0.0,0.76,400,0.0,1,0.0,2,At-Risk Customers
CUST111211,265.78,1,265.78,4.0,0.0,0.84,148,859.13,1,0.0,0,Potential Customers
CUST111212,2028.1,1,2028.1,1.0,0.0,2.17,330,2636.92,1,0.0,0,Potential Customers
CUST111213,0.0,0,0.0,0.0,0.0,3.63,400,0.0,1,0.0,2,At-Risk Customers
CUST111214,1365.27,1,1365.27,2.0,0.0,9.4,278,2218.84,1,0.0,0,Potential Customers
CUST111215,5233.29,2,2616.645,2.0,0.0,3.19,188,6628.84,1,0.0,3,High Value Customers
CUST111216,2948.49,1,2948.49,2.0,0.0,2.31,11,3604.56,1,0.0,0,Potential Customers
CUST111217,0.0,0,0.0,1.0,0.0,3.27,400,0.0,1,0.0,2,At-Risk Customers
CUST111218,0.0,0,0.0,2.0,0.0,3.26,400,83.68,1,0.0,2,At-Risk Customers
CUST111219,5931.08,2,2965.54,3.0,0.0,11.1,21,8587.5,1,0.0,3,High Value Customers
CUST111220,0.0,0,0.0,4.0,0.0,8.49,400,163.61,1,0.0,2,At-Risk Customers
CUST111221,3074.75,1,3074.75,0.0,0.0,2.66,68,4329.61,1,0.0,0,Potential Customers
CUST111222,4943.88,3,1647.96,2.0,0.0,3.19,299,6907.06,1,0.0,3,High Value Customers
CUST111223,3912.77,4,978.1925,3.0,0.0,1.1,86,6078.05,1,0.0,3,High Value Customers
CUST111224,11589.14840000001,4,2897.2871000000023,3.0,0.0,6.31,175,14590.5,1,0.0,3,High Value Customers
CUST111225,0.0,0,0.0,0.0,0.0,3.91,400,0.0,1,0.0,2,At-Risk Customers
CUST111226,6056.9,2,3028.45,3.0,0.0,5.32,71,8366.34,1,0.0,3,High Value Customers
CUST111227,7995.93,2,3997.965,3.0,0.0,6.31,278,10022.12,1,0.0,3,High Value Customers
CUST111228,4684.19,2,2342.095,5.0,0.0,12.05,83,5531.98,1,0.0,0,Potential Customers
CUST111229,5449.42,2,2724.71,1.0,0.0,3.09,262,6830.39,1,0.0,3,High Value Customers
CUST111230,0.0,0,0.0,8.0,0.0,4.21,400,133.25,1,0.0,2,At-Risk Customers
CUST111231,0.0,0,0.0,6.0,0.0,12.14,400,48.19,1,0.0,2,At-Risk Customers
CUST111232,0.0,0,0.0,3.0,0.0,3.59,400,0.0,1,0.0,2,At-Risk Customers
CUST111233,2893.15,1,2893.15,1.0,0.0,3.81,244,3529.18,1,0.0,0,Potential Customers
CUST111234,675.45,1,675.45,5.0,0.0,23.312000000000044,295,1160.48,1,0.0,2,At-Risk Customers
CUST111235,327.39,1,327.39,3.0,0.0,3.93,24,591.27,1,0.0,0,Potential Customers
CUST111236,551.64,2,275.82,3.0,0.0,13.66,315,1374.09,1,0.0,2,At-Risk Customers
CUST111237,5699.4,2,2849.7,1.0,0.0,2.74,15,7309.86,1,0.0,3,High Value Customers
CUST111238,0.0,0,0.0,4.0,0.0,2.95,400,280.92,1,0.0,2,At-Risk Customers
CUST111239,0.0,0,0.0,4.0,0.0,1.0,400,163.61,1,0.0,2,At-Risk Customers
CUST111240,6655.04,2,3327.52,2.0,0.0,6.22,232,9449.41,1,0.0,3,High Value Customers
CUST111241,2795.73,1,2795.73,4.0,1.0,6.7,325,3544.58,1,0.0,0,Potential Customers
CUST111242,2793.52,1,2793.52,2.0,0.0,4.32,281,3627.2,1,1.0,0,Potential Customers
CUST111243,0.0,0,0.0,2.0,0.0,5.59,400,0.0,1,0.0,2,At-Risk Customers
CUST111244,1564.69,1,1564.69,2.0,0.0,7.48,281,2236.12,1,0.0,0,Potential Customers
CUST111245,7660.77,3,2553.59,0.0,0.0,1.44,182,10118.69,1,0.0,3,High Value Customers
CUST111246,7667.15,3,2555.7166666666667,5.0,0.0,4.26,149,10306.15,1,0.0,3,High Value Customers
CUST111247,0.0,0,0.0,2.0,0.0,12.95,400,0.0,1,0.0,2,At-Risk Customers
CUST111248,3769.61,1,3769.61,2.0,0.0,3.33,169,4469.57,1,1.0,0,Potential Customers
CUST111249,0.0,0,0.0,2.0,0.0,1.55,400,31.75,1,0.0,2,At-Risk Customers
CUST111250,2799.73,2,1399.865,1.0,0.0,8.65,295,3974.03,1,1.0,0,Potential Customers
CUST111251,0.0,0,0.0,4.0,0.0,4.5,400,0.0,1,0.0,2,At-Risk Customers
CUST111252,2051.99,1,2051.99,2.0,0.0,3.98,135,3000.04,1,0.0,0,Potential Customers
CUST111253,1062.34,2,531.17,1.0,0.0,3.05,23,1937.88,1,0.0,0,Potential Customers
CUST111254,7477.29,3,2492.43,5.0,0.0,7.72,100,10164.74,1,1.0,3,High Value Customers
CUST111255,0.0,0,0.0,2.0,0.0,2.76,400,48.42,1,0.0,2,At-Risk Customers
CUST111256,2265.12,1,2265.12,2.0,0.0,11.16,237,3297.72,1,0.0,0,Potential Customers
CUST111257,1261.9,1,1261.9,1.0,0.0,4.3,77,1815.26,1,0.0,0,Potential Customers
CUST111258,4149.3,2,2074.65,4.0,0.0,8.24,126,5364.61,1,0.0,0,Potential Customers
CUST111259,3783.72,2,1891.86,6.0,0.0,7.59,148,5410.54,1,0.0,0,Potential Customers
CUST111260,0.0,0,0.0,1.0,0.0,1.77,400,0.0,1,1.0,2,At-Risk Customers
CUST111261,2201.89,2,1100.945,2.0,0.0,5.67,358,2778.42,1,0.0,0,Potential Customers
CUST111262,7793.83,3,2597.943333333333,1.0,0.0,3.36,41,9351.78,1,1.0,3,High Value Customers
CUST111263,3975.27,3,1325.09,4.0,1.0,6.42,176,6281.25,1,0.0,3,High Value Customers
CUST111264,882.92,1,882.92,5.0,0.0,3.89,76,1443.16,1,0.0,0,Potential Customers
CUST111265,1106.57,1,1106.57,3.0,0.0,1.09,363,1115.99,1,0.0,2,At-Risk Customers
CUST111266,1971.19,1,1971.19,2.0,0.0,7.05,77,2513.4,1,0.0,0,Potential Customers
CUST111267,1664.27,1,1664.27,0.0,0.0,0.85,146,1981.63,1,0.0,0,Potential Customers
CUST111268,5703.2,2,2851.6,2.0,0.0,4.48,274,6713.57,1,0.0,3,High Value Customers
CUST111269,1792.39,2,896.195,7.0,0.0,15.28,280,2926.13,1,0.0,0,Potential Customers
CUST111270,2224.31,3,741.4366666666666,2.0,0.0,10.81,161,3515.95,1,0.0,0,Potential Customers
CUST111271,3888.67,2,1944.335,2.0,0.0,5.37,173,5622.88,1,0.0,0,Potential Customers
CUST111272,7170.9,3,2390.2999999999997,2.0,0.0,2.84,210,9797.63,1,0.0,3,High Value Customers
CUST111273,694.85,1,694.85,3.0,0.0,3.88,211,1307.07,1,1.0,0,Potential Customers
CUST111274,3212.07,3,1070.69,3.0,0.0,8.47,218,4933.88,1,1.0,0,Potential Customers
CUST111275,6717.42,2,3358.71,0.0,0.0,2.33,261,9221.22,1,0.0,3,High Value Customers
CUST111276,1666.02,1,1666.02,2.0,0.0,5.43,202,2212.94,1,0.0,0,Potential Customers
CUST111277,313.06,1,313.06,1.0,0.0,2.24,221,755.99,1,0.0,2,At-Risk Customers
CUST111278,0.0,0,0.0,2.0,0.0,3.33,400,65.14,1,0.0,2,At-Risk Customers
CUST111279,0.0,0,0.0,2.0,0.0,2.91,400,64.48,1,0.0,2,At-Risk Customers
CUST111280,1964.09,1,1964.09,1.0,0.0,5.42,342,2430.61,1,0.0,0,Potential Customers
CUST111281,0.0,0,0.0,1.0,0.0,5.95,400,0.0,1,0.0,2,At-Risk Customers
CUST111282,0.0,0,0.0,2.0,0.0,18.31,400,0.0,1,0.0,2,At-Risk Customers
CUST111283,4301.85,2,2150.925,1.0,0.0,3.64,68,6113.21,1,0.0,0,Potential Customers
CUST111284,4268.79,3,1422.93,2.0,0.0,5.08,151,5394.99,1,0.0,3,High Value Customers
CUST111285,6084.83,3,2028.2766666666666,2.0,0.0,9.23,256,8034.68,1,0.0,3,High Value Customers
CUST111286,570.18,1,570.18,2.0,0.0,3.98,247,710.18,1,0.0,2,At-Risk Customers
CUST111287,2323.51,1,2323.51,1.0,0.0,4.34,312,2741.98,1,1.0,0,Potential Customers
CUST111288,1288.69,1,1288.69,1.0,0.0,6.21,67,1657.61,1,0.0,0,Potential Customers
CUST111289,5306.33,4,1326.5825,2.0,0.0,2.53,266,7902.83,1,0.0,3,High Value Customers
CUST111290,5953.96,2,2976.98,2.0,0.0,4.67,235,8366.87,1,0.0,3,High Value Customers
CUST111291,983.93,1,983.93,4.0,0.0,2.3,205,1703.28,1,0.0,0,Potential Customers
CUST111292,1129.1,2,564.55,1.0,0.0,3.24,195,1736.33,1,0.0,0,Potential Customers
CUST111293,0.0,0,0.0,3.0,0.0,18.22,400,0.0,1,0.0,2,At-Risk Customers
CUST111294,2658.33,2,1329.165,2.0,0.0,3.67,232,3278.6,1,0.0,0,Potential Customers
CUST111295,2998.04,3,999.3466666666667,4.0,0.0,4.74,145,4981.38,1,0.0,0,Potential Customers
CUST111296,0.0,0,0.0,5.0,0.0,0.76,400,47.14,1,0.0,2,At-Risk Customers
CUST111297,1180.2,1,1180.2,1.0,0.0,5.52,9,2004.59,1,0.0,0,Potential Customers
CUST111298,5035.52,2,2517.76,1.0,0.0,16.17,312,5795.91,1,0.0,3,High Value Customers
CUST111299,0.0,0,0.0,0.0,0.0,2.24,400,11.28,1,0.0,2,At-Risk Customers
CUST111300,1499.72,2,749.86,2.0,0.0,8.66,35,2181.36,1,0.0,0,Potential Customers
CUST111301,2140.72,3,713.5733333333333,2.0,0.0,2.63,200,3735.69,1,0.0,0,Potential Customers
CUST111302,1676.5,1,1676.5,2.0,0.0,1.27,62,2395.95,1,0.0,0,Potential Customers
CUST111303,0.0,0,0.0,1.0,0.0,2.99,400,1.74,1,0.0,2,At-Risk Customers
CUST111304,0.0,0,0.0,3.0,0.0,2.51,400,102.25,1,0.0,2,At-Risk Customers
CUST111305,305.65,1,305.65,5.0,0.0,4.4,27,584.46,1,0.0,0,Potential Customers
CUST111306,2075.59,1,2075.59,2.0,0.0,3.28,136,2486.19,1,0.0,0,Potential Customers
CUST111307,4581.45,2,2290.725,3.0,2.0,2.02,256,6325.45,1,0.0,1,Loyal Customers
CUST111308,0.0,0,0.0,2.0,0.0,5.89,400,0.0,1,0.0,2,At-Risk Customers
CUST111309,0.0,0,0.0,5.0,0.0,9.22,400,0.0,1,0.0,2,At-Risk Customers
CUST111310,6597.96,2,3298.98,2.0,0.0,6.39,301,8112.12,1,1.0,3,High Value Customers
CUST111311,0.0,0,0.0,2.0,0.0,4.59,400,0.0,1,0.0,2,At-Risk Customers
CUST111312,2322.6,2,1161.3,1.0,3.0,3.84,131,3109.62,1,0.0,1,Loyal Customers
CUST111313,2525.34,2,1262.67,2.0,2.0,6.11,258,3673.81,1,0.0,1,Loyal Customers
CUST111314,1427.47,1,1427.47,2.0,0.0,2.76,210,2100.39,1,0.0,0,Potential Customers
CUST111315,0.0,0,0.0,3.0,0.0,7.31,400,0.0,1,0.0,2,At-Risk Customers
CUST111316,4975.98,3,1658.6599999999999,3.0,0.0,1.65,282,6432.03,1,0.0,3,High Value Customers
CUST111317,4246.96,3,1415.6533333333334,2.0,0.0,1.2,170,6807.3,1,0.0,3,High Value Customers
CUST111318,2991.88,1,2991.88,7.0,0.0,6.23,315,3529.3,1,0.0,0,Potential Customers
CUST111319,6159.07,2,3079.535,2.0,0.0,1.91,289,8145.58,1,0.0,3,High Value Customers
CUST111320,635.3,2,317.65,2.0,0.0,2.39,346,1125.42,1,0.0,2,At-Risk Customers
CUST111321,0.0,0,0.0,2.0,0.0,1.96,400,20.81,1,0.0,2,At-Risk Customers
CUST111322,808.09,3,269.36333333333334,2.0,0.0,6.16,8,2223.14,1,0.0,0,Potential Customers
CUST111323,2555.38,2,1277.69,4.0,0.0,2.32,90,3589.21,1,0.0,0,Potential Customers
CUST111324,4809.25,2,2404.625,1.0,0.0,10.73,97,5924.42,1,0.0,3,High Value Customers
CUST111325,1673.93,1,1673.93,2.0,0.0,6.94,236,2317.31,1,0.0,0,Potential Customers
CUST111326,0.0,0,0.0,2.0,0.0,4.88,400,0.0,1,0.0,2,At-Risk Customers
CUST111327,0.0,0,0.0,3.0,0.0,12.42,400,20.41,1,0.0,2,At-Risk Customers
CUST111328,3702.92,2,1851.46,2.0,0.0,2.11,40,4836.9,1,0.0,0,Potential Customers
CUST111329,1427.18,1,1427.18,0.0,0.0,4.44,268,1941.95,1,0.0,0,Potential Customers
CUST111330,5092.78,2,2546.39,3.0,0.0,0.82,83,7540.74,1,0.0,3,High Value Customers
CUST111331,0.0,0,0.0,0.0,0.0,2.8,400,85.19,1,0.0,2,At-Risk Customers
CUST111332,2214.91,1,2214.91,2.0,0.0,1.61,342,2645.49,1,0.0,0,Potential Customers
CUST111333,0.0,0,0.0,2.0,0.0,7.67,400,21.06,1,1.0,2,At-Risk Customers
CUST111334,925.45,1,925.45,2.0,0.0,9.8,266,1502.02,1,0.0,0,Potential Customers
CUST111335,2062.89,1,2062.89,3.0,0.0,3.35,280,2629.44,1,0.0,0,Potential Customers
CUST111336,4684.8,3,1561.6000000000001,2.0,0.0,20.08,56,5883.7,1,0.0,3,High Value Customers
CUST111337,3689.26,1,3689.26,3.0,0.0,2.25,104,4995.23,1,0.0,0,Potential Customers
CUST111338,1881.47,1,1881.47,3.0,0.0,1.77,196,2659.56,1,0.0,0,Potential Customers
CUST111339,0.0,0,0.0,3.0,0.0,2.78,400,211.23,1,0.0,2,At-Risk Customers
CUST111340,409.01,1,409.01,2.0,0.0,5.3,35,922.86,1,1.0,0,Potential Customers
CUST111341,1666.42,1,1666.42,2.0,0.0,7.86,57,2303.82,1,0.0,0,Potential Customers
CUST111342,892.44,1,892.44,4.0,0.0,7.07,361,1452.75,1,0.0,2,At-Risk Customers
CUST111343,2445.22,1,2445.22,3.0,0.0,3.2,321,3278.63,1,0.0,0,Potential Customers
CUST111344,0.0,0,0.0,3.0,0.0,8.9,400,41.0,1,0.0,2,At-Risk Customers
CUST111345,3432.25,3,1144.0833333333333,1.0,0.0,2.82,11,4635.71,1,0.0,0,Potential Customers
CUST111346,3865.17,1,3865.17,10.0,0.0,23.312000000000044,212,5020.17,1,0.0,0,Potential Customers
CUST111347,0.0,0,0.0,2.0,0.0,8.6,400,193.68,1,0.0,2,At-Risk Customers
CUST111348,0.0,0,0.0,3.0,0.0,0.99,400,87.77,1,0.0,2,At-Risk Customers
CUST111349,2886.14,1,2886.14,3.0,0.0,4.02,287,3707.05,1,0.0,0,Potential Customers
CUST111350,1544.59,2,772.295,3.0,0.0,2.39,77,2044.51,1,0.0,0,Potential Customers
CUST111351,2604.75,1,2604.75,6.0,0.0,17.88,355,3698.06,1,0.0,0,Potential Customers
CUST111352,0.0,0,0.0,1.0,0.0,2.11,400,0.0,1,0.0,2,At-Risk Customers
CUST111353,0.0,0,0.0,3.0,0.0,0.84,400,57.14,1,0.0,2,At-Risk Customers
CUST111354,2199.27,1,2199.27,6.0,0.0,8.27,342,2838.05,1,0.0,0,Potential Customers
CUST111355,2155.45,1,2155.45,1.0,0.0,0.76,4,2937.31,1,0.0,0,Potential Customers
CUST111356,1433.54,1,1433.54,1.0,0.0,3.18,246,2170.64,1,0.0,0,Potential Customers
CUST111357,5880.9,2,2940.45,5.0,0.0,7.17,89,8139.36,1,1.0,3,High Value Customers
CUST111358,1559.33,1,1559.33,1.0,0.0,3.11,315,2037.85,1,0.0,0,Potential Customers
CUST111359,3828.41,2,1914.205,2.0,0.0,11.07,55,5386.69,1,0.0,0,Potential Customers
CUST111360,2041.93,4,510.4825,1.0,0.0,5.39,17,3815.74,1,0.0,0,Potential Customers
CUST111361,2240.81,1,2240.81,1.0,0.0,2.16,24,2993.74,1,0.0,0,Potential Customers
CUST111362,0.0,0,0.0,2.0,0.0,4.77,400,0.0,1,0.0,2,At-Risk Customers
CUST111363,0.0,0,0.0,3.0,0.0,13.89,400,91.78,1,0.0,2,At-Risk Customers
CUST111364,5179.04,2,2589.52,2.0,0.0,4.86,141,6491.59,1,0.0,3,High Value Customers
CUST111365,264.16,1,264.16,1.0,0.0,5.92,219,688.27,1,0.0,2,At-Risk Customers
CUST111366,0.0,0,0.0,2.0,0.0,5.67,400,132.56,1,0.0,2,At-Risk Customers
CUST111367,2047.63,1,2047.63,1.0,0.0,2.47,10,2648.09,1,0.0,0,Potential Customers
CUST111368,431.9,1,431.9,1.0,0.0,1.28,345,714.34,1,0.0,2,At-Risk Customers
CUST111369,2478.62,1,2478.62,2.0,0.0,5.37,288,3329.29,1,0.0,0,Potential Customers
CUST111370,6611.76,2,3305.88,1.0,0.0,11.33,68,9166.73,1,0.0,3,High Value Customers
CUST111371,0.0,0,0.0,2.0,0.0,6.22,400,188.26,1,0.0,2,At-Risk Customers
CUST111372,3590.27,2,1795.135,2.0,0.0,1.6,244,4564.26,1,0.0,0,Potential Customers
CUST111373,0.0,0,0.0,1.0,0.0,5.52,400,11.0,1,0.0,2,At-Risk Customers
CUST111374,9715.8,4,2428.95,3.0,0.0,7.94,272,13133.85,1,0.0,3,High Value Customers
CUST111375,3699.95,1,3699.95,2.0,0.0,9.46,58,4916.01,1,0.0,0,Potential Customers
CUST111376,1041.59,1,1041.59,3.0,1.0,6.33,310,1351.57,1,1.0,0,Potential Customers
CUST111377,331.21,1,331.21,2.0,0.0,4.02,271,590.05,1,0.0,2,At-Risk Customers
CUST111378,4936.5,2,2468.25,2.0,0.0,2.63,16,7163.25,1,0.0,3,High Value Customers
CUST111379,1279.05,1,1279.05,6.0,3.0,3.61,121,1980.54,1,0.0,1,Loyal Customers
CUST111380,1059.52,2,529.76,2.0,0.0,8.27,101,1579.49,1,0.0,0,Potential Customers
CUST111381,2714.49,1,2714.49,1.0,0.0,2.28,116,3345.05,1,0.0,0,Potential Customers
CUST111382,5778.97,3,1926.3233333333335,3.0,0.0,2.22,130,7432.62,1,0.0,3,High Value Customers
CUST111383,0.0,0,0.0,2.0,0.0,6.78,400,236.8,1,0.0,2,At-Risk Customers
CUST111384,0.0,0,0.0,3.0,0.0,5.36,400,0.0,1,0.0,2,At-Risk Customers
CUST111385,1176.75,1,1176.75,2.0,0.0,11.45,188,1623.13,1,0.0,0,Potential Customers
CUST111386,1717.98,1,1717.98,6.0,0.0,7.77,315,2565.5,1,0.0,0,Potential Customers
CUST111387,1144.04,1,1144.04,1.0,0.0,2.79,356,1648.44,1,0.0,2,At-Risk Customers
CUST111388,1673.08,1,1673.08,5.0,0.0,12.14,44,2074.34,1,1.0,0,Potential Customers
CUST111389,0.0,0,0.0,1.0,0.0,5.09,400,0.0,1,0.0,2,At-Risk Customers
CUST111390,2181.3,2,1090.65,2.0,0.0,6.74,251,3279.29,1,0.0,0,Potential Customers
CUST111391,0.0,0,0.0,1.0,0.0,3.22,400,22.35,1,0.0,2,At-Risk Customers
CUST111392,2103.11,1,2103.11,1.0,0.0,5.9,342,3033.53,1,0.0,0,Potential Customers
CUST111393,1085.96,1,1085.96,2.0,0.0,2.86,192,2081.83,1,0.0,0,Potential Customers
CUST111394,1575.03,1,1575.03,1.0,0.0,0.93,167,1922.83,1,0.0,0,Potential Customers
CUST111395,2223.29,1,2223.29,4.0,0.0,14.73,301,2617.45,1,1.0,0,Potential Customers
CUST111396,5888.75,2,2944.375,1.0,0.0,2.25,112,8264.38,1,1.0,3,High Value Customers
CUST111397,0.0,0,0.0,1.0,0.0,2.8,400,145.19,1,0.0,2,At-Risk Customers
CUST111398,7851.61,3,2617.2033333333334,1.0,0.0,2.67,94,9257.42,1,0.0,3,High Value Customers
CUST111399,0.0,0,0.0,4.0,0.0,14.79,400,75.65,1,0.0,2,At-Risk Customers
CUST111400,5327.56,3,1775.8533333333335,3.0,0.0,5.82,278,6706.71,1,0.0,3,High Value Customers
CUST111401,0.0,0,0.0,3.0,0.0,6.47,400,91.14,1,0.0,2,At-Risk Customers
CUST111402,1344.44,1,1344.44,1.0,0.0,8.17,332,2046.42,1,1.0,0,Potential Customers
CUST111403,1918.17,1,1918.17,7.0,2.0,7.05,187,2628.73,1,0.0,1,Loyal Customers
CUST111404,2452.16,1,2452.16,1.0,0.0,4.85,221,3100.82,1,0.0,0,Potential Customers
CUST111405,4221.31,2,2110.655,3.0,0.0,4.74,188,6216.23,1,0.0,0,Potential Customers
CUST111406,0.0,0,0.0,3.0,0.0,11.86,400,0.0,1,0.0,2,At-Risk Customers
CUST111407,7075.27,2,3537.635,2.0,0.0,1.78,266,9783.04,1,0.0,3,High Value Customers
CUST111408,3120.87,2,1560.435,1.0,0.0,2.24,103,4217.86,1,0.0,0,Potential Customers
CUST111409,0.0,0,0.0,1.0,0.0,6.54,400,217.89,1,0.0,2,At-Risk Customers
CUST111410,2352.74,1,2352.74,3.0,0.0,5.23,7,2644.98,1,0.0,0,Potential Customers
CUST111411,1606.52,1,1606.52,3.0,0.0,3.26,5,1853.35,1,0.0,0,Potential Customers
CUST111412,0.0,0,0.0,7.0,0.0,21.93,400,58.24,1,0.0,2,At-Risk Customers
CUST111413,3717.2,2,1858.6,3.0,0.0,1.81,19,5335.22,1,0.0,0,Potential Customers
CUST111414,10231.52,4,2557.88,3.0,0.0,4.29,316,12756.8,1,0.0,3,High Value Customers
CUST111415,0.0,0,0.0,2.0,0.0,5.04,400,0.0,1,0.0,2,At-Risk Customers
CUST111416,0.0,0,0.0,1.0,0.0,3.11,400,0.0,1,0.0,2,At-Risk Customers
CUST111417,1603.68,1,1603.68,1.0,0.0,2.59,114,2469.03,1,0.0,0,Potential Customers
CUST111418,3965.64,2,1982.82,1.0,0.0,3.33,319,5574.86,1,0.0,0,Potential Customers
CUST111419,0.0,0,0.0,3.0,0.0,12.57,400,177.21,1,0.0,2,At-Risk Customers
CUST111420,0.0,0,0.0,2.0,2.0,3.16,400,0.0,1,0.0,1,Loyal Customers
CUST111421,2676.15,1,2676.15,5.0,0.0,5.42,117,3199.8,1,0.0,0,Potential Customers
CUST111422,0.0,0,0.0,3.0,0.0,2.7,400,11.99,1,0.0,2,At-Risk Customers
CUST111423,2495.91,1,2495.91,3.0,0.0,6.78,127,3632.86,1,0.0,0,Potential Customers
CUST111424,1568.82,3,522.9399999999999,6.0,0.0,8.75,72,3218.51,1,0.0,0,Potential Customers
CUST111425,0.0,0,0.0,1.0,2.0,3.6,400,53.49,1,1.0,1,Loyal Customers
CUST111426,2001.93,1,2001.93,1.0,0.0,6.65,158,2584.73,1,0.0,0,Potential Customers
CUST111427,2497.98,1,2497.98,1.0,0.0,3.76,26,3546.72,1,0.0,0,Potential Customers
CUST111428,1875.98,1,1875.98,2.0,0.0,4.19,164,2418.75,1,0.0,0,Potential Customers
CUST111429,4562.36,3,1520.7866666666666,3.0,0.0,5.57,25,6423.71,1,0.0,3,High Value Customers
CUST111430,2138.19,1,2138.19,1.0,0.0,5.06,244,3119.75,1,0.0,0,Potential Customers
CUST111431,5015.3,2,2507.65,2.0,3.0,4.79,208,7106.65,1,1.0,1,Loyal Customers
CUST111432,0.0,0,0.0,3.0,0.0,1.45,400,13.29,1,0.0,2,At-Risk Customers
CUST111433,1882.67,3,627.5566666666667,1.0,0.0,1.71,133,3281.96,1,0.0,0,Potential Customers
CUST111434,1488.24,1,1488.24,4.0,0.0,1.21,30,1836.0,1,1.0,0,Potential Customers
CUST111435,0.0,0,0.0,1.0,0.0,1.52,400,0.0,1,0.0,2,At-Risk Customers
CUST111436,5104.36,2,2552.18,1.0,2.0,5.6,364,7657.0,1,0.0,1,Loyal Customers
CUST111437,6527.79,4,1631.9475,1.0,0.0,3.17,132,8284.81,1,0.0,3,High Value Customers
CUST111438,1839.88,1,1839.88,0.0,0.0,2.61,50,2088.38,1,0.0,0,Potential Customers
CUST111439,635.94,2,317.97,6.0,0.0,14.32,306,1555.02,1,0.0,0,Potential Customers
CUST111440,2526.72,1,2526.72,5.0,0.0,9.41,37,3269.25,1,0.0,0,Potential Customers
CUST111441,4635.65,2,2317.825,1.0,0.0,1.33,302,6215.82,1,0.0,3,High Value Customers
CUST111442,7097.24,3,2365.7466666666664,4.0,3.0,2.21,243,10404.72,1,0.0,1,Loyal Customers
CUST111443,7093.63,2,3546.815,2.0,0.0,2.09,35,8812.71,1,0.0,3,High Value Customers
CUST111444,11589.14840000001,4,2897.2871000000023,4.0,0.0,4.24,112,18095.07,1,0.0,3,High Value Customers
CUST111445,4451.48,4,1112.87,1.0,0.0,1.64,285,5725.22,1,0.0,3,High Value Customers
CUST111446,3258.32,1,3258.32,1.0,0.0,2.52,88,4087.51,1,0.0,0,Potential Customers
CUST111447,4076.91,2,2038.455,3.0,0.0,5.43,273,5588.2,1,0.0,0,Potential Customers
CUST111448,2638.29,2,1319.145,1.0,0.0,3.69,9,3212.73,1,0.0,0,Potential Customers
CUST111449,0.0,0,0.0,2.0,0.0,1.62,400,81.02,1,0.0,2,At-Risk Customers
CUST111450,0.0,0,0.0,2.0,0.0,4.35,400,0.0,1,0.0,2,At-Risk Customers
CUST111451,3290.08,1,3290.08,1.0,0.0,4.44,186,3905.56,1,0.0,0,Potential Customers
CUST111452,1666.16,1,1666.16,3.0,0.0,4.71,156,2322.81,1,0.0,0,Potential Customers
CUST111453,0.0,0,0.0,4.0,0.0,1.51,400,0.0,1,0.0,2,At-Risk Customers
CUST111454,3116.99,2,1558.495,2.0,0.0,8.06,129,4619.29,1,0.0,0,Potential Customers
CUST111455,9427.14,3,3142.3799999999997,3.0,0.0,2.86,267,11844.86,1,0.0,3,High Value Customers
CUST111456,0.0,0,0.0,0.0,0.0,1.81,400,0.0,1,0.0,2,At-Risk Customers
CUST111457,3128.96,1,3128.96,3.0,0.0,4.26,134,3568.01,1,0.0,0,Potential Customers
CUST111458,2416.18,1,2416.18,3.0,0.0,6.45,28,3385.23,1,0.0,0,Potential Customers
CUST111459,0.0,0,0.0,3.0,0.0,6.16,400,0.0,1,0.0,2,At-Risk Customers
CUST111460,2168.7,1,2168.7,3.0,0.0,9.98,176,3232.48,1,0.0,0,Potential Customers
CUST111461,0.0,0,0.0,1.0,0.0,2.6,400,100.9,1,0.0,2,At-Risk Customers
CUST111462,1836.25,1,1836.25,0.0,0.0,1.31,207,2545.15,1,0.0,0,Potential Customers
CUST111463,0.0,0,0.0,2.0,0.0,3.22,400,0.0,1,0.0,2,At-Risk Customers
CUST111464,0.0,0,0.0,0.0,0.0,0.76,400,0.0,1,0.0,2,At-Risk Customers
CUST111465,2390.69,1,2390.69,2.0,0.0,2.26,249,3608.13,1,0.0,0,Potential Customers
CUST111466,0.0,0,0.0,0.0,0.0,3.21,400,247.11,1,0.0,2,At-Risk Customers
CUST111467,0.0,0,0.0,4.0,0.0,2.87,400,0.0,1,0.0,2,At-Risk Customers
CUST111468,0.0,0,0.0,1.0,0.0,5.79,400,47.01,1,0.0,2,At-Risk Customers
CUST111469,0.0,0,0.0,2.0,0.0,4.0,400,43.56,1,0.0,2,At-Risk Customers
CUST111470,0.0,0,0.0,5.0,0.0,5.55,400,0.0,1,0.0,2,At-Risk Customers
CUST111471,1874.56,1,1874.56,2.0,0.0,4.94,197,2838.2,1,1.0,0,Potential Customers
CUST111472,1522.88,1,1522.88,2.0,0.0,1.43,14,2286.87,1,0.0,0,Potential Customers
CUST111473,0.0,0,0.0,4.0,0.0,6.18,400,82.84,1,0.0,2,At-Risk Customers
CUST111474,2142.87,1,2142.87,2.0,0.0,2.78,81,2818.01,1,0.0,0,Potential Customers
CUST111475,1323.79,1,1323.79,1.0,0.0,4.71,20,1736.28,1,0.0,0,Potential Customers
CUST111476,1532.21,2,766.105,2.0,0.0,5.6,129,2370.52,1,0.0,0,Potential Customers
CUST111477,2673.41,1,2673.41,2.0,0.0,2.32,89,3548.85,1,0.0,0,Potential Customers
CUST111478,0.0,0,0.0,4.0,0.0,2.5,400,0.0,1,0.0,2,At-Risk Customers
CUST111479,8055.8,3,2685.266666666667,2.0,0.0,4.15,63,10277.73,1,1.0,3,High Value Customers
CUST111480,3218.63,2,1609.315,2.0,0.0,2.89,13,4396.71,1,1.0,0,Potential Customers
CUST111481,0.0,0,0.0,2.0,0.0,13.52,400,26.71,1,0.0,2,At-Risk Customers
CUST111482,4373.15,2,2186.575,5.0,0.0,4.08,54,5590.64,1,0.0,0,Potential Customers
CUST111483,2981.67,2,1490.835,2.0,0.0,1.8,2,3641.58,1,0.0,0,Potential Customers
CUST111484,4832.69,2,2416.345,4.0,0.0,17.45,96,6745.67,1,0.0,3,High Value Customers
CUST111485,5764.78,3,1921.5933333333332,2.0,0.0,5.19,59,6863.65,1,0.0,3,High Value Customers
CUST111486,5742.04,2,2871.02,5.0,0.0,3.95,183,8347.33,1,0.0,3,High Value Customers
CUST111487,2412.15,3,804.0500000000001,1.0,0.0,11.73,15,3796.52,1,0.0,0,Potential Customers
CUST111488,2670.79,2,1335.395,5.0,0.0,5.03,133,3276.32,1,1.0,0,Potential Customers
CUST111489,5025.41,2,2512.705,2.0,0.0,3.83,187,7278.67,1,0.0,3,High Value Customers
CUST111490,1436.63,1,1436.63,1.0,0.0,1.32,282,2129.66,1,0.0,0,Potential Customers
CUST111491,0.0,0,0.0,2.0,0.0,0.82,400,266.83,1,0.0,2,At-Risk Customers
CUST111492,4829.77,2,2414.885,7.0,0.0,9.53,300,6785.15,1,0.0,3,High Value Customers
CUST111493,2225.02,1,2225.02,1.0,0.0,5.0,58,2779.45,1,0.0,0,Potential Customers
CUST111494,1636.49,1,1636.49,1.0,0.0,3.52,24,2350.14,1,0.0,0,Potential Customers
CUST111495,4025.59,3,1341.8633333333335,1.0,0.0,3.67,113,4823.6,1,0.0,0,Potential Customers
CUST111496,11589.14840000001,5,2317.8296800000016,5.0,0.0,5.03,258,19399.75,1,0.0,3,High Value Customers
CUST111497,413.27,1,413.27,2.0,0.0,6.32,105,721.4,1,0.0,0,Potential Customers
CUST111498,777.12,1,777.12,4.0,0.0,2.35,170,1431.56,1,0.0,0,Potential Customers
CUST111499,5233.82,2,2616.91,3.0,0.0,4.64,339,6893.84,1,0.0,3,High Value Customers
CUST111500,3482.93,2,1741.465,1.0,0.0,5.86,321,4892.26,1,0.0,0,Potential Customers
CUST111501,0.0,0,0.0,1.0,0.0,2.86,400,77.77,1,0.0,2,At-Risk Customers
CUST111502,2106.88,2,1053.44,2.0,0.0,0.85,108,2814.93,1,0.0,0,Potential Customers
CUST111503,685.33,2,342.665,2.0,0.0,2.37,332,1274.38,1,0.0,2,At-Risk Customers
CUST111504,2063.68,2,1031.84,0.0,0.0,1.63,9,3116.26,1,1.0,0,Potential Customers
CUST111505,0.0,0,0.0,4.0,0.0,9.3,400,127.09,1,0.0,2,At-Risk Customers
CUST111506,1816.52,2,908.26,1.0,0.0,2.07,114,2790.48,1,0.0,0,Potential Customers
CUST111507,4806.23,2,2403.115,2.0,0.0,2.02,118,6117.06,1,0.0,3,High Value Customers
CUST111508,1817.33,1,1817.33,0.0,0.0,2.58,102,2380.76,1,0.0,0,Potential Customers
CUST111509,1431.05,1,1431.05,3.0,0.0,7.28,233,2486.99,1,0.0,0,Potential Customers
CUST111510,4239.82,2,2119.91,2.0,0.0,7.5,17,5711.91,1,0.0,0,Potential Customers
CUST111511,0.0,0,0.0,1.0,0.0,2.31,400,77.56,1,0.0,2,At-Risk Customers
CUST111512,1555.53,1,1555.53,1.0,0.0,2.96,302,1851.76,1,0.0,0,Potential Customers
CUST111513,5808.18,2,2904.09,2.0,0.0,3.58,87,7727.12,1,0.0,3,High Value Customers
CUST111514,5448.85,3,1816.2833333333335,6.0,0.0,10.74,326,6957.0,1,0.0,3,High Value Customers
CUST111515,2395.46,1,2395.46,3.0,0.0,0.96,316,2934.04,1,0.0,0,Potential Customers
CUST111516,1962.05,1,1962.05,0.0,0.0,1.5,324,2300.72,1,0.0,0,Potential Customers
CUST111517,0.0,0,0.0,6.0,0.0,22.24,400,0.0,1,0.0,2,At-Risk Customers
CUST111518,5109.04,2,2554.52,1.0,0.0,9.25,361,7307.33,1,0.0,3,High Value Customers
CUST111519,325.22,1,325.22,2.0,0.0,1.43,173,636.49,1,0.0,0,Potential Customers
CUST111520,0.0,0,0.0,7.0,0.0,23.312000000000044,400,0.0,1,0.0,2,At-Risk Customers
CUST111521,0.0,0,0.0,6.0,3.0,6.34,400,39.07,1,0.0,1,Loyal Customers
CUST111522,4493.9,2,2246.95,2.0,0.0,4.39,97,6432.72,1,1.0,3,High Value Customers
CUST111523,0.0,0,0.0,5.0,0.0,11.41,400,0.0,1,0.0,2,At-Risk Customers
CUST111524,2396.9,1,2396.9,1.0,0.0,2.2,4,2941.27,1,0.0,0,Potential Customers
CUST111525,3410.03,2,1705.015,3.0,0.0,2.89,207,5116.03,1,0.0,0,Potential Customers
CUST111526,0.0,0,0.0,4.0,0.0,4.28,400,95.94,1,0.0,2,At-Risk Customers
CUST111527,3603.87,1,3603.87,2.0,0.0,5.77,210,4264.87,1,0.0,0,Potential Customers
CUST111528,4367.45,2,2183.725,0.0,0.0,5.14,359,5712.86,1,0.0,0,Potential Customers
CUST111529,0.0,0,0.0,1.0,0.0,4.68,400,152.78,1,0.0,2,At-Risk Customers
CUST111530,4348.42,2,2174.21,1.0,0.0,3.07,213,5148.78,1,0.0,0,Potential Customers
CUST111531,0.0,0,0.0,2.0,0.0,5.19,400,0.0,1,0.0,2,At-Risk Customers
CUST111532,2079.51,1,2079.51,0.0,0.0,4.9,99,2608.98,1,0.0,0,Potential Customers
CUST111533,0.0,0,0.0,5.0,0.0,4.03,400,38.95,1,0.0,2,At-Risk Customers
CUST111534,6243.75,2,3121.875,3.0,0.0,3.37,124,8181.04,1,0.0,3,High Value Customers
CUST111535,294.89,1,294.89,2.0,0.0,2.82,217,854.4,1,0.0,2,At-Risk Customers
CUST111536,5654.27,3,1884.756666666667,0.0,2.0,1.46,73,7697.64,1,1.0,1,Loyal Customers
CUST111537,2398.59,3,799.5300000000001,3.0,0.0,10.99,188,4098.67,1,0.0,0,Potential Customers
CUST111538,857.23,1,857.23,4.0,0.0,6.85,281,1393.56,1,0.0,0,Potential Customers
CUST111539,2618.8,1,2618.8,3.0,3.0,8.21,147,3407.08,1,0.0,1,Loyal Customers
CUST111540,4978.33,2,2489.165,4.0,0.0,1.8,192,6369.12,1,0.0,3,High Value Customers
CUST111541,0.0,0,0.0,0.0,0.0,2.86,400,0.0,1,0.0,2,At-Risk Customers
CUST111542,0.0,0,0.0,3.0,0.0,3.86,400,0.0,1,0.0,2,At-Risk Customers
CUST111543,2093.04,1,2093.04,2.0,0.0,5.21,140,2755.26,1,0.0,0,Potential Customers
CUST111544,0.0,0,0.0,0.0,0.0,2.37,400,0.0,1,0.0,2,At-Risk Customers
CUST111545,0.0,0,0.0,1.0,0.0,13.65,400,0.0,1,0.0,2,At-Risk Customers
CUST111546,3320.24,2,1660.12,1.0,0.0,7.51,206,4538.44,1,1.0,0,Potential Customers
CUST111547,2983.19,2,1491.595,1.0,0.0,4.6,19,3880.11,1,1.0,0,Potential Customers
CUST111548,8432.71,2,4216.355,1.0,0.0,5.01,277,11870.58,1,1.0,3,High Value Customers
CUST111549,0.0,0,0.0,6.0,0.0,3.47,400,180.25,1,0.0,2,At-Risk Customers
CUST111550,1599.46,1,1599.46,2.0,0.0,2.52,260,2424.04,1,0.0,0,Potential Customers
CUST111551,1873.33,1,1873.33,0.0,0.0,0.76,180,2461.96,1,0.0,0,Potential Customers
CUST111552,3928.08,3,1309.36,3.0,2.0,7.49,300,5291.08,1,0.0,1,Loyal Customers
CUST111553,0.0,0,0.0,5.0,0.0,4.22,400,0.0,1,0.0,2,At-Risk Customers
CUST111554,0.0,0,0.0,3.0,0.0,9.29,400,0.0,1,0.0,2,At-Risk Customers
CUST111555,0.0,0,0.0,2.0,0.0,6.09,400,0.0,1,1.0,2,At-Risk Customers
CUST111556,3525.5,1,3525.5,3.0,0.0,3.98,338,4083.35,1,0.0,0,Potential Customers
CUST111557,0.0,0,0.0,1.0,0.0,4.32,400,139.56,1,0.0,2,At-Risk Customers
CUST111558,2795.94,1,2795.94,1.0,0.0,2.42,118,3700.96,1,0.0,0,Potential Customers
CUST111559,1847.71,2,923.855,2.0,0.0,1.76,83,3166.26,1,0.0,0,Potential Customers
CUST111560,6131.15,3,2043.7166666666665,2.0,0.0,2.03,170,7966.47,1,0.0,3,High Value Customers
CUST111561,0.0,0,0.0,1.0,0.0,2.07,400,0.0,1,0.0,2,At-Risk Customers
CUST111562,3650.02,2,1825.01,0.0,3.0,3.54,164,4863.08,1,1.0,1,Loyal Customers
CUST111563,2025.43,1,2025.43,2.0,0.0,7.02,1,3036.32,1,0.0,0,Potential Customers
CUST111564,0.0,0,0.0,1.0,0.0,6.55,400,0.0,1,0.0,2,At-Risk Customers
CUST111565,1014.15,1,1014.15,2.0,0.0,1.4,236,1473.43,1,0.0,0,Potential Customers
CUST111566,1849.54,2,924.77,3.0,0.0,7.41,21,2433.09,1,0.0,0,Potential Customers
CUST111567,1557.14,1,1557.14,1.0,0.0,4.48,47,1760.17,1,0.0,0,Potential Customers
CUST111568,2249.48,1,2249.48,2.0,0.0,6.62,244,3057.21,1,0.0,0,Potential Customers
CUST111569,2818.19,2,1409.095,2.0,0.0,5.81,69,3945.69,1,1.0,0,Potential Customers
CUST111570,5878.18,3,1959.3933333333334,5.0,0.0,1.26,240,7186.48,1,0.0,3,High Value Customers
CUST111571,0.0,0,0.0,4.0,0.0,4.66,400,81.13,1,0.0,2,At-Risk Customers
CUST111572,0.0,0,0.0,5.0,0.0,11.36,400,145.47,1,0.0,2,At-Risk Customers
CUST111573,4047.26,2,2023.63,0.0,0.0,1.77,300,5369.1,1,0.0,0,Potential Customers
CUST111574,2142.97,1,2142.97,1.0,0.0,2.12,49,3055.57,1,1.0,0,Potential Customers
CUST111575,4075.31,2,2037.655,0.0,0.0,1.01,140,5600.65,1,0.0,0,Potential Customers
CUST111576,0.0,0,0.0,1.0,3.0,2.96,400,65.16,1,0.0,1,Loyal Customers
CUST111577,0.0,0,0.0,3.0,0.0,1.45,400,98.11,1,0.0,2,At-Risk Customers
CUST111578,0.0,0,0.0,2.0,0.0,2.22,400,96.28,1,0.0,2,At-Risk Customers
CUST111579,3775.58,2,1887.79,3.0,0.0,4.82,235,5360.31,1,0.0,0,Potential Customers
CUST111580,2799.49,2,1399.745,2.0,0.0,7.18,202,4137.23,1,0.0,0,Potential Customers
CUST111581,9043.32,3,3014.44,1.0,0.0,1.04,245,10455.09,1,0.0,3,High Value Customers
CUST111582,3730.42,2,1865.21,1.0,0.0,2.94,198,4815.49,1,0.0,0,Potential Customers
CUST111583,1010.9,1,1010.9,2.0,0.0,3.45,340,1368.52,1,0.0,2,At-Risk Customers
CUST111584,527.37,1,527.37,2.0,0.0,3.7,130,686.22,1,0.0,0,Potential Customers
CUST111585,0.0,0,0.0,1.0,0.0,7.1,400,55.8,1,0.0,2,At-Risk Customers
CUST111586,0.0,0,0.0,3.0,0.0,7.11,400,0.0,1,0.0,2,At-Risk Customers
CUST111587,4296.56,3,1432.1866666666667,1.0,0.0,7.54,32,5784.07,1,0.0,3,High Value Customers
CUST111588,3995.67,3,1331.89,2.0,2.0,4.81,151,5602.26,1,1.0,1,Loyal Customers
CUST111589,804.39,1,804.39,1.0,0.0,3.4,232,1243.24,1,0.0,0,Potential Customers
CUST111590,0.0,0,0.0,3.0,0.0,2.84,400,0.0,1,0.0,2,At-Risk Customers
CUST111591,3365.37,1,3365.37,3.0,0.0,6.19,76,4211.19,1,0.0,0,Potential Customers
CUST111592,0.0,0,0.0,2.0,0.0,2.25,400,0.0,1,0.0,2,At-Risk Customers
CUST111593,1356.06,1,1356.06,0.0,0.0,2.26,231,2030.67,1,0.0,0,Potential Customers
CUST111594,1849.95,1,1849.95,1.0,0.0,5.75,302,2351.6,1,1.0,0,Potential Customers
CUST111595,1910.23,1,1910.23,5.0,0.0,6.84,16,2728.75,1,1.0,0,Potential Customers
CUST111596,0.0,0,0.0,2.0,0.0,4.06,400,0.0,1,1.0,2,At-Risk Customers
CUST111597,951.93,1,951.93,3.0,0.0,6.32,241,1933.9,1,0.0,0,Potential Customers
CUST111598,766.86,1,766.86,2.0,3.0,3.36,177,952.71,1,0.0,1,Loyal Customers
CUST111599,7407.52,3,2469.1733333333336,1.0,0.0,3.65,102,9965.82,1,0.0,3,High Value Customers
CUST111600,2512.92,1,2512.92,3.0,3.0,5.24,149,3418.76,1,0.0,1,Loyal Customers
CUST111601,2102.9,2,1051.45,1.0,0.0,2.34,14,2970.63,1,0.0,0,Potential Customers
CUST111602,0.0,0,0.0,4.0,0.0,6.7,400,0.0,1,0.0,2,At-Risk Customers
CUST111603,2121.3,1,2121.3,2.0,0.0,3.42,230,2982.02,1,1.0,0,Potential Customers
CUST111604,0.0,0,0.0,3.0,0.0,3.58,400,0.0,1,0.0,2,At-Risk Customers
CUST111605,1698.04,1,1698.04,7.0,0.0,4.31,99,2637.78,1,1.0,0,Potential Customers
CUST111606,6011.85,3,2003.95,4.0,0.0,7.26,6,8178.09,1,0.0,3,High Value Customers
CUST111607,8339.01,2,4169.505,5.0,0.0,0.87,357,11533.68,1,0.0,3,High Value Customers
CUST111608,2944.93,1,2944.93,0.0,0.0,1.67,342,3737.0,1,0.0,0,Potential Customers
CUST111609,0.0,0,0.0,1.0,0.0,8.32,400,249.64,1,0.0,2,At-Risk Customers
CUST111610,2485.15,1,2485.15,1.0,0.0,5.71,347,3371.45,1,0.0,0,Potential Customers
CUST111611,0.0,0,0.0,2.0,0.0,2.98,400,0.0,1,0.0,2,At-Risk Customers
CUST111612,2469.86,1,2469.86,3.0,0.0,4.25,59,3149.89,1,1.0,0,Potential Customers
CUST111613,1317.83,1,1317.83,2.0,0.0,6.16,204,1776.87,1,0.0,0,Potential Customers
CUST111614,294.03,1,294.03,7.0,0.0,12.03,37,740.92,1,0.0,0,Potential Customers
CUST111615,2548.08,1,2548.08,2.0,0.0,3.02,249,3459.06,1,0.0,0,Potential Customers
CUST111616,1183.72,1,1183.72,5.0,0.0,10.2,138,1651.12,1,1.0,0,Potential Customers
CUST111617,598.23,2,299.115,5.0,0.0,6.03,224,1336.04,1,1.0,0,Potential Customers
CUST111618,1385.02,1,1385.02,2.0,0.0,2.12,340,2142.05,1,0.0,0,Potential Customers
CUST111619,356.83,1,356.83,1.0,0.0,2.65,296,807.34,1,0.0,2,At-Risk Customers
CUST111620,3244.11,1,3244.11,1.0,0.0,9.46,269,4390.83,1,0.0,0,Potential Customers
CUST111621,2822.41,1,2822.41,4.0,0.0,10.92,247,3470.02,1,0.0,0,Potential Customers
CUST111622,1397.8,1,1397.8,5.0,0.0,3.92,355,2167.45,1,0.0,0,Potential Customers
CUST111623,0.0,0,0.0,3.0,0.0,8.76,400,15.26,1,0.0,2,At-Risk Customers
CUST111624,3146.55,2,1573.275,3.0,0.0,5.2,62,3972.98,1,0.0,0,Potential Customers
CUST111625,0.0,0,0.0,3.0,0.0,3.87,400,0.0,1,0.0,2,At-Risk Customers
CUST111626,2516.99,2,1258.495,4.0,0.0,4.63,283,3216.55,1,0.0,0,Potential Customers
CUST111627,3380.09,2,1690.045,1.0,0.0,1.53,88,5011.79,1,0.0,0,Potential Customers
CUST111628,476.4,1,476.4,2.0,0.0,3.35,348,950.05,1,0.0,2,At-Risk Customers
CUST111629,1276.47,1,1276.47,3.0,3.0,2.81,52,1818.18,1,1.0,1,Loyal Customers
CUST111630,6231.17,2,3115.585,3.0,0.0,8.18,108,8298.56,1,0.0,3,High Value Customers
CUST111631,0.0,0,0.0,0.0,0.0,4.83,400,0.0,1,0.0,2,At-Risk Customers
CUST111632,1586.42,1,1586.42,1.0,0.0,3.44,174,2295.09,1,0.0,0,Potential Customers
CUST111633,1956.42,1,1956.42,2.0,0.0,8.84,299,2606.09,1,0.0,0,Potential Customers
CUST111634,2010.7,1,2010.7,2.0,0.0,1.41,144,2733.97,1,0.0,0,Potential Customers
CUST111635,547.96,2,273.98,1.0,0.0,2.08,346,1270.56,1,0.0,2,At-Risk Customers
CUST111636,1521.54,1,1521.54,3.0,0.0,9.82,284,1880.63,1,0.0,0,Potential Customers
CUST111637,1192.27,1,1192.27,2.0,1.0,6.35,313,1508.37,1,0.0,0,Potential Customers
CUST111638,1988.05,1,1988.05,0.0,0.0,1.34,116,2574.2,1,0.0,0,Potential Customers
CUST111639,3200.3,2,1600.15,3.0,0.0,4.72,329,4363.86,1,0.0,0,Potential Customers
CUST111640,313.44,1,313.44,3.0,0.0,1.67,165,486.81,1,0.0,0,Potential Customers
CUST111641,2911.88,2,1455.94,3.0,0.0,3.01,7,4099.97,1,0.0,0,Potential Customers
CUST111642,524.54,2,262.27,1.0,3.0,5.59,53,1234.44,1,1.0,1,Loyal Customers
CUST111643,7413.92,4,1853.48,4.0,0.0,3.96,329,10951.03,1,0.0,3,High Value Customers
CUST111644,0.0,0,0.0,2.0,0.0,3.86,400,9.48,1,0.0,2,At-Risk Customers
CUST111645,2064.54,2,1032.27,3.0,0.0,2.28,182,3060.36,1,0.0,0,Potential Customers
CUST111646,3637.64,2,1818.82,2.0,3.0,9.09,30,5036.61,1,1.0,1,Loyal Customers
CUST111647,0.0,0,0.0,2.0,0.0,4.02,400,60.46,1,0.0,2,At-Risk Customers
CUST111648,0.0,0,0.0,0.0,0.0,2.31,400,47.75,1,0.0,2,At-Risk Customers
CUST111649,306.85,1,306.85,3.0,0.0,4.42,347,749.18,1,0.0,2,At-Risk Customers
CUST111650,3114.25,1,3114.25,3.0,0.0,3.26,157,4184.59,1,1.0,0,Potential Customers
CUST111651,2330.17,1,2330.17,1.0,0.0,2.76,193,3249.2,1,0.0,0,Potential Customers
CUST111652,3312.41,2,1656.205,3.0,0.0,4.49,216,4704.83,1,0.0,0,Potential Customers
CUST111653,0.0,0,0.0,3.0,0.0,13.07,400,2.27,1,0.0,2,At-Risk Customers
CUST111654,6935.82,2,3467.91,3.0,0.0,2.21,32,9949.62,1,0.0,3,High Value Customers
CUST111655,0.0,0,0.0,2.0,1.0,6.01,400,13.12,1,0.0,2,At-Risk Customers
CUST111656,0.0,0,0.0,3.0,0.0,7.38,400,44.67,1,0.0,2,At-Risk Customers
CUST111657,0.0,0,0.0,4.0,0.0,5.71,400,84.43,1,0.0,2,At-Risk Customers
CUST111658,1260.82,1,1260.82,6.0,0.0,7.68,273,1974.42,1,0.0,0,Potential Customers
CUST111659,0.0,0,0.0,3.0,0.0,3.87,400,0.0,1,0.0,2,At-Risk Customers
CUST111660,4194.17,2,2097.085,1.0,0.0,5.72,83,5437.08,1,0.0,0,Potential Customers
CUST111661,0.0,0,0.0,4.0,0.0,4.42,400,0.0,1,0.0,2,At-Risk Customers
CUST111662,4786.76,2,2393.38,2.0,0.0,1.65,336,6433.19,1,0.0,3,High Value Customers
CUST111663,2020.52,1,2020.52,1.0,0.0,1.96,220,2996.67,1,0.0,0,Potential Customers
CUST111664,0.0,0,0.0,3.0,0.0,8.49,400,0.0,1,0.0,2,At-Risk Customers
CUST111665,3861.7,2,1930.85,2.0,0.0,2.94,160,5091.52,1,0.0,0,Potential Customers
CUST111666,0.0,0,0.0,5.0,0.0,3.23,400,15.7,1,1.0,2,At-Risk Customers
CUST111667,2737.25,1,2737.25,2.0,0.0,6.93,217,3381.88,1,0.0,0,Potential Customers
CUST111668,0.0,0,0.0,1.0,0.0,3.72,400,0.0,1,0.0,2,At-Risk Customers
CUST111669,3167.0,2,1583.5,4.0,0.0,6.67,241,4585.34,1,0.0,0,Potential Customers
CUST111670,2739.27,3,913.09,1.0,0.0,3.76,345,4002.58,1,0.0,0,Potential Customers
CUST111671,1558.48,1,1558.48,4.0,0.0,1.97,329,1727.95,1,0.0,0,Potential Customers
CUST111672,2157.78,1,2157.78,3.0,3.0,8.26,237,3204.3,1,1.0,1,Loyal Customers
CUST111673,1523.92,1,1523.92,1.0,0.0,2.28,42,1863.11,1,1.0,0,Potential Customers
CUST111674,0.0,0,0.0,4.0,0.0,9.81,400,95.3,1,0.0,2,At-Risk Customers
CUST111675,6370.66,2,3185.33,2.0,0.0,6.06,193,7923.59,1,0.0,3,High Value Customers
CUST111676,472.63,1,472.63,1.0,0.0,2.81,126,952.13,1,0.0,0,Potential Customers
CUST111677,1922.85,1,1922.85,1.0,0.0,6.15,204,2308.14,1,0.0,0,Potential Customers
CUST111678,1336.52,1,1336.52,3.0,0.0,2.93,347,1821.3,1,0.0,0,Potential Customers
CUST111679,2542.6,2,1271.3,0.0,0.0,2.37,30,3257.49,1,0.0,0,Potential Customers
CUST111680,5384.1,2,2692.05,2.0,0.0,4.7,316,6785.59,1,0.0,3,High Value Customers
CUST111681,3129.69,3,1043.23,3.0,3.0,6.99,244,4675.4,1,0.0,1,Loyal Customers
CUST111682,6876.7,3,2292.233333333333,3.0,0.0,4.92,271,8544.93,1,0.0,3,High Value Customers
CUST111683,1613.01,1,1613.01,4.0,0.0,2.42,196,2414.22,1,0.0,0,Potential Customers
CUST111684,4458.74,2,2229.37,3.0,0.0,1.58,49,5883.36,1,0.0,0,Potential Customers
CUST111685,0.0,0,0.0,1.0,1.0,3.58,400,353.45,1,0.0,2,At-Risk Customers
CUST111686,10519.22,3,3506.4066666666663,2.0,0.0,1.88,118,12267.72,1,0.0,3,High Value Customers
CUST111687,0.0,0,0.0,1.0,0.0,3.78,400,115.86,1,0.0,2,At-Risk Customers
CUST111688,0.0,0,0.0,4.0,0.0,3.96,400,0.0,1,0.0,2,At-Risk Customers
CUST111689,680.29,1,680.29,3.0,0.0,6.68,224,970.28,1,1.0,0,Potential Customers
CUST111690,2614.39,2,1307.195,2.0,0.0,6.37,244,3186.94,1,0.0,0,Potential Customers
CUST111691,1886.78,1,1886.78,2.0,0.0,8.07,165,2597.91,1,0.0,0,Potential Customers
CUST111692,523.34,1,523.34,1.0,0.0,4.01,83,925.74,1,0.0,0,Potential Customers
CUST111693,1253.67,1,1253.67,2.0,0.0,3.06,76,1575.12,1,0.0,0,Potential Customers
CUST111694,2166.6,1,2166.6,2.0,0.0,5.51,225,2787.07,1,0.0,0,Potential Customers
CUST111695,0.0,0,0.0,2.0,0.0,5.45,400,0.0,1,0.0,2,At-Risk Customers
CUST111696,2469.05,1,2469.05,1.0,0.0,5.29,250,3478.3,1,0.0,0,Potential Customers
CUST111697,0.0,0,0.0,3.0,0.0,15.44,400,0.0,1,0.0,2,At-Risk Customers
CUST111698,2029.87,1,2029.87,4.0,0.0,6.46,36,2859.58,1,0.0,0,Potential Customers
CUST111699,0.0,0,0.0,4.0,0.0,9.29,400,154.0,1,1.0,2,At-Risk Customers
CUST111700,2070.1,1,2070.1,1.0,0.0,1.9,181,2999.97,1,0.0,0,Potential Customers
CUST111701,1722.72,1,1722.72,1.0,0.0,2.05,315,2585.66,1,0.0,0,Potential Customers
CUST111702,1039.17,4,259.7925,3.0,0.0,2.36,40,2336.46,1,1.0,0,Potential Customers
CUST111703,0.0,0,0.0,1.0,0.0,4.1,400,0.0,1,0.0,2,At-Risk Customers
CUST111704,3175.18,2,1587.59,2.0,0.0,3.67,71,4358.49,1,0.0,0,Potential Customers
CUST111705,1877.72,1,1877.72,5.0,0.0,4.88,209,2478.4,1,0.0,0,Potential Customers
CUST111706,0.0,0,0.0,5.0,0.0,12.89,400,0.0,1,0.0,2,At-Risk Customers
CUST111707,1746.16,1,1746.16,1.0,0.0,3.81,323,2477.23,1,0.0,0,Potential Customers
CUST111708,4522.22,2,2261.11,0.0,0.0,5.69,269,5800.45,1,0.0,0,Potential Customers
CUST111709,1538.52,1,1538.52,3.0,0.0,4.28,167,1948.09,1,0.0,0,Potential Customers
CUST111710,4508.62,2,2254.31,3.0,0.0,8.65,46,5514.19,1,0.0,0,Potential Customers
CUST111711,4309.86,3,1436.62,5.0,0.0,6.33,160,6630.61,1,0.0,3,High Value Customers
CUST111712,0.0,0,0.0,3.0,2.0,3.92,400,17.49,1,0.0,1,Loyal Customers
CUST111713,0.0,0,0.0,2.0,0.0,7.95,400,0.0,1,0.0,2,At-Risk Customers
CUST111714,2565.73,2,1282.865,1.0,0.0,6.22,247,3534.72,1,0.0,0,Potential Customers
CUST111715,2608.35,1,2608.35,0.0,0.0,7.42,279,2949.8,1,0.0,0,Potential Customers
CUST111716,1944.56,1,1944.56,3.0,0.0,4.18,103,2729.75,1,0.0,0,Potential Customers
CUST111717,872.34,1,872.34,1.0,0.0,6.46,75,1097.76,1,0.0,0,Potential Customers
CUST111718,0.0,0,0.0,2.0,0.0,3.46,400,81.36,1,0.0,2,At-Risk Customers
CUST111719,1885.15,1,1885.15,2.0,0.0,1.99,31,2299.1,1,0.0,0,Potential Customers
CUST111720,1554.62,1,1554.62,2.0,0.0,2.94,357,2376.72,1,0.0,0,Potential Customers
CUST111721,3679.59,3,1226.53,4.0,0.0,6.23,17,5234.21,1,0.0,0,Potential Customers
CUST111722,0.0,0,0.0,2.0,0.0,5.89,400,130.9,1,0.0,2,At-Risk Customers
CUST111723,0.0,0,0.0,2.0,0.0,2.51,400,0.0,1,0.0,2,At-Risk Customers
CUST111724,0.0,0,0.0,1.0,0.0,10.63,400,16.16,1,0.0,2,At-Risk Customers
CUST111725,6244.11,2,3122.055,0.0,0.0,2.02,228,7206.87,1,0.0,3,High Value Customers
CUST111726,4664.8,2,2332.4,2.0,0.0,4.55,359,5688.12,1,0.0,3,High Value Customers
CUST111727,0.0,0,0.0,2.0,0.0,3.04,400,0.0,1,1.0,2,At-Risk Customers
CUST111728,315.88,1,315.88,2.0,0.0,4.65,18,757.89,1,0.0,0,Potential Customers
CUST111729,1027.45,3,342.48333333333335,0.0,0.0,1.69,9,1783.88,1,0.0,0,Potential Customers
CUST111730,1061.54,1,1061.54,1.0,0.0,1.26,296,1756.14,1,0.0,0,Potential Customers
CUST111731,5072.48,3,1690.8266666666666,1.0,0.0,2.65,105,6788.27,1,1.0,3,High Value Customers
CUST111732,2236.44,1,2236.44,2.0,0.0,6.52,138,3117.68,1,0.0,0,Potential Customers
CUST111733,3546.11,2,1773.055,1.0,0.0,4.62,261,5036.42,1,0.0,0,Potential Customers
CUST111734,7497.12,4,1874.28,0.0,0.0,1.57,73,9984.5,1,0.0,3,High Value Customers
CUST111735,0.0,0,0.0,2.0,0.0,7.98,400,0.0,1,0.0,2,At-Risk Customers
CUST111736,4344.3,3,1448.1000000000001,2.0,0.0,4.73,68,5860.31,1,0.0,3,High Value Customers
CUST111737,0.0,0,0.0,5.0,0.0,6.87,400,20.67,1,1.0,2,At-Risk Customers
CUST111738,4590.82,3,1530.2733333333333,4.0,0.0,3.2,43,7270.17,1,0.0,3,High Value Customers
CUST111739,3678.39,2,1839.195,1.0,0.0,1.16,350,4485.15,1,0.0,0,Potential Customers
CUST111740,0.0,0,0.0,1.0,0.0,11.49,400,0.0,1,0.0,2,At-Risk Customers
CUST111741,3881.46,4,970.365,0.0,0.0,3.6,21,5386.34,1,0.0,3,High Value Customers
CUST111742,0.0,0,0.0,5.0,0.0,8.1,400,190.24,1,0.0,2,At-Risk Customers
CUST111743,2919.31,2,1459.655,3.0,0.0,3.1,216,4704.04,1,0.0,0,Potential Customers
CUST111744,0.0,0,0.0,3.0,0.0,4.33,400,0.0,1,0.0,2,At-Risk Customers
CUST111745,3083.48,1,3083.48,2.0,0.0,1.3,233,4252.62,1,0.0,0,Potential Customers
CUST111746,1664.49,1,1664.49,3.0,0.0,2.27,31,2168.78,1,0.0,0,Potential Customers
CUST111747,0.0,0,0.0,3.0,0.0,11.44,400,0.0,1,0.0,2,At-Risk Customers
CUST111748,1625.12,1,1625.12,3.0,2.0,7.47,61,2051.85,1,0.0,1,Loyal Customers
CUST111749,4416.86,3,1472.2866666666666,5.0,0.0,9.29,356,6041.3,1,0.0,3,High Value Customers
CUST111750,2498.99,1,2498.99,5.0,0.0,5.7,252,3533.31,1,0.0,0,Potential Customers
CUST111751,11589.14840000001,6,1931.5247333333348,3.0,0.0,4.83,15,18682.25,1,0.0,3,High Value Customers
CUST111752,3050.57,2,1525.285,5.0,0.0,7.91,56,3913.67,1,1.0,0,Potential Customers
CUST111753,659.03,1,659.03,2.0,0.0,7.69,345,1144.41,1,0.0,2,At-Risk Customers
CUST111754,3286.57,1,3286.57,1.0,0.0,5.01,155,3981.19,1,0.0,0,Potential Customers
CUST111755,0.0,0,0.0,2.0,0.0,4.34,400,128.21,1,0.0,2,At-Risk Customers
CUST111756,1004.11,1,1004.11,5.0,0.0,7.93,326,1425.46,1,0.0,2,At-Risk Customers
CUST111757,2266.97,1,2266.97,1.0,0.0,1.96,229,2984.67,1,0.0,0,Potential Customers
CUST111758,2236.4,3,745.4666666666667,1.0,0.0,3.29,182,3817.71,1,1.0,0,Potential Customers
CUST111759,4810.85,2,2405.425,1.0,0.0,1.53,57,6509.88,1,0.0,3,High Value Customers
CUST111760,4852.27,3,1617.4233333333334,3.0,0.0,2.08,304,5587.46,1,0.0,3,High Value Customers
CUST111761,0.0,0,0.0,2.0,0.0,4.7,400,20.85,1,0.0,2,At-Risk Customers
CUST111762,0.0,0,0.0,3.0,0.0,6.97,400,102.2,1,1.0,2,At-Risk Customers
CUST111763,1361.86,1,1361.86,8.0,1.0,14.55,107,1614.15,1,1.0,1,Loyal Customers
CUST111764,0.0,0,0.0,3.0,0.0,3.75,400,0.0,1,0.0,2,At-Risk Customers
CUST111765,1538.32,2,769.16,4.0,0.0,3.06,126,2497.14,1,0.0,0,Potential Customers
CUST111766,995.41,2,497.705,1.0,0.0,3.85,30,1602.83,1,1.0,0,Potential Customers
CUST111767,3749.32,2,1874.66,1.0,0.0,4.8,66,5097.64,1,0.0,0,Potential Customers
CUST111768,7117.4,4,1779.35,5.0,0.0,14.32,306,9389.39,1,0.0,3,High Value Customers
CUST111769,4770.88,2,2385.44,2.0,0.0,4.08,150,5494.51,1,0.0,0,Potential Customers
CUST111770,1115.56,1,1115.56,1.0,0.0,1.89,350,1776.23,1,0.0,2,At-Risk Customers
CUST111771,5845.21,2,2922.605,1.0,0.0,5.31,138,7360.51,1,0.0,3,High Value Customers
CUST111772,0.0,0,0.0,1.0,0.0,4.3,400,197.92,1,0.0,2,At-Risk Customers
CUST111773,3299.54,1,3299.54,5.0,0.0,3.95,147,4603.87,1,0.0,0,Potential Customers
CUST111774,1729.7,1,1729.7,2.0,0.0,3.36,249,2172.98,1,0.0,0,Potential Customers
CUST111775,1666.44,1,1666.44,3.0,0.0,17.28,278,2368.75,1,0.0,0,Potential Customers
CUST111776,3212.14,1,3212.14,2.0,0.0,2.85,57,3732.87,1,0.0,0,Potential Customers
CUST111777,604.88,1,604.88,1.0,0.0,1.38,130,904.47,1,0.0,0,Potential Customers
CUST111778,0.0,0,0.0,1.0,0.0,2.67,400,0.0,1,0.0,2,At-Risk Customers
CUST111779,6924.93,3,2308.31,1.0,0.0,2.88,315,9732.11,1,0.0,3,High Value Customers
CUST111780,2093.08,1,2093.08,2.0,0.0,1.67,66,2521.9,1,0.0,0,Potential Customers
CUST111781,3008.75,3,1002.9166666666666,2.0,0.0,4.02,126,4366.56,1,0.0,0,Potential Customers
CUST111782,1432.73,1,1432.73,3.0,0.0,12.54,202,2094.21,1,0.0,0,Potential Customers
CUST111783,5446.16,3,1815.3866666666665,0.0,0.0,1.67,219,6936.29,1,1.0,3,High Value Customers
CUST111784,2394.44,1,2394.44,0.0,0.0,1.54,180,3280.27,1,0.0,0,Potential Customers
CUST111785,0.0,0,0.0,1.0,0.0,6.83,400,0.0,1,0.0,2,At-Risk Customers
CUST111786,338.71,1,338.71,1.0,0.0,3.52,143,624.87,1,0.0,0,Potential Customers
CUST111787,0.0,0,0.0,3.0,0.0,3.1,400,0.0,1,0.0,2,At-Risk Customers
CUST111788,0.0,0,0.0,1.0,0.0,8.64,400,65.44,1,0.0,2,At-Risk Customers
CUST111789,3287.68,1,3287.68,3.0,0.0,2.75,298,4138.94,1,0.0,0,Potential Customers
CUST111790,1186.2,1,1186.2,2.0,0.0,1.36,273,1873.99,1,0.0,0,Potential Customers
CUST111791,1855.88,1,1855.88,2.0,2.0,7.1,113,2537.15,1,1.0,1,Loyal Customers
CUST111792,2192.36,2,1096.18,1.0,0.0,3.89,102,3243.04,1,0.0,0,Potential Customers
CUST111793,5935.4,2,2967.7,6.0,0.0,3.74,196,7867.79,1,1.0,3,High Value Customers
CUST111794,4872.57,2,2436.285,0.0,0.0,1.04,22,6720.2,1,0.0,3,High Value Customers
CUST111795,0.0,0,0.0,1.0,0.0,2.01,400,0.0,1,0.0,2,At-Risk Customers
CUST111796,3123.0,1,3123.0,5.0,0.0,3.53,307,4341.37,1,0.0,0,Potential Customers
CUST111797,2359.75,3,786.5833333333334,1.0,0.0,1.92,103,3996.95,1,0.0,0,Potential Customers
CUST111798,3279.83,2,1639.915,2.0,0.0,7.92,10,5028.13,1,1.0,0,Potential Customers
CUST111799,3031.99,1,3031.99,0.0,0.0,3.88,161,4358.08,1,0.0,0,Potential Customers
CUST111800,4499.23,3,1499.743333333333,8.0,0.0,3.43,60,5740.13,1,0.0,3,High Value Customers
CUST111801,1505.63,1,1505.63,4.0,0.0,8.02,262,2144.5,1,0.0,0,Potential Customers
CUST111802,5485.61,3,1828.5366666666666,1.0,0.0,2.7,212,7275.72,1,0.0,3,High Value Customers
CUST111803,2006.54,2,1003.27,1.0,0.0,5.31,166,2524.01,1,1.0,0,Potential Customers
CUST111804,0.0,0,0.0,3.0,0.0,4.06,400,30.28,1,1.0,2,At-Risk Customers
CUST111805,2715.42,2,1357.71,5.0,0.0,7.3,140,4412.39,1,1.0,0,Potential Customers
CUST111806,971.28,1,971.28,4.0,1.0,5.51,89,1628.79,1,0.0,0,Potential Customers
CUST111807,2193.06,1,2193.06,4.0,0.0,6.29,121,2842.83,1,0.0,0,Potential Customers
CUST111808,1234.6,1,1234.6,3.0,0.0,2.84,273,1665.53,1,0.0,0,Potential Customers
CUST111809,2766.36,2,1383.18,6.0,0.0,2.74,310,4073.11,1,1.0,0,Potential Customers
CUST111810,2221.35,2,1110.675,3.0,3.0,3.81,299,3428.05,1,0.0,1,Loyal Customers
CUST111811,2124.34,1,2124.34,3.0,0.0,6.26,23,2599.54,1,0.0,0,Potential Customers
CUST111812,3943.06,2,1971.53,3.0,0.0,5.3,18,4924.79,1,0.0,0,Potential Customers
CUST111813,433.77,1,433.77,3.0,0.0,7.0,143,555.94,1,0.0,0,Potential Customers
CUST111814,0.0,0,0.0,2.0,0.0,2.25,400,0.0,1,0.0,2,At-Risk Customers
CUST111815,1827.87,1,1827.87,3.0,1.0,1.6,134,2604.78,1,0.0,0,Potential Customers
CUST111816,1618.08,1,1618.08,1.0,0.0,2.9,246,2309.6,1,0.0,0,Potential Customers
CUST111817,1937.52,2,968.76,2.0,0.0,2.57,219,2851.69,1,0.0,0,Potential Customers
CUST111818,0.0,0,0.0,1.0,0.0,2.1,400,0.0,1,0.0,2,At-Risk Customers
CUST111819,0.0,0,0.0,5.0,0.0,3.5,400,182.26,1,0.0,2,At-Risk Customers
CUST111820,4189.43,1,4189.43,3.0,0.0,1.66,277,5281.53,1,0.0,0,Potential Customers
CUST111821,3617.56,2,1808.78,1.0,0.0,2.75,261,4497.03,1,0.0,0,Potential Customers
CUST111822,0.0,0,0.0,1.0,0.0,2.06,400,216.06,1,0.0,2,At-Risk Customers
CUST111823,2507.77,1,2507.77,4.0,0.0,1.79,224,3363.63,1,0.0,0,Potential Customers
CUST111824,2277.08,1,2277.08,5.0,0.0,1.71,110,2756.5,1,0.0,0,Potential Customers
CUST111825,1062.0,1,1062.0,1.0,0.0,2.04,301,1422.17,1,0.0,0,Potential Customers
CUST111826,9168.22,4,2292.055,4.0,0.0,5.82,285,12048.6,1,1.0,3,High Value Customers
CUST111827,3206.12,1,3206.12,3.0,0.0,3.33,273,4059.19,1,0.0,0,Potential Customers
CUST111828,4483.97,3,1494.6566666666668,2.0,0.0,4.38,354,5800.27,1,0.0,3,High Value Customers
CUST111829,5309.06,2,2654.53,2.0,0.0,3.51,229,7268.44,1,0.0,3,High Value Customers
CUST111830,4157.23,2,2078.615,4.0,0.0,6.33,5,6103.78,1,0.0,0,Potential Customers
CUST111831,0.0,0,0.0,2.0,0.0,5.76,400,0.0,1,0.0,2,At-Risk Customers
CUST111832,3377.49,4,844.3725,2.0,0.0,5.88,54,5257.32,1,0.0,3,High Value Customers
CUST111833,1118.62,1,1118.62,7.0,0.0,4.02,126,1618.98,1,0.0,0,Potential Customers
CUST111834,3545.86,2,1772.93,4.0,2.0,3.95,343,4234.81,1,0.0,1,Loyal Customers
CUST111835,1616.0,1,1616.0,2.0,0.0,1.78,193,2118.72,1,0.0,0,Potential Customers
CUST111836,2422.95,1,2422.95,3.0,0.0,2.48,299,2772.99,1,0.0,0,Potential Customers
CUST111837,501.3,1,501.3,1.0,0.0,6.78,195,715.0,1,0.0,0,Potential Customers
CUST111838,4616.18,2,2308.09,2.0,0.0,2.75,105,5699.09,1,0.0,0,Potential Customers
CUST111839,8534.67,5,1706.934,4.0,0.0,3.39,259,11758.41,1,1.0,3,High Value Customers
CUST111840,2379.39,1,2379.39,3.0,0.0,6.16,236,3038.13,1,0.0,0,Potential Customers
CUST111841,1841.46,1,1841.46,2.0,0.0,4.78,317,2527.28,1,0.0,0,Potential Customers
CUST111842,3693.08,2,1846.54,3.0,0.0,4.07,114,5365.42,1,0.0,0,Potential Customers
CUST111843,2185.32,1,2185.32,1.0,0.0,3.41,22,2771.56,1,0.0,0,Potential Customers
CUST111844,1652.23,1,1652.23,2.0,0.0,7.13,153,2346.15,1,0.0,0,Potential Customers
CUST111845,0.0,0,0.0,1.0,0.0,2.54,400,0.0,1,0.0,2,At-Risk Customers
CUST111846,0.0,0,0.0,1.0,0.0,5.05,400,87.97,1,0.0,2,At-Risk Customers
CUST111847,0.0,0,0.0,1.0,0.0,3.32,400,0.0,1,0.0,2,At-Risk Customers
CUST111848,6223.06,3,2074.3533333333335,5.0,0.0,5.88,299,8465.34,1,0.0,3,High Value Customers
CUST111849,0.0,0,0.0,2.0,0.0,6.25,400,150.64,1,0.0,2,At-Risk Customers
CUST111850,5142.55,3,1714.1833333333334,2.0,0.0,4.36,277,7544.8,1,0.0,3,High Value Customers
CUST111851,0.0,0,0.0,4.0,0.0,8.42,400,2.86,1,1.0,2,At-Risk Customers
CUST111852,1422.86,2,711.43,2.0,0.0,6.56,73,2078.2,1,0.0,0,Potential Customers
CUST111853,0.0,0,0.0,2.0,0.0,3.3,400,195.2,1,0.0,2,At-Risk Customers
CUST111854,907.01,3,302.33666666666664,2.0,0.0,4.69,152,2431.67,1,1.0,0,Potential Customers
CUST111855,283.92,1,283.92,2.0,0.0,4.84,82,872.05,1,0.0,0,Potential Customers
CUST111856,2377.01,1,2377.01,3.0,0.0,7.85,275,3065.03,1,1.0,0,Potential Customers
CUST111857,2575.98,2,1287.99,1.0,0.0,1.46,255,4004.9,1,0.0,0,Potential Customers
CUST111858,0.0,0,0.0,2.0,0.0,8.55,400,0.0,1,0.0,2,At-Risk Customers
CUST111859,320.1,1,320.1,2.0,0.0,1.36,289,737.47,1,0.0,2,At-Risk Customers
CUST111860,2602.41,1,2602.41,3.0,0.0,5.51,236,3939.23,1,0.0,0,Potential Customers
CUST111861,0.0,0,0.0,3.0,0.0,5.48,400,0.0,1,1.0,2,At-Risk Customers
CUST111862,0.0,0,0.0,2.0,0.0,3.51,400,165.38,1,0.0,2,At-Risk Customers
CUST111863,451.89,1,451.89,3.0,0.0,6.08,134,816.44,1,0.0,0,Potential Customers
CUST111864,8503.06,3,2834.353333333333,0.0,0.0,1.76,317,10052.88,1,0.0,3,High Value Customers
CUST111865,6305.45,5,1261.09,4.0,0.0,2.32,174,9169.37,1,0.0,3,High Value Customers
CUST111866,3318.31,1,3318.31,3.0,0.0,1.93,59,4606.05,1,0.0,0,Potential Customers
CUST111867,0.0,0,0.0,4.0,0.0,2.55,400,77.04,1,0.0,2,At-Risk Customers
CUST111868,2157.04,1,2157.04,3.0,0.0,8.34,219,3139.75,1,0.0,0,Potential Customers
CUST111869,0.0,0,0.0,4.0,0.0,9.55,400,0.0,1,0.0,2,At-Risk Customers
CUST111870,7704.47,4,1926.1175,1.0,0.0,3.79,228,10951.35,1,0.0,3,High Value Customers
CUST111871,0.0,0,0.0,7.0,0.0,4.6,400,0.0,1,0.0,2,At-Risk Customers
CUST111872,1316.43,1,1316.43,3.0,0.0,4.02,111,1763.36,1,0.0,0,Potential Customers
CUST111873,2467.63,2,1233.815,2.0,0.0,3.03,37,3637.36,1,0.0,0,Potential Customers
CUST111874,0.0,0,0.0,0.0,0.0,2.53,400,115.72,1,0.0,2,At-Risk Customers
CUST111875,1745.36,1,1745.36,4.0,0.0,7.66,228,2303.45,1,1.0,0,Potential Customers
CUST111876,1904.9,2,952.45,1.0,0.0,2.8,48,3029.76,1,0.0,0,Potential Customers
CUST111877,1283.07,1,1283.07,1.0,0.0,2.06,227,1776.35,1,0.0,0,Potential Customers
CUST111878,1045.82,1,1045.82,1.0,0.0,7.43,16,1159.18,1,0.0,0,Potential Customers
CUST111879,0.0,0,0.0,5.0,0.0,4.02,400,124.95,1,0.0,2,At-Risk Customers
CUST111880,1265.65,1,1265.65,1.0,0.0,2.87,36,1676.87,1,0.0,0,Potential Customers
CUST111881,638.92,1,638.92,2.0,0.0,3.96,180,1362.61,1,0.0,0,Potential Customers
CUST111882,0.0,0,0.0,4.0,0.0,7.54,400,114.82,1,0.0,2,At-Risk Customers
CUST111883,597.37,2,298.685,0.0,0.0,2.38,137,1430.99,1,0.0,0,Potential Customers
CUST111884,2178.44,1,2178.44,3.0,0.0,7.81,217,2566.71,1,0.0,0,Potential Customers
CUST111885,3019.12,1,3019.12,7.0,0.0,11.17,32,3943.6,1,0.0,0,Potential Customers
CUST111886,5955.91,3,1985.3033333333333,2.0,0.0,1.71,44,7538.94,1,0.0,3,High Value Customers
CUST111887,2715.74,1,2715.74,1.0,0.0,1.59,279,3754.22,1,0.0,0,Potential Customers
CUST111888,4181.01,3,1393.67,0.0,0.0,1.31,298,6296.77,1,1.0,3,High Value Customers
CUST111889,0.0,0,0.0,1.0,0.0,2.82,400,79.27,1,0.0,2,At-Risk Customers
CUST111890,10171.51,3,3390.5033333333336,0.0,0.0,1.68,151,12280.62,1,0.0,3,High Value Customers
CUST111891,1589.98,1,1589.98,2.0,0.0,8.66,109,2335.59,1,0.0,0,Potential Customers
CUST111892,2947.78,2,1473.89,2.0,0.0,2.07,205,4125.95,1,0.0,0,Potential Customers
CUST111893,2055.67,1,2055.67,5.0,0.0,3.05,124,2642.52,1,1.0,0,Potential Customers
CUST111894,1092.42,1,1092.42,2.0,2.0,5.22,40,1275.51,1,0.0,1,Loyal Customers
CUST111895,1639.9,1,1639.9,2.0,0.0,2.28,241,2386.49,1,0.0,0,Potential Customers
CUST111896,0.0,0,0.0,1.0,0.0,4.08,400,245.58,1,0.0,2,At-Risk Customers
CUST111897,1420.01,1,1420.01,3.0,2.0,6.37,312,1861.91,1,1.0,1,Loyal Customers
CUST111898,0.0,0,0.0,10.0,2.0,23.312000000000044,400,19.74,1,1.0,1,Loyal Customers
CUST111899,582.06,1,582.06,3.0,0.0,5.28,229,1099.38,1,0.0,0,Potential Customers
CUST111900,6070.2,2,3035.1,1.0,0.0,4.02,13,7698.71,1,0.0,3,High Value Customers
CUST111901,1274.69,3,424.8966666666667,2.0,0.0,6.57,70,2171.33,1,0.0,0,Potential Customers
CUST111902,1655.86,2,827.93,5.0,0.0,5.03,184,2277.18,1,0.0,0,Potential Customers
CUST111903,1897.06,1,1897.06,2.0,0.0,5.75,215,2513.58,1,0.0,0,Potential Customers
CUST111904,1283.63,2,641.815,10.0,0.0,3.78,281,2312.23,1,0.0,0,Potential Customers
CUST111905,4971.84,3,1657.28,2.0,0.0,7.5,229,5983.37,1,1.0,3,High Value Customers
CUST111906,287.02,1,287.02,3.0,3.0,3.4,157,801.52,1,1.0,1,Loyal Customers
CUST111907,4650.0,2,2325.0,6.0,0.0,5.02,37,5505.25,1,0.0,0,Potential Customers
CUST111908,1361.93,1,1361.93,1.0,0.0,4.67,173,1886.41,1,1.0,0,Potential Customers
CUST111909,1990.11,1,1990.11,4.0,0.0,4.36,354,2306.69,1,0.0,0,Potential Customers
CUST111910,9509.46,2,4754.73,1.0,0.0,3.22,167,11805.84,1,0.0,3,High Value Customers
CUST111911,3472.46,2,1736.23,2.0,0.0,8.86,233,4793.42,1,0.0,0,Potential Customers
CUST111912,8182.75,4,2045.6875,3.0,0.0,10.63,233,10384.3,1,0.0,3,High Value Customers
CUST111913,3327.76,1,3327.76,4.0,0.0,15.69,208,4458.79,1,1.0,0,Potential Customers
CUST111914,1365.09,1,1365.09,1.0,0.0,4.44,339,1759.26,1,0.0,0,Potential Customers
CUST111915,2388.11,1,2388.11,6.0,0.0,4.76,27,3097.44,1,0.0,0,Potential Customers
CUST111916,4907.97,2,2453.985,1.0,2.0,4.97,273,5599.55,1,0.0,1,Loyal Customers
CUST111917,1981.41,1,1981.41,1.0,0.0,2.34,169,2707.6,1,0.0,0,Potential Customers
CUST111918,0.0,0,0.0,6.0,3.0,7.54,400,46.21,1,1.0,1,Loyal Customers
CUST111919,8621.77,3,2873.9233333333336,1.0,0.0,3.37,16,12021.47,1,0.0,3,High Value Customers
CUST111920,4963.78,2,2481.89,5.0,0.0,6.15,34,6512.42,1,0.0,3,High Value Customers
CUST111921,1829.36,1,1829.36,0.0,0.0,1.81,77,2650.92,1,0.0,0,Potential Customers
CUST111922,2092.73,1,2092.73,2.0,0.0,6.04,359,2817.8,1,0.0,0,Potential Customers
CUST111923,3843.8,2,1921.9,5.0,0.0,10.0,340,4951.37,1,0.0,0,Potential Customers
CUST111924,256.34,1,256.34,0.0,0.0,2.59,336,669.63,1,0.0,2,At-Risk Customers
CUST111925,0.0,0,0.0,3.0,0.0,3.01,400,0.0,1,0.0,2,At-Risk Customers
CUST111926,2439.92,1,2439.92,2.0,0.0,2.96,78,2883.34,1,0.0,0,Potential Customers
CUST111927,2887.54,2,1443.77,4.0,3.0,2.96,170,3730.69,1,0.0,1,Loyal Customers
CUST111928,1984.39,2,992.195,2.0,0.0,10.55,153,3017.75,1,1.0,0,Potential Customers
CUST111929,621.33,1,621.33,2.0,0.0,4.5,317,885.6,1,0.0,2,At-Risk Customers
CUST111930,2913.47,1,2913.47,1.0,0.0,2.12,110,3683.47,1,1.0,0,Potential Customers
CUST111931,2055.93,1,2055.93,2.0,0.0,2.35,46,2992.43,1,0.0,0,Potential Customers
CUST111932,0.0,0,0.0,0.0,0.0,1.0,400,98.72,1,0.0,2,At-Risk Customers
CUST111933,0.0,0,0.0,2.0,0.0,2.44,400,79.37,1,0.0,2,At-Risk Customers
CUST111934,2176.29,1,2176.29,3.0,0.0,1.73,125,2364.33,1,0.0,0,Potential Customers
CUST111935,3412.92,2,1706.46,0.0,0.0,1.79,24,4284.21,1,0.0,0,Potential Customers
CUST111936,0.0,0,0.0,3.0,0.0,3.11,400,0.0,1,1.0,2,At-Risk Customers
CUST111937,2798.35,1,2798.35,2.0,0.0,1.96,128,3707.11,1,0.0,0,Potential Customers
CUST111938,0.0,0,0.0,2.0,0.0,3.73,400,32.54,1,0.0,2,At-Risk Customers
CUST111939,0.0,0,0.0,2.0,0.0,5.36,400,0.0,1,0.0,2,At-Risk Customers
CUST111940,0.0,0,0.0,3.0,0.0,5.12,400,50.92,1,0.0,2,At-Risk Customers
CUST111941,965.3,1,965.3,1.0,0.0,4.82,168,1585.63,1,0.0,0,Potential Customers
CUST111942,1298.62,1,1298.62,2.0,0.0,0.76,53,1570.79,1,0.0,0,Potential Customers
CUST111943,7564.22,3,2521.4066666666668,2.0,0.0,2.91,56,8775.62,1,0.0,3,High Value Customers
CUST111944,2433.67,1,2433.67,1.0,0.0,9.93,81,3397.35,1,0.0,0,Potential Customers
CUST111945,1899.42,1,1899.42,4.0,0.0,18.09,133,2622.14,1,0.0,0,Potential Customers
CUST111946,6430.84,2,3215.42,2.0,0.0,7.14,214,7266.73,1,0.0,3,High Value Customers
CUST111947,496.96,1,496.96,2.0,0.0,4.23,289,858.21,1,1.0,2,At-Risk Customers
CUST111948,4056.21,3,1352.07,0.0,0.0,2.26,249,4499.94,1,0.0,0,Potential Customers
CUST111949,340.89,1,340.89,1.0,0.0,9.73,82,329.55,1,0.0,0,Potential Customers
CUST111950,5275.76,2,2637.88,1.0,0.0,3.64,74,7161.42,1,0.0,3,High Value Customers
CUST111951,0.0,0,0.0,3.0,0.0,3.41,400,0.0,1,0.0,2,At-Risk Customers
CUST111952,0.0,0,0.0,3.0,0.0,9.06,400,0.0,1,0.0,2,At-Risk Customers
CUST111953,2818.93,2,1409.465,2.0,0.0,0.76,130,4112.31,1,0.0,0,Potential Customers
CUST111954,0.0,0,0.0,0.0,0.0,3.86,400,0.0,1,0.0,2,At-Risk Customers
CUST111955,3646.8,2,1823.4,1.0,0.0,1.44,347,4946.94,1,0.0,0,Potential Customers
CUST111956,3734.52,2,1867.26,1.0,0.0,5.97,200,4918.52,1,1.0,0,Potential Customers
CUST111957,4376.63,2,2188.315,3.0,0.0,12.58,343,5583.33,1,1.0,0,Potential Customers
CUST111958,6766.37,2,3383.185,3.0,0.0,5.73,241,8685.19,1,0.0,3,High Value Customers
CUST111959,2343.48,1,2343.48,4.0,0.0,16.1,69,2776.24,1,0.0,0,Potential Customers
CUST111960,2106.66,1,2106.66,1.0,0.0,4.69,37,2880.12,1,1.0,0,Potential Customers
CUST111961,0.0,0,0.0,2.0,0.0,11.14,400,0.0,1,0.0,2,At-Risk Customers
CUST111962,0.0,0,0.0,1.0,0.0,1.33,400,185.82,1,0.0,2,At-Risk Customers
CUST111963,7757.26,3,2585.7533333333336,2.0,2.0,4.7,288,10597.82,1,0.0,3,High Value Customers
CUST111964,0.0,0,0.0,1.0,0.0,1.6,400,71.41,1,1.0,2,At-Risk Customers
CUST111965,2080.28,1,2080.28,1.0,0.0,5.3,25,2856.72,1,1.0,0,Potential Customers
CUST111966,0.0,0,0.0,1.0,0.0,3.24,400,72.58,1,0.0,2,At-Risk Customers
CUST111967,3520.5,2,1760.25,4.0,0.0,3.53,278,5417.98,1,0.0,0,Potential Customers
CUST111968,0.0,0,0.0,2.0,0.0,3.49,400,11.66,1,0.0,2,At-Risk Customers
CUST111969,1955.02,1,1955.02,2.0,0.0,8.45,67,2807.7,1,0.0,0,Potential Customers
CUST111970,2207.72,3,735.9066666666666,0.0,1.0,4.64,287,3747.85,1,0.0,0,Potential Customers
CUST111971,762.49,1,762.49,3.0,0.0,4.63,180,1288.01,1,0.0,0,Potential Customers
CUST111972,0.0,0,0.0,2.0,0.0,4.1,400,0.0,1,0.0,2,At-Risk Customers
CUST111973,1967.19,2,983.595,1.0,2.0,6.7,244,2798.54,1,0.0,1,Loyal Customers
CUST111974,3778.22,1,3778.22,1.0,0.0,3.48,250,4248.49,1,0.0,0,Potential Customers
CUST111975,2249.79,1,2249.79,2.0,0.0,1.87,236,3278.53,1,0.0,0,Potential Customers
CUST111976,0.0,0,0.0,1.0,0.0,7.94,400,0.0,1,0.0,2,At-Risk Customers
CUST111977,5411.59,2,2705.795,2.0,0.0,2.98,250,7795.94,1,0.0,3,High Value Customers
CUST111978,283.04,1,283.04,1.0,0.0,4.93,330,468.79,1,0.0,2,At-Risk Customers
CUST111979,1965.6,1,1965.6,3.0,0.0,6.92,227,2218.08,1,0.0,0,Potential Customers
CUST111980,3559.32,1,3559.32,2.0,0.0,1.92,37,5161.91,1,0.0,0,Potential Customers
CUST111981,0.0,0,0.0,2.0,3.0,2.29,400,279.7,1,0.0,1,Loyal Customers
CUST111982,2474.58,2,1237.29,0.0,0.0,1.49,192,3508.42,1,0.0,0,Potential Customers
CUST111983,541.6,1,541.6,2.0,0.0,3.18,104,850.71,1,0.0,0,Potential Customers
CUST111984,0.0,0,0.0,6.0,0.0,8.5,400,132.78,1,0.0,2,At-Risk Customers
CUST111985,0.0,0,0.0,3.0,0.0,3.99,400,0.0,1,0.0,2,At-Risk Customers
CUST111986,278.26,1,278.26,2.0,0.0,10.91,305,578.39,1,0.0,2,At-Risk Customers
CUST111987,1500.65,1,1500.65,4.0,0.0,5.09,321,2140.19,1,0.0,0,Potential Customers
CUST111988,4070.11,2,2035.055,1.0,0.0,2.72,355,5251.42,1,0.0,0,Potential Customers
CUST111989,7553.37,3,2517.79,2.0,0.0,2.52,130,9456.03,1,0.0,3,High Value Customers
CUST111990,2086.02,1,2086.02,6.0,0.0,12.28,275,2829.44,1,0.0,0,Potential Customers
CUST111991,7080.53,3,2360.1766666666667,6.0,0.0,7.01,9,9774.57,1,0.0,3,High Value Customers
CUST111992,0.0,0,0.0,2.0,1.0,3.57,400,75.72,1,0.0,2,At-Risk Customers
CUST111993,1285.1,1,1285.1,2.0,0.0,4.46,264,1984.11,1,1.0,0,Potential Customers
CUST111994,714.28,2,357.14,1.0,0.0,2.97,326,1538.23,1,0.0,2,At-Risk Customers
CUST111995,3772.38,1,3772.38,1.0,0.0,0.76,209,4503.17,1,0.0,0,Potential Customers
CUST111996,0.0,0,0.0,2.0,0.0,4.31,400,45.5,1,0.0,2,At-Risk Customers
CUST111997,0.0,0,0.0,3.0,0.0,22.808232841509778,400,0.0,1,0.0,2,At-Risk Customers
CUST111998,5897.03,2,2948.515,2.0,0.0,3.15,61,6806.88,1,0.0,3,High Value Customers
CUST111999,0.0,0,0.0,1.0,0.0,1.68,400,102.4,1,0.0,2,At-Risk Customers
